<s> [webpack.Progress] 0% compiling
<s> [webpack.Progress] 10% building 0/0 modules 0 active 
<s> [webpack.Progress] 10% building 0/1 modules 1 active multi D:\Java_project\HYPBlog\blog-cms\node_modules\webpack-dev-server\client\index.js?http://localhost:8079&sockPath=/sockjs-node D:\Java_project\HYPBlog\blog-cms\node_modules\webpack\hot\dev-server.js ./src/main.js
<s> [webpack.Progress] 10% building 1/1 modules 0 active 
<s> [webpack.Progress] 10% building 1/1 modules 0 active 
<s> [webpack.Progress] 10% building 1/2 modules 1 active multi D:\Java_project\HYPBlog\blog-cms\node_modules\webpack\hot\dev-server.js D:\Java_project\HYPBlog\blog-cms\node_modules\webpack-dev-server\client\index.js?http://localhost:8079&sockPath=/sockjs-node ./src/main.js
<s> [webpack.Progress] 10% building 2/2 modules 0 active 
<s> [webpack.Progress] 10% building 2/3 modules 1 active D:\Java_project\HYPBlog\blog-cms\node_modules\webpack\hot\dev-server.js
<s> [webpack.Progress] 10% building 2/4 modules 2 active D:\Java_project\HYPBlog\blog-cms\node_modules\webpack-dev-server\client\index.js?http://localhost:8079&sockPath=/sockjs-node
<s> [webpack.Progress] 10% building 2/5 modules 3 active D:\Java_project\HYPBlog\blog-cms\node_modules\cache-loader\dist\cjs.js??ref--12-0!D:\Java_project\HYPBlog\blog-cms\node_modules\babel-loader\lib\index.js!D:\Java_project\HYPBlog\blog-cms\src\main.js
<s> [webpack.Progress] 10% building 3/5 modules 2 active D:\Java_project\HYPBlog\blog-cms\node_modules\cache-loader\dist\cjs.js??ref--12-0!D:\Java_project\HYPBlog\blog-cms\node_modules\babel-loader\lib\index.js!D:\Java_project\HYPBlog\blog-cms\src\main.js
<s> [webpack.Progress] 10% building 4/5 modules 1 active D:\Java_project\HYPBlog\blog-cms\node_modules\cache-loader\dist\cjs.js??ref--12-0!D:\Java_project\HYPBlog\blog-cms\node_modules\babel-loader\lib\index.js!D:\Java_project\HYPBlog\blog-cms\src\main.js
<s> [webpack.Progress] 10% building 5/5 modules 0 active 
<s> [webpack.Progress] 40% building 5/5 modules 0 active 
<s> [webpack.Progress] 40% building 5/6 modules 1 active D:\Java_project\HYPBlog\blog-cms\node_modules\webpack\hot sync nonrecursive /^\.\/log$/
<s> [webpack.Progress] 40% building 5/7 modules 2 active D:\Java_project\HYPBlog\blog-cms\node_modules\webpack\hot\emitter.js
<s> [webpack.Progress] 40% building 5/8 modules 3 active D:\Java_project\HYPBlog\blog-cms\node_modules\webpack\hot\log-apply-result.js
<s> [webpack.Progress] 40% building 5/9 modules 4 active D:\Java_project\HYPBlog\blog-cms\node_modules\webpack\hot\log.js
<s> [webpack.Progress] 40% building 6/9 modules 3 active D:\Java_project\HYPBlog\blog-cms\node_modules\webpack\hot\log.js
<s> [webpack.Progress] 40% building 6/10 modules 4 active D:\Java_project\HYPBlog\blog-cms\node_modules\webpack-dev-server\client\socket.js
<s> [webpack.Progress] 40% building 6/11 modules 5 active D:\Java_project\HYPBlog\blog-cms\node_modules\webpack-dev-server\client\overlay.js
<s> [webpack.Progress] 40% building 6/12 modules 6 active D:\Java_project\HYPBlog\blog-cms\node_modules\cache-loader\dist\cjs.js??ref--12-0!D:\Java_project\HYPBlog\blog-cms\node_modules\babel-loader\lib\index.js!D:\Java_project\HYPBlog\blog-cms\src\util\dateTimeFormatUtils.js
<s> [webpack.Progress] 40% building 6/13 modules 7 active D:\Java_project\HYPBlog\blog-cms\node_modules\webpack-dev-server\client\utils\createSocketUrl.js
<s> [webpack.Progress] 40% building 6/14 modules 8 active D:\Java_project\HYPBlog\blog-cms\node_modules\webpack-dev-server\client\utils\log.js
<s> [webpack.Progress] 40% building 6/15 modules 9 active D:\Java_project\HYPBlog\blog-cms\node_modules\webpack-dev-server\client\utils\sendMessage.js
<s> [webpack.Progress] 40% building 6/16 modules 10 active D:\Java_project\HYPBlog\blog-cms\node_modules\webpack-dev-server\client\utils\reloadApp.js
<s> [webpack.Progress] 40% building 7/16 modules 9 active D:\Java_project\HYPBlog\blog-cms\node_modules\webpack-dev-server\client\utils\reloadApp.js
<s> [webpack.Progress] 40% building 8/16 modules 8 active D:\Java_project\HYPBlog\blog-cms\node_modules\webpack-dev-server\client\utils\reloadApp.js
<s> [webpack.Progress] 40% building 8/17 modules 9 active D:\Java_project\HYPBlog\blog-cms\node_modules\cache-loader\dist\cjs.js??ref--12-0!D:\Java_project\HYPBlog\blog-cms\node_modules\babel-loader\lib\index.js!D:\Java_project\HYPBlog\blog-cms\src\util\directive.js
<s> [webpack.Progress] 40% building 9/17 modules 8 active D:\Java_project\HYPBlog\blog-cms\node_modules\cache-loader\dist\cjs.js??ref--12-0!D:\Java_project\HYPBlog\blog-cms\node_modules\babel-loader\lib\index.js!D:\Java_project\HYPBlog\blog-cms\src\util\directive.js
<s> [webpack.Progress] 40% building 10/17 modules 7 active D:\Java_project\HYPBlog\blog-cms\node_modules\cache-loader\dist\cjs.js??ref--12-0!D:\Java_project\HYPBlog\blog-cms\node_modules\babel-loader\lib\index.js!D:\Java_project\HYPBlog\blog-cms\src\util\directive.js
<s> [webpack.Progress] 40% building 11/17 modules 6 active D:\Java_project\HYPBlog\blog-cms\node_modules\cache-loader\dist\cjs.js??ref--12-0!D:\Java_project\HYPBlog\blog-cms\node_modules\babel-loader\lib\index.js!D:\Java_project\HYPBlog\blog-cms\src\util\directive.js
<s> [webpack.Progress] 40% building 12/17 modules 5 active D:\Java_project\HYPBlog\blog-cms\node_modules\cache-loader\dist\cjs.js??ref--12-0!D:\Java_project\HYPBlog\blog-cms\node_modules\babel-loader\lib\index.js!D:\Java_project\HYPBlog\blog-cms\src\util\directive.js
<s> [webpack.Progress] 40% building 12/18 modules 6 active D:\Java_project\HYPBlog\blog-cms\node_modules\vue\dist\vue.runtime.esm.js
<s> [webpack.Progress] 40% building 13/18 modules 5 active D:\Java_project\HYPBlog\blog-cms\node_modules\vue\dist\vue.runtime.esm.js
<s> [webpack.Progress] 40% building 14/18 modules 4 active D:\Java_project\HYPBlog\blog-cms\node_modules\vue\dist\vue.runtime.esm.js
<s> [webpack.Progress] 40% building 14/19 modules 5 active D:\Java_project\HYPBlog\blog-cms\node_modules\cache-loader\dist\cjs.js??ref--0-0!D:\Java_project\HYPBlog\blog-cms\node_modules\vue-loader\lib\index.js??vue-loader-options!D:\Java_project\HYPBlog\blog-cms\src\App.vue
<s> [webpack.Progress] 40% building 15/19 modules 4 active D:\Java_project\HYPBlog\blog-cms\node_modules\cache-loader\dist\cjs.js??ref--0-0!D:\Java_project\HYPBlog\blog-cms\node_modules\vue-loader\lib\index.js??vue-loader-options!D:\Java_project\HYPBlog\blog-cms\src\App.vue
<s> [webpack.Progress] 40% building 16/19 modules 3 active D:\Java_project\HYPBlog\blog-cms\node_modules\cache-loader\dist\cjs.js??ref--0-0!D:\Java_project\HYPBlog\blog-cms\node_modules\vue-loader\lib\index.js??vue-loader-options!D:\Java_project\HYPBlog\blog-cms\src\App.vue
<s> [webpack.Progress] 40% building 17/19 modules 2 active D:\Java_project\HYPBlog\blog-cms\node_modules\cache-loader\dist\cjs.js??ref--0-0!D:\Java_project\HYPBlog\blog-cms\node_modules\vue-loader\lib\index.js??vue-loader-options!D:\Java_project\HYPBlog\blog-cms\src\App.vue
<s> [webpack.Progress] 40% building 17/20 modules 3 active D:\Java_project\HYPBlog\blog-cms\node_modules\webpack-dev-server\client\clients\SockJSClient.js
<s> [webpack.Progress] 40% building 17/21 modules 4 active D:\Java_project\HYPBlog\blog-cms\node_modules\vue-style-loader\index.js??ref--6-oneOf-3-0!D:\Java_project\HYPBlog\blog-cms\node_modules\css-loader\dist\cjs.js??ref--6-oneOf-3-1!D:\Java_project\HYPBlog\blog-cms\node_modules\postcss-loader\src\index.js??ref--6-oneOf-3-2!D:\Java_project\HYPBlog\blog-cms\node_modules\normalize.css\normalize.css
<s> [webpack.Progress] 40% building 18/21 modules 3 active D:\Java_project\HYPBlog\blog-cms\node_modules\webpack-dev-server\client\clients\SockJSClient.js
<s> [webpack.Progress] 40% building 18/22 modules 4 active D:\Java_project\HYPBlog\blog-cms\node_modules\css-loader\dist\cjs.js??ref--6-oneOf-3-1!D:\Java_project\HYPBlog\blog-cms\node_modules\postcss-loader\src\index.js??ref--6-oneOf-3-2!D:\Java_project\HYPBlog\blog-cms\node_modules\normalize.css\normalize.css
<s> [webpack.Progress] 40% building 19/22 modules 3 active D:\Java_project\HYPBlog\blog-cms\node_modules\css-loader\dist\cjs.js??ref--6-oneOf-3-1!D:\Java_project\HYPBlog\blog-cms\node_modules\postcss-loader\src\index.js??ref--6-oneOf-3-2!D:\Java_project\HYPBlog\blog-cms\node_modules\normalize.css\normalize.css
<s> [webpack.Progress] 40% building 19/23 modules 4 active D:\Java_project\HYPBlog\blog-cms\node_modules\webpack\buildin\global.js
<s> [webpack.Progress] 40% building 20/23 modules 3 active D:\Java_project\HYPBlog\blog-cms\node_modules\webpack\buildin\global.js
<s> [webpack.Progress] 40% building 20/24 modules 4 active D:\Java_project\HYPBlog\blog-cms\node_modules\vue-style-loader\index.js??ref--8-oneOf-3-0!D:\Java_project\HYPBlog\blog-cms\node_modules\css-loader\dist\cjs.js??ref--8-oneOf-3-1!D:\Java_project\HYPBlog\blog-cms\node_modules\postcss-loader\src\index.js??ref--8-oneOf-3-2!D:\Java_project\HYPBlog\blog-cms\node_modules\sass-loader\dist\cjs.js??ref--8-oneOf-3-3!D:\Java_project\HYPBlog\blog-cms\src\assets\styles\index.scss
<s> [webpack.Progress] 40% building 21/24 modules 3 active D:\Java_project\HYPBlog\blog-cms\node_modules\webpack\buildin\global.js
<s> [webpack.Progress] 40% building 21/25 modules 4 active D:\Java_project\HYPBlog\blog-cms\node_modules\css-loader\dist\cjs.js??ref--8-oneOf-3-1!D:\Java_project\HYPBlog\blog-cms\node_modules\postcss-loader\src\index.js??ref--8-oneOf-3-2!D:\Java_project\HYPBlog\blog-cms\node_modules\sass-loader\dist\cjs.js??ref--8-oneOf-3-3!D:\Java_project\HYPBlog\blog-cms\src\assets\styles\index.scss
<s> [webpack.Progress] 40% building 21/26 modules 5 active D:\Java_project\HYPBlog\blog-cms\node_modules\vue-style-loader\index.js??ref--6-oneOf-3-0!D:\Java_project\HYPBlog\blog-cms\node_modules\css-loader\dist\cjs.js??ref--6-oneOf-3-1!D:\Java_project\HYPBlog\blog-cms\node_modules\postcss-loader\src\index.js??ref--6-oneOf-3-2!D:\Java_project\HYPBlog\blog-cms\node_modules\viewerjs\dist\viewer.css
<s> [webpack.Progress] 40% building 22/26 modules 4 active D:\Java_project\HYPBlog\blog-cms\node_modules\css-loader\dist\cjs.js??ref--8-oneOf-3-1!D:\Java_project\HYPBlog\blog-cms\node_modules\postcss-loader\src\index.js??ref--8-oneOf-3-2!D:\Java_project\HYPBlog\blog-cms\node_modules\sass-loader\dist\cjs.js??ref--8-oneOf-3-3!D:\Java_project\HYPBlog\blog-cms\src\assets\styles\index.scss
<s> [webpack.Progress] 40% building 22/27 modules 5 active D:\Java_project\HYPBlog\blog-cms\node_modules\css-loader\dist\cjs.js??ref--6-oneOf-3-1!D:\Java_project\HYPBlog\blog-cms\node_modules\postcss-loader\src\index.js??ref--6-oneOf-3-2!D:\Java_project\HYPBlog\blog-cms\node_modules\viewerjs\dist\viewer.css
<s> [webpack.Progress] 40% building 22/28 modules 6 active D:\Java_project\HYPBlog\blog-cms\node_modules\events\events.js
<s> [webpack.Progress] 40% building 22/29 modules 7 active D:\Java_project\HYPBlog\blog-cms\node_modules\vue-style-loader\index.js??ref--6-oneOf-3-0!D:\Java_project\HYPBlog\blog-cms\node_modules\css-loader\dist\cjs.js??ref--6-oneOf-3-1!D:\Java_project\HYPBlog\blog-cms\node_modules\postcss-loader\src\index.js??ref--6-oneOf-3-2!D:\Java_project\HYPBlog\blog-cms\node_modules\mavon-editor\dist\css\index.css
<s> [webpack.Progress] 40% building 23/29 modules 6 active D:\Java_project\HYPBlog\blog-cms\node_modules\events\events.js
<s> [webpack.Progress] 40% building 23/30 modules 7 active D:\Java_project\HYPBlog\blog-cms\node_modules\css-loader\dist\cjs.js??ref--6-oneOf-3-1!D:\Java_project\HYPBlog\blog-cms\node_modules\postcss-loader\src\index.js??ref--6-oneOf-3-2!D:\Java_project\HYPBlog\blog-cms\node_modules\mavon-editor\dist\css\index.css
<s> [webpack.Progress] 40% building 24/30 modules 6 active D:\Java_project\HYPBlog\blog-cms\node_modules\css-loader\dist\cjs.js??ref--6-oneOf-3-1!D:\Java_project\HYPBlog\blog-cms\node_modules\postcss-loader\src\index.js??ref--6-oneOf-3-2!D:\Java_project\HYPBlog\blog-cms\node_modules\mavon-editor\dist\css\index.css
<s> [webpack.Progress] 40% building 24/31 modules 7 active D:\Java_project\HYPBlog\blog-cms\node_modules\vue-style-loader\index.js??ref--6-oneOf-3-0!D:\Java_project\HYPBlog\blog-cms\node_modules\css-loader\dist\cjs.js??ref--6-oneOf-3-1!D:\Java_project\HYPBlog\blog-cms\node_modules\postcss-loader\src\index.js??ref--6-oneOf-3-2!D:\Java_project\HYPBlog\blog-cms\node_modules\element-ui\lib\theme-chalk\index.css
<s> [webpack.Progress] 40% building 25/31 modules 6 active D:\Java_project\HYPBlog\blog-cms\node_modules\css-loader\dist\cjs.js??ref--6-oneOf-3-1!D:\Java_project\HYPBlog\blog-cms\node_modules\postcss-loader\src\index.js??ref--6-oneOf-3-2!D:\Java_project\HYPBlog\blog-cms\node_modules\mavon-editor\dist\css\index.css
<s> [webpack.Progress] 40% building 25/32 modules 7 active D:\Java_project\HYPBlog\blog-cms\node_modules\css-loader\dist\cjs.js??ref--6-oneOf-3-1!D:\Java_project\HYPBlog\blog-cms\node_modules\postcss-loader\src\index.js??ref--6-oneOf-3-2!D:\Java_project\HYPBlog\blog-cms\node_modules\element-ui\lib\theme-chalk\index.css
<s> [webpack.Progress] 40% building 25/33 modules 8 active D:\Java_project\HYPBlog\blog-cms\node_modules\webpack-dev-server\client\utils\getCurrentScriptSource.js
<s> [webpack.Progress] 40% building 26/33 modules 7 active D:\Java_project\HYPBlog\blog-cms\node_modules\webpack-dev-server\client\utils\getCurrentScriptSource.js
<s> [webpack.Progress] 40% building 26/34 modules 8 active D:\Java_project\HYPBlog\blog-cms\node_modules\url\url.js
<s> [webpack.Progress] 40% building 27/34 modules 7 active D:\Java_project\HYPBlog\blog-cms\node_modules\url\url.js
<s> [webpack.Progress] 40% building 27/35 modules 8 active D:\Java_project\HYPBlog\blog-cms\node_modules\vue-loader\lib\loaders\pitcher.js??ref--4!D:\Java_project\HYPBlog\blog-cms\node_modules\cache-loader\dist\cjs.js??ref--0-0!D:\Java_project\HYPBlog\blog-cms\node_modules\vue-loader\lib\index.js??vue-loader-options!D:\Java_project\HYPBlog\blog-cms\src\App.vue?vue&type=template&id=7ba5bd90
<s> [webpack.Progress] 40% building 28/35 modules 7 active D:\Java_project\HYPBlog\blog-cms\node_modules\url\url.js
<s> [webpack.Progress] 40% building 28/36 modules 8 active D:\Java_project\HYPBlog\blog-cms\node_modules\vue-loader\lib\loaders\pitcher.js??ref--4!D:\Java_project\HYPBlog\blog-cms\node_modules\cache-loader\dist\cjs.js??ref--12-0!D:\Java_project\HYPBlog\blog-cms\node_modules\babel-loader\lib\index.js!D:\Java_project\HYPBlog\blog-cms\node_modules\cache-loader\dist\cjs.js??ref--0-0!D:\Java_project\HYPBlog\blog-cms\node_modules\vue-loader\lib\index.js??vue-loader-options!D:\Java_project\HYPBlog\blog-cms\src\App.vue?vue&type=script&lang=js
<s> [webpack.Progress] 40% building 29/36 modules 7 active D:\Java_project\HYPBlog\blog-cms\node_modules\url\url.js
<s> [webpack.Progress] 40% building 29/37 modules 8 active D:\Java_project\HYPBlog\blog-cms\node_modules\cache-loader\dist\cjs.js??ref--12-0!D:\Java_project\HYPBlog\blog-cms\node_modules\babel-loader\lib\index.js!D:\Java_project\HYPBlog\blog-cms\node_modules\cache-loader\dist\cjs.js??ref--0-0!D:\Java_project\HYPBlog\blog-cms\node_modules\vue-loader\lib\index.js??vue-loader-options!D:\Java_project\HYPBlog\blog-cms\src\App.vue?vue&type=script&lang=js
<s> [webpack.Progress] 40% building 30/37 modules 7 active D:\Java_project\HYPBlog\blog-cms\node_modules\cache-loader\dist\cjs.js??ref--12-0!D:\Java_project\HYPBlog\blog-cms\node_modules\babel-loader\lib\index.js!D:\Java_project\HYPBlog\blog-cms\node_modules\cache-loader\dist\cjs.js??ref--0-0!D:\Java_project\HYPBlog\blog-cms\node_modules\vue-loader\lib\index.js??vue-loader-options!D:\Java_project\HYPBlog\blog-cms\src\App.vue?vue&type=script&lang=js
<s> [webpack.Progress] 40% building 31/37 modules 6 active D:\Java_project\HYPBlog\blog-cms\node_modules\cache-loader\dist\cjs.js??ref--12-0!D:\Java_project\HYPBlog\blog-cms\node_modules\babel-loader\lib\index.js!D:\Java_project\HYPBlog\blog-cms\node_modules\cache-loader\dist\cjs.js??ref--0-0!D:\Java_project\HYPBlog\blog-cms\node_modules\vue-loader\lib\index.js??vue-loader-options!D:\Java_project\HYPBlog\blog-cms\src\App.vue?vue&type=script&lang=js
<s> [webpack.Progress] 40% building 31/38 modules 7 active D:\Java_project\HYPBlog\blog-cms\node_modules\vue-style-loader\lib\addStylesClient.js
<s> [webpack.Progress] 40% building 32/38 modules 6 active D:\Java_project\HYPBlog\blog-cms\node_modules\vue-style-loader\lib\addStylesClient.js
<s> [webpack.Progress] 40% building 32/39 modules 7 active D:\Java_project\HYPBlog\blog-cms\node_modules\core-js\modules\esnext.iterator.constructor.js
<s> [webpack.Progress] 40% building 32/40 modules 8 active D:\Java_project\HYPBlog\blog-cms\node_modules\core-js\modules\esnext.iterator.filter.js
<s> [webpack.Progress] 40% building 32/41 modules 9 active D:\Java_project\HYPBlog\blog-cms\node_modules\mavon-editor\dist\mavon-editor.js
<s> [webpack.Progress] 40% building 32/42 modules 10 active D:\Java_project\HYPBlog\blog-cms\node_modules\element-ui\lib\element-ui.common.js
<s> [webpack.Progress] 40% building 33/42 modules 9 active D:\Java_project\HYPBlog\blog-cms\node_modules\element-ui\lib\element-ui.common.js
<s> [webpack.Progress] 40% building 33/43 modules 10 active D:\Java_project\HYPBlog\blog-cms\node_modules\cache-loader\dist\cjs.js?{"cacheDirectory":"node_modules/.cache/vue-loader","cacheIdentifier":"b828289e-vue-loader-template"}!D:\Java_project\HYPBlog\blog-cms\node_modules\vue-loader\lib\loaders\templateLoader.js??vue-loader-options!D:\Java_project\HYPBlog\blog-cms\node_modules\cache-loader\dist\cjs.js??ref--0-0!D:\Java_project\HYPBlog\blog-cms\node_modules\vue-loader\lib\index.js??vue-loader-options!D:\Java_project\HYPBlog\blog-cms\src\App.vue?vue&type=template&id=7ba5bd90
<s> [webpack.Progress] 40% building 34/43 modules 9 active D:\Java_project\HYPBlog\blog-cms\node_modules\cache-loader\dist\cjs.js?{"cacheDirectory":"node_modules/.cache/vue-loader","cacheIdentifier":"b828289e-vue-loader-template"}!D:\Java_project\HYPBlog\blog-cms\node_modules\vue-loader\lib\loaders\templateLoader.js??vue-loader-options!D:\Java_project\HYPBlog\blog-cms\node_modules\cache-loader\dist\cjs.js??ref--0-0!D:\Java_project\HYPBlog\blog-cms\node_modules\vue-loader\lib\index.js??vue-loader-options!D:\Java_project\HYPBlog\blog-cms\src\App.vue?vue&type=template&id=7ba5bd90
<s> [webpack.Progress] 40% building 34/44 modules 10 active D:\Java_project\HYPBlog\blog-cms\node_modules\vue-loader\lib\runtime\componentNormalizer.js
<s> [webpack.Progress] 40% building 35/44 modules 9 active D:\Java_project\HYPBlog\blog-cms\node_modules\vue-loader\lib\runtime\componentNormalizer.js
<s> [webpack.Progress] 40% building 35/45 modules 10 active D:\Java_project\HYPBlog\blog-cms\node_modules\cache-loader\dist\cjs.js??ref--12-0!D:\Java_project\HYPBlog\blog-cms\node_modules\babel-loader\lib\index.js!D:\Java_project\HYPBlog\blog-cms\src\icons\index.js
<s> [webpack.Progress] 40% building 35/46 modules 11 active D:\Java_project\HYPBlog\blog-cms\node_modules\cache-loader\dist\cjs.js??ref--12-0!D:\Java_project\HYPBlog\blog-cms\node_modules\babel-loader\lib\index.js!D:\Java_project\HYPBlog\blog-cms\src\router\index.js
<s> [webpack.Progress] 40% building 35/47 modules 12 active D:\Java_project\HYPBlog\blog-cms\node_modules\cache-loader\dist\cjs.js??ref--12-0!D:\Java_project\HYPBlog\blog-cms\node_modules\babel-loader\lib\index.js!D:\Java_project\HYPBlog\blog-cms\src\store\index.js
<s> [webpack.Progress] 40% building 36/47 modules 11 active D:\Java_project\HYPBlog\blog-cms\node_modules\cache-loader\dist\cjs.js??ref--12-0!D:\Java_project\HYPBlog\blog-cms\node_modules\babel-loader\lib\index.js!D:\Java_project\HYPBlog\blog-cms\src\store\index.js
<s> [webpack.Progress] 40% building 36/48 modules 12 active D:\Java_project\HYPBlog\blog-cms\node_modules\v-viewer\dist\v-viewer.js
<s> [webpack.Progress] 40% building 37/48 modules 11 active D:\Java_project\HYPBlog\blog-cms\node_modules\v-viewer\dist\v-viewer.js
<s> [webpack.Progress] 40% building 37/49 modules 12 active D:\Java_project\HYPBlog\blog-cms\node_modules\webpack-dev-server\client\clients\BaseClient.js
<s> [webpack.Progress] 40% building 38/49 modules 11 active D:\Java_project\HYPBlog\blog-cms\node_modules\webpack-dev-server\client\clients\BaseClient.js
<s> [webpack.Progress] 40% building 39/49 modules 10 active D:\Java_project\HYPBlog\blog-cms\node_modules\webpack-dev-server\client\clients\BaseClient.js
<s> [webpack.Progress] 40% building 39/50 modules 11 active D:\Java_project\HYPBlog\blog-cms\node_modules\vue-hot-reload-api\dist\index.js
<s> [webpack.Progress] 40% building 39/51 modules 12 active D:\Java_project\HYPBlog\blog-cms\node_modules\css-loader\dist\runtime\api.js
<s> [webpack.Progress] 40% building 39/52 modules 13 active D:\Java_project\HYPBlog\blog-cms\node_modules\css-loader\dist\runtime\getUrl.js
<s> [webpack.Progress] 40% building 40/52 modules 12 active D:\Java_project\HYPBlog\blog-cms\node_modules\css-loader\dist\runtime\getUrl.js
<s> [webpack.Progress] 40% building 41/52 modules 11 active D:\Java_project\HYPBlog\blog-cms\node_modules\css-loader\dist\runtime\getUrl.js
<s> [webpack.Progress] 40% building 42/52 modules 10 active D:\Java_project\HYPBlog\blog-cms\node_modules\css-loader\dist\runtime\getUrl.js
<s> [webpack.Progress] 40% building 42/53 modules 11 active D:\Java_project\HYPBlog\blog-cms\node_modules\webpack-dev-server\node_modules\strip-ansi\index.js
<s> [webpack.Progress] 40% building 43/53 modules 10 active D:\Java_project\HYPBlog\blog-cms\node_modules\webpack-dev-server\node_modules\strip-ansi\index.js
<s> [webpack.Progress] 40% building 44/53 modules 9 active D:\Java_project\HYPBlog\blog-cms\node_modules\webpack-dev-server\node_modules\strip-ansi\index.js
<s> [webpack.Progress] 40% building 45/53 modules 8 active D:\Java_project\HYPBlog\blog-cms\node_modules\webpack-dev-server\node_modules\strip-ansi\index.js
<s> [webpack.Progress] 40% building 46/53 modules 7 active D:\Java_project\HYPBlog\blog-cms\node_modules\webpack-dev-server\node_modules\strip-ansi\index.js
<s> [webpack.Progress] 40% building 47/53 modules 6 active D:\Java_project\HYPBlog\blog-cms\node_modules\webpack-dev-server\node_modules\strip-ansi\index.js
<s> [webpack.Progress] 40% building 48/53 modules 5 active D:\Java_project\HYPBlog\blog-cms\node_modules\webpack-dev-server\node_modules\strip-ansi\index.js
<s> [webpack.Progress] 40% building 48/54 modules 6 active D:\Java_project\HYPBlog\blog-cms\src\icons\svg sync nonrecursive /\.svg$/
<s> [webpack.Progress] 40% building 49/54 modules 5 active D:\Java_project\HYPBlog\blog-cms\src\icons\svg sync nonrecursive /\.svg$/
<s> [webpack.Progress] 40% building 49/55 modules 6 active D:\Java_project\HYPBlog\blog-cms\node_modules\core-js\modules\esnext.iterator.map.js
<s> [webpack.Progress] 40% building 50/55 modules 5 active D:\Java_project\HYPBlog\blog-cms\node_modules\core-js\modules\esnext.iterator.map.js
<s> [webpack.Progress] 40% building 51/55 modules 4 active D:\Java_project\HYPBlog\blog-cms\node_modules\core-js\modules\esnext.iterator.map.js
<s> [webpack.Progress] 40% building 51/56 modules 5 active D:\Java_project\HYPBlog\blog-cms\node_modules\ansi-html-community\index.js
<s> [webpack.Progress] 40% building 52/56 modules 4 active D:\Java_project\HYPBlog\blog-cms\node_modules\ansi-html-community\index.js
<s> [webpack.Progress] 40% building 53/56 modules 3 active D:\Java_project\HYPBlog\blog-cms\node_modules\ansi-html-community\index.js
<s> [webpack.Progress] 40% building 53/57 modules 4 active D:\Java_project\HYPBlog\blog-cms\node_modules\vue-style-loader\lib\listToStyles.js
<s> [webpack.Progress] 40% building 53/58 modules 5 active D:\Java_project\HYPBlog\blog-cms\node_modules\moment\moment.js
<s> [webpack.Progress] 40% building 53/59 modules 6 active D:\Java_project\HYPBlog\blog-cms\node_modules\node-libs-browser\node_modules\punycode\punycode.js
<s> [webpack.Progress] 40% building 53/60 modules 7 active D:\Java_project\HYPBlog\blog-cms\node_modules\html-entities\lib\index.js
<s> [webpack.Progress] 40% building 53/61 modules 8 active D:\Java_project\HYPBlog\blog-cms\node_modules\file-loader\dist\cjs.js??ref--2-0!D:\Java_project\HYPBlog\blog-cms\node_modules\mavon-editor\dist\font\fontello.svg
<s> [webpack.Progress] 40% building 53/62 modules 9 active D:\Java_project\HYPBlog\blog-cms\node_modules\url-loader\dist\cjs.js??ref--4-0!D:\Java_project\HYPBlog\blog-cms\node_modules\mavon-editor\dist\font\fontello.eot
<s> [webpack.Progress] 40% building 53/63 modules 10 active D:\Java_project\HYPBlog\blog-cms\node_modules\url-loader\dist\cjs.js??ref--4-0!D:\Java_project\HYPBlog\blog-cms\node_modules\mavon-editor\dist\font\fontello.woff2
<s> [webpack.Progress] 40% building 53/64 modules 11 active D:\Java_project\HYPBlog\blog-cms\node_modules\url-loader\dist\cjs.js??ref--4-0!D:\Java_project\HYPBlog\blog-cms\node_modules\mavon-editor\dist\font\fontello.woff
<s> [webpack.Progress] 40% building 53/65 modules 12 active D:\Java_project\HYPBlog\blog-cms\node_modules\url-loader\dist\cjs.js??ref--4-0!D:\Java_project\HYPBlog\blog-cms\node_modules\mavon-editor\dist\font\fontello.ttf
<s> [webpack.Progress] 40% building 53/66 modules 13 active D:\Java_project\HYPBlog\blog-cms\node_modules\url-loader\dist\cjs.js??ref--4-0!D:\Java_project\HYPBlog\blog-cms\node_modules\element-ui\lib\theme-chalk\fonts\element-icons.woff
<s> [webpack.Progress] 40% building 53/67 modules 14 active D:\Java_project\HYPBlog\blog-cms\node_modules\url-loader\dist\cjs.js??ref--4-0!D:\Java_project\HYPBlog\blog-cms\node_modules\element-ui\lib\theme-chalk\fonts\element-icons.ttf
<s> [webpack.Progress] 40% building 53/68 modules 15 active D:\Java_project\HYPBlog\blog-cms\node_modules\core-js\internals\export.js
<s> [webpack.Progress] 40% building 53/69 modules 16 active D:\Java_project\HYPBlog\blog-cms\node_modules\core-js\internals\global.js
<s> [webpack.Progress] 40% building 53/70 modules 17 active D:\Java_project\HYPBlog\blog-cms\node_modules\core-js\internals\create-non-enumerable-property.js
<s> [webpack.Progress] 40% building 53/71 modules 18 active D:\Java_project\HYPBlog\blog-cms\node_modules\core-js\internals\an-instance.js
<s> [webpack.Progress] 40% building 53/72 modules 19 active D:\Java_project\HYPBlog\blog-cms\node_modules\core-js\internals\fails.js
<s> [webpack.Progress] 40% building 53/73 modules 20 active D:\Java_project\HYPBlog\blog-cms\node_modules\core-js\internals\has.js
<s> [webpack.Progress] 40% building 53/74 modules 21 active D:\Java_project\HYPBlog\blog-cms\node_modules\core-js\internals\well-known-symbol.js
<s> [webpack.Progress] 40% building 53/75 modules 22 active D:\Java_project\HYPBlog\blog-cms\node_modules\core-js\internals\a-function.js
<s> [webpack.Progress] 40% building 53/76 modules 23 active D:\Java_project\HYPBlog\blog-cms\node_modules\core-js\internals\is-pure.js
<s> [webpack.Progress] 40% building 53/77 modules 24 active D:\Java_project\HYPBlog\blog-cms\node_modules\core-js\internals\iterators-core.js
<s> [webpack.Progress] 40% building 53/78 modules 25 active D:\Java_project\HYPBlog\blog-cms\node_modules\core-js\internals\iterator-create-proxy.js
<s> [webpack.Progress] 40% building 53/79 modules 26 active D:\Java_project\HYPBlog\blog-cms\node_modules\core-js\internals\call-with-safe-iteration-closing.js
<s> [webpack.Progress] 40% building 53/80 modules 27 active D:\Java_project\HYPBlog\blog-cms\node_modules\core-js\internals\an-object.js
<s> [webpack.Progress] 40% building 54/80 modules 26 active D:\Java_project\HYPBlog\blog-cms\node_modules\core-js\internals\an-object.js
<s> [webpack.Progress] 40% building 54/81 modules 27 active D:\Java_project\HYPBlog\blog-cms\node_modules\cache-loader\dist\cjs.js??ref--12-0!D:\Java_project\HYPBlog\blog-cms\node_modules\babel-loader\lib\index.js!D:\Java_project\HYPBlog\blog-cms\src\util\get-page-title.js
<s> [webpack.Progress] 40% building 55/81 modules 26 active D:\Java_project\HYPBlog\blog-cms\node_modules\cache-loader\dist\cjs.js??ref--12-0!D:\Java_project\HYPBlog\blog-cms\node_modules\babel-loader\lib\index.js!D:\Java_project\HYPBlog\blog-cms\src\util\get-page-title.js
<s> [webpack.Progress] 40% building 55/82 modules 27 active D:\Java_project\HYPBlog\blog-cms\node_modules\cache-loader\dist\cjs.js??ref--12-0!D:\Java_project\HYPBlog\blog-cms\node_modules\babel-loader\lib\index.js!D:\Java_project\HYPBlog\blog-cms\src\store\getters.js
<s> [webpack.Progress] 40% building 55/83 modules 28 active D:\Java_project\HYPBlog\blog-cms\node_modules\loglevel\lib\loglevel.js
<s> [webpack.Progress] 40% building 56/83 modules 27 active D:\Java_project\HYPBlog\blog-cms\node_modules\loglevel\lib\loglevel.js
<s> [webpack.Progress] 40% building 56/84 modules 28 active D:\Java_project\HYPBlog\blog-cms\node_modules\element-ui\lib\button.js
<s> [webpack.Progress] 40% building 56/85 modules 29 active D:\Java_project\HYPBlog\blog-cms\node_modules\element-ui\lib\input.js
<s> [webpack.Progress] 40% building 56/86 modules 30 active D:\Java_project\HYPBlog\blog-cms\node_modules\element-ui\lib\scrollbar.js
<s> [webpack.Progress] 40% building 56/87 modules 31 active D:\Java_project\HYPBlog\blog-cms\node_modules\element-ui\lib\tooltip.js
<s> [webpack.Progress] 40% building 56/88 modules 32 active D:\Java_project\HYPBlog\blog-cms\node_modules\element-ui\lib\checkbox.js
<s> [webpack.Progress] 40% building 56/89 modules 33 active D:\Java_project\HYPBlog\blog-cms\node_modules\element-ui\lib\popover.js
<s> [webpack.Progress] 40% building 57/89 modules 32 active D:\Java_project\HYPBlog\blog-cms\node_modules\element-ui\lib\popover.js
<s> [webpack.Progress] 40% building 57/90 modules 33 active D:\Java_project\HYPBlog\blog-cms\node_modules\element-ui\lib\radio.js
<s> [webpack.Progress] 40% building 57/91 modules 34 active D:\Java_project\HYPBlog\blog-cms\node_modules\sockjs-client\dist\sockjs.js
<s> [webpack.Progress] 40% building 57/92 modules 35 active D:\Java_project\HYPBlog\blog-cms\node_modules\element-ui\lib\cascader-panel.js
<s> [webpack.Progress] 40% building 58/92 modules 34 active D:\Java_project\HYPBlog\blog-cms\node_modules\element-ui\lib\cascader-panel.js
<s> [webpack.Progress] 40% building 58/93 modules 35 active D:\Java_project\HYPBlog\blog-cms\node_modules\webpack\buildin\module.js
<s> [webpack.Progress] 40% building 59/93 modules 34 active D:\Java_project\HYPBlog\blog-cms\node_modules\element-ui\lib\cascader-panel.js
<s> [webpack.Progress] 40% building 60/93 modules 33 active D:\Java_project\HYPBlog\blog-cms\node_modules\element-ui\lib\cascader-panel.js
<s> [webpack.Progress] 40% building 60/94 modules 34 active D:\Java_project\HYPBlog\blog-cms\node_modules\element-ui\lib\input-number.js
<s> [webpack.Progress] 40% building 60/95 modules 35 active D:\Java_project\HYPBlog\blog-cms\node_modules\cache-loader\dist\cjs.js??ref--12-0!D:\Java_project\HYPBlog\blog-cms\node_modules\babel-loader\lib\index.js!D:\Java_project\HYPBlog\blog-cms\src\store\modules\settings.js
<s> [webpack.Progress] 40% building 60/96 modules 36 active D:\Java_project\HYPBlog\blog-cms\node_modules\cache-loader\dist\cjs.js??ref--12-0!D:\Java_project\HYPBlog\blog-cms\node_modules\babel-loader\lib\index.js!D:\Java_project\HYPBlog\blog-cms\src\store\modules\app.js
<s> [webpack.Progress] 40% building 61/96 modules 35 active D:\Java_project\HYPBlog\blog-cms\node_modules\cache-loader\dist\cjs.js??ref--12-0!D:\Java_project\HYPBlog\blog-cms\node_modules\babel-loader\lib\index.js!D:\Java_project\HYPBlog\blog-cms\src\store\modules\app.js
<s> [webpack.Progress] 40% building 62/96 modules 34 active D:\Java_project\HYPBlog\blog-cms\node_modules\cache-loader\dist\cjs.js??ref--12-0!D:\Java_project\HYPBlog\blog-cms\node_modules\babel-loader\lib\index.js!D:\Java_project\HYPBlog\blog-cms\src\store\modules\app.js
<s> [webpack.Progress] 40% building 63/96 modules 33 active D:\Java_project\HYPBlog\blog-cms\node_modules\cache-loader\dist\cjs.js??ref--12-0!D:\Java_project\HYPBlog\blog-cms\node_modules\babel-loader\lib\index.js!D:\Java_project\HYPBlog\blog-cms\src\store\modules\app.js
<s> [webpack.Progress] 40% building 64/96 modules 32 active D:\Java_project\HYPBlog\blog-cms\node_modules\cache-loader\dist\cjs.js??ref--12-0!D:\Java_project\HYPBlog\blog-cms\node_modules\babel-loader\lib\index.js!D:\Java_project\HYPBlog\blog-cms\src\store\modules\app.js
<s> [webpack.Progress] 40% building 64/97 modules 33 active D:\Java_project\HYPBlog\blog-cms\node_modules\element-ui\lib\mixins\emitter.js
<s> [webpack.Progress] 40% building 64/98 modules 34 active D:\Java_project\HYPBlog\blog-cms\node_modules\element-ui\lib\mixins\locale.js
<s> [webpack.Progress] 40% building 64/99 modules 35 active D:\Java_project\HYPBlog\blog-cms\node_modules\element-ui\lib\mixins\migrating.js
<s> [webpack.Progress] 40% building 64/100 modules 36 active D:\Java_project\HYPBlog\blog-cms\node_modules\element-ui\lib\mixins\focus.js
<s> [webpack.Progress] 40% building 65/100 modules 35 active D:\Java_project\HYPBlog\blog-cms\node_modules\element-ui\lib\mixins\focus.js
<s> [webpack.Progress] 40% building 66/100 modules 34 active D:\Java_project\HYPBlog\blog-cms\node_modules\element-ui\lib\mixins\focus.js
<s> [webpack.Progress] 40% building 67/100 modules 33 active D:\Java_project\HYPBlog\blog-cms\node_modules\element-ui\lib\mixins\focus.js
<s> [webpack.Progress] 40% building 67/101 modules 34 active D:\Java_project\HYPBlog\blog-cms\node_modules\element-ui\lib\utils\date-util.js
<s> [webpack.Progress] 40% building 67/102 modules 35 active D:\Java_project\HYPBlog\blog-cms\node_modules\element-ui\lib\utils\dom.js
<s> [webpack.Progress] 40% building 67/103 modules 36 active D:\Java_project\HYPBlog\blog-cms\node_modules\element-ui\lib\utils\vue-popper.js
<s> [webpack.Progress] 40% building 67/104 modules 37 active D:\Java_project\HYPBlog\blog-cms\node_modules\element-ui\lib\utils\util.js
<s> [webpack.Progress] 40% building 67/105 modules 38 active D:\Java_project\HYPBlog\blog-cms\node_modules\element-ui\lib\utils\merge.js
<s> [webpack.Progress] 40% building 67/106 modules 39 active D:\Java_project\HYPBlog\blog-cms\node_modules\element-ui\lib\utils\shared.js
<s> [webpack.Progress] 40% building 67/107 modules 40 active D:\Java_project\HYPBlog\blog-cms\node_modules\element-ui\lib\utils\clickoutside.js
<s> [webpack.Progress] 40% building 67/108 modules 41 active D:\Java_project\HYPBlog\blog-cms\node_modules\element-ui\lib\utils\resize-event.js
<s> [webpack.Progress] 40% building 67/109 modules 42 active D:\Java_project\HYPBlog\blog-cms\node_modules\element-ui\lib\utils\date.js
<s> [webpack.Progress] 40% building 67/110 modules 43 active D:\Java_project\HYPBlog\blog-cms\node_modules\element-ui\lib\utils\vdom.js
<s> [webpack.Progress] 40% building 67/111 modules 44 active D:\Java_project\HYPBlog\blog-cms\node_modules\element-ui\lib\utils\scroll-into-view.js
<s> [webpack.Progress] 40% building 67/112 modules 45 active D:\Java_project\HYPBlog\blog-cms\node_modules\element-ui\lib\utils\aria-utils.js
<s> [webpack.Progress] 40% building 67/113 modules 46 active D:\Java_project\HYPBlog\blog-cms\node_modules\element-ui\lib\utils\types.js
<s> [webpack.Progress] 40% building 67/114 modules 47 active D:\Java_project\HYPBlog\blog-cms\node_modules\element-ui\lib\transitions\collapse-transition.js
<s> [webpack.Progress] 40% building 68/114 modules 46 active D:\Java_project\HYPBlog\blog-cms\node_modules\element-ui\lib\transitions\collapse-transition.js
<s> [webpack.Progress] 40% building 69/114 modules 45 active D:\Java_project\HYPBlog\blog-cms\node_modules\element-ui\lib\transitions\collapse-transition.js
<s> [webpack.Progress] 40% building 70/114 modules 44 active D:\Java_project\HYPBlog\blog-cms\node_modules\element-ui\lib\transitions\collapse-transition.js
<s> [webpack.Progress] 40% building 71/114 modules 43 active D:\Java_project\HYPBlog\blog-cms\node_modules\element-ui\lib\transitions\collapse-transition.js
<s> [webpack.Progress] 40% building 72/114 modules 42 active D:\Java_project\HYPBlog\blog-cms\node_modules\element-ui\lib\transitions\collapse-transition.js
<s> [webpack.Progress] 40% building 73/114 modules 41 active D:\Java_project\HYPBlog\blog-cms\node_modules\element-ui\lib\transitions\collapse-transition.js
<s> [webpack.Progress] 40% building 74/114 modules 40 active D:\Java_project\HYPBlog\blog-cms\node_modules\element-ui\lib\transitions\collapse-transition.js
<s> [webpack.Progress] 40% building 75/114 modules 39 active D:\Java_project\HYPBlog\blog-cms\node_modules\element-ui\lib\transitions\collapse-transition.js
<s> [webpack.Progress] 40% building 76/114 modules 38 active D:\Java_project\HYPBlog\blog-cms\node_modules\element-ui\lib\transitions\collapse-transition.js
<s> [webpack.Progress] 40% building 77/114 modules 37 active D:\Java_project\HYPBlog\blog-cms\node_modules\element-ui\lib\transitions\collapse-transition.js
<s> [webpack.Progress] 40% building 78/114 modules 36 active D:\Java_project\HYPBlog\blog-cms\node_modules\element-ui\lib\transitions\collapse-transition.js
<s> [webpack.Progress] 40% building 79/114 modules 35 active D:\Java_project\HYPBlog\blog-cms\node_modules\element-ui\lib\transitions\collapse-transition.js
<s> [webpack.Progress] 40% building 79/115 modules 36 active D:\Java_project\HYPBlog\blog-cms\node_modules\moment\locale sync /^\.\/.*$/
<s> [webpack.Progress] 40% building 80/115 modules 35 active D:\Java_project\HYPBlog\blog-cms\node_modules\moment\locale sync /^\.\/.*$/
<s> [webpack.Progress] 40% building 81/115 modules 34 active D:\Java_project\HYPBlog\blog-cms\node_modules\moment\locale sync /^\.\/.*$/
<s> [webpack.Progress] 40% building 82/115 modules 33 active D:\Java_project\HYPBlog\blog-cms\node_modules\moment\locale sync /^\.\/.*$/
<s> [webpack.Progress] 40% building 83/115 modules 32 active D:\Java_project\HYPBlog\blog-cms\node_modules\moment\locale sync /^\.\/.*$/
<s> [webpack.Progress] 40% building 84/115 modules 31 active D:\Java_project\HYPBlog\blog-cms\node_modules\moment\locale sync /^\.\/.*$/
<s> [webpack.Progress] 40% building 85/115 modules 30 active D:\Java_project\HYPBlog\blog-cms\node_modules\moment\locale sync /^\.\/.*$/
<s> [webpack.Progress] 40% building 86/115 modules 29 active D:\Java_project\HYPBlog\blog-cms\node_modules\moment\locale sync /^\.\/.*$/
<s> [webpack.Progress] 40% building 87/115 modules 28 active D:\Java_project\HYPBlog\blog-cms\node_modules\moment\locale sync /^\.\/.*$/
<s> [webpack.Progress] 40% building 88/115 modules 27 active D:\Java_project\HYPBlog\blog-cms\node_modules\moment\locale sync /^\.\/.*$/
<s> [webpack.Progress] 40% building 89/115 modules 26 active D:\Java_project\HYPBlog\blog-cms\node_modules\moment\locale sync /^\.\/.*$/
<s> [webpack.Progress] 40% building 90/115 modules 25 active D:\Java_project\HYPBlog\blog-cms\node_modules\moment\locale sync /^\.\/.*$/
<s> [webpack.Progress] 40% building 90/116 modules 26 active D:\Java_project\HYPBlog\blog-cms\node_modules\cache-loader\dist\cjs.js??ref--0-0!D:\Java_project\HYPBlog\blog-cms\node_modules\vue-loader\lib\index.js??vue-loader-options!D:\Java_project\HYPBlog\blog-cms\src\views\404.vue
<s> [webpack.Progress] 40% building 90/117 modules 27 active D:\Java_project\HYPBlog\blog-cms\node_modules\cache-loader\dist\cjs.js??ref--0-0!D:\Java_project\HYPBlog\blog-cms\node_modules\vue-loader\lib\index.js??vue-loader-options!D:\Java_project\HYPBlog\blog-cms\src\views\page\About.vue
<s> [webpack.Progress] 40% building 90/118 modules 28 active D:\Java_project\HYPBlog\blog-cms\node_modules\cache-loader\dist\cjs.js??ref--0-0!D:\Java_project\HYPBlog\blog-cms\node_modules\vue-loader\lib\index.js??vue-loader-options!D:\Java_project\HYPBlog\blog-cms\src\views\page\FriendList.vue
<s> [webpack.Progress] 40% building 90/119 modules 29 active D:\Java_project\HYPBlog\blog-cms\node_modules\cache-loader\dist\cjs.js??ref--0-0!D:\Java_project\HYPBlog\blog-cms\node_modules\vue-loader\lib\index.js??vue-loader-options!D:\Java_project\HYPBlog\blog-cms\src\views\page\SiteSetting.vue
<s> [webpack.Progress] 40% building 90/120 modules 30 active D:\Java_project\HYPBlog\blog-cms\node_modules\cache-loader\dist\cjs.js??ref--0-0!D:\Java_project\HYPBlog\blog-cms\node_modules\vue-loader\lib\index.js??vue-loader-options!D:\Java_project\HYPBlog\blog-cms\src\views\pictureHosting\Setting.vue
<s> [webpack.Progress] 40% building 90/121 modules 31 active D:\Java_project\HYPBlog\blog-cms\node_modules\cache-loader\dist\cjs.js??ref--0-0!D:\Java_project\HYPBlog\blog-cms\node_modules\vue-loader\lib\index.js??vue-loader-options!D:\Java_project\HYPBlog\blog-cms\src\views\pictureHosting\GithubManage.vue
<s> [webpack.Progress] 40% building 90/122 modules 32 active D:\Java_project\HYPBlog\blog-cms\node_modules\cache-loader\dist\cjs.js??ref--0-0!D:\Java_project\HYPBlog\blog-cms\node_modules\vue-loader\lib\index.js??vue-loader-options!D:\Java_project\HYPBlog\blog-cms\src\views\pictureHosting\UpyunManage.vue
<s> [webpack.Progress] 40% building 90/123 modules 33 active D:\Java_project\HYPBlog\blog-cms\node_modules\cache-loader\dist\cjs.js??ref--0-0!D:\Java_project\HYPBlog\blog-cms\node_modules\vue-loader\lib\index.js??vue-loader-options!D:\Java_project\HYPBlog\blog-cms\src\views\pictureHosting\TxyunManage.vue
<s> [webpack.Progress] 40% building 90/124 modules 34 active D:\Java_project\HYPBlog\blog-cms\node_modules\cache-loader\dist\cjs.js??ref--0-0!D:\Java_project\HYPBlog\blog-cms\node_modules\vue-loader\lib\index.js??vue-loader-options!D:\Java_project\HYPBlog\blog-cms\src\views\system\ScheduleJobList.vue
<s> [webpack.Progress] 40% building 90/125 modules 35 active D:\Java_project\HYPBlog\blog-cms\node_modules\cache-loader\dist\cjs.js??ref--0-0!D:\Java_project\HYPBlog\blog-cms\node_modules\vue-loader\lib\index.js??vue-loader-options!D:\Java_project\HYPBlog\blog-cms\src\views\system\Account.vue
<s> [webpack.Progress] 40% building 91/125 modules 34 active D:\Java_project\HYPBlog\blog-cms\node_modules\cache-loader\dist\cjs.js??ref--0-0!D:\Java_project\HYPBlog\blog-cms\node_modules\vue-loader\lib\index.js??vue-loader-options!D:\Java_project\HYPBlog\blog-cms\src\views\system\Account.vue
<s> [webpack.Progress] 40% building 91/126 modules 35 active D:\Java_project\HYPBlog\blog-cms\node_modules\cache-loader\dist\cjs.js??ref--0-0!D:\Java_project\HYPBlog\blog-cms\node_modules\vue-loader\lib\index.js??vue-loader-options!D:\Java_project\HYPBlog\blog-cms\src\views\log\ExceptionLog.vue
<s> [webpack.Progress] 40% building 91/127 modules 36 active D:\Java_project\HYPBlog\blog-cms\node_modules\cache-loader\dist\cjs.js??ref--0-0!D:\Java_project\HYPBlog\blog-cms\node_modules\vue-loader\lib\index.js??vue-loader-options!D:\Java_project\HYPBlog\blog-cms\src\views\log\VisitLog.vue
<s> [webpack.Progress] 40% building 91/128 modules 37 active D:\Java_project\HYPBlog\blog-cms\node_modules\cache-loader\dist\cjs.js??ref--0-0!D:\Java_project\HYPBlog\blog-cms\node_modules\vue-loader\lib\index.js??vue-loader-options!D:\Java_project\HYPBlog\blog-cms\src\views\log\OperationLog.vue
<s> [webpack.Progress] 40% building 91/129 modules 38 active D:\Java_project\HYPBlog\blog-cms\node_modules\cache-loader\dist\cjs.js??ref--0-0!D:\Java_project\HYPBlog\blog-cms\node_modules\vue-loader\lib\index.js??vue-loader-options!D:\Java_project\HYPBlog\blog-cms\src\views\log\ScheduleJobLog.vue
<s> [webpack.Progress] 40% building 91/130 modules 39 active D:\Java_project\HYPBlog\blog-cms\node_modules\cache-loader\dist\cjs.js??ref--0-0!D:\Java_project\HYPBlog\blog-cms\node_modules\vue-loader\lib\index.js??vue-loader-options!D:\Java_project\HYPBlog\blog-cms\src\views\log\LoginLog.vue
<s> [webpack.Progress] 40% building 92/130 modules 38 active D:\Java_project\HYPBlog\blog-cms\node_modules\cache-loader\dist\cjs.js??ref--0-0!D:\Java_project\HYPBlog\blog-cms\node_modules\vue-loader\lib\index.js??vue-loader-options!D:\Java_project\HYPBlog\blog-cms\src\views\log\LoginLog.vue
<s> [webpack.Progress] 40% building 93/130 modules 37 active D:\Java_project\HYPBlog\blog-cms\node_modules\cache-loader\dist\cjs.js??ref--0-0!D:\Java_project\HYPBlog\blog-cms\node_modules\vue-loader\lib\index.js??vue-loader-options!D:\Java_project\HYPBlog\blog-cms\src\views\log\LoginLog.vue
<s> [webpack.Progress] 40% building 93/131 modules 38 active D:\Java_project\HYPBlog\blog-cms\node_modules\cache-loader\dist\cjs.js??ref--0-0!D:\Java_project\HYPBlog\blog-cms\node_modules\vue-loader\lib\index.js??vue-loader-options!D:\Java_project\HYPBlog\blog-cms\src\views\statistics\Visitor.vue
<s> [webpack.Progress] 40% building 94/131 modules 37 active D:\Java_project\HYPBlog\blog-cms\node_modules\cache-loader\dist\cjs.js??ref--0-0!D:\Java_project\HYPBlog\blog-cms\node_modules\vue-loader\lib\index.js??vue-loader-options!D:\Java_project\HYPBlog\blog-cms\src\views\statistics\Visitor.vue
<s> [webpack.Progress] 40% building 94/132 modules 38 active D:\Java_project\HYPBlog\blog-cms\node_modules\throttle-debounce\debounce.js
<s> [webpack.Progress] 40% building 94/133 modules 39 active D:\Java_project\HYPBlog\blog-cms\node_modules\throttle-debounce\throttle.js
<s> [webpack.Progress] 40% building 95/133 modules 38 active D:\Java_project\HYPBlog\blog-cms\node_modules\throttle-debounce\throttle.js
<s> [webpack.Progress] 40% building 96/133 modules 37 active D:\Java_project\HYPBlog\blog-cms\node_modules\throttle-debounce\throttle.js
<s> [webpack.Progress] 40% building 97/133 modules 36 active D:\Java_project\HYPBlog\blog-cms\node_modules\throttle-debounce\throttle.js
<s> [webpack.Progress] 40% building 98/133 modules 35 active D:\Java_project\HYPBlog\blog-cms\node_modules\throttle-debounce\throttle.js
<s> [webpack.Progress] 40% building 99/133 modules 34 active D:\Java_project\HYPBlog\blog-cms\node_modules\throttle-debounce\throttle.js
<s> [webpack.Progress] 40% building 100/133 modules 33 active D:\Java_project\HYPBlog\blog-cms\node_modules\throttle-debounce\throttle.js
<s> [webpack.Progress] 40% building 101/133 modules 32 active D:\Java_project\HYPBlog\blog-cms\node_modules\throttle-debounce\throttle.js
<s> [webpack.Progress] 40% building 102/133 modules 31 active D:\Java_project\HYPBlog\blog-cms\node_modules\throttle-debounce\throttle.js
<s> [webpack.Progress] 40% building 103/133 modules 30 active D:\Java_project\HYPBlog\blog-cms\node_modules\throttle-debounce\throttle.js
<s> [webpack.Progress] 40% building 104/133 modules 29 active D:\Java_project\HYPBlog\blog-cms\node_modules\throttle-debounce\throttle.js
<s> [webpack.Progress] 40% building 105/133 modules 28 active D:\Java_project\HYPBlog\blog-cms\node_modules\throttle-debounce\throttle.js
<s> [webpack.Progress] 40% building 106/133 modules 27 active D:\Java_project\HYPBlog\blog-cms\node_modules\throttle-debounce\throttle.js
<s> [webpack.Progress] 40% building 107/133 modules 26 active D:\Java_project\HYPBlog\blog-cms\node_modules\throttle-debounce\throttle.js
<s> [webpack.Progress] 40% building 108/133 modules 25 active D:\Java_project\HYPBlog\blog-cms\node_modules\throttle-debounce\throttle.js
<s> [webpack.Progress] 40% building 109/133 modules 24 active D:\Java_project\HYPBlog\blog-cms\node_modules\throttle-debounce\throttle.js
<s> [webpack.Progress] 40% building 110/133 modules 23 active D:\Java_project\HYPBlog\blog-cms\node_modules\throttle-debounce\throttle.js
<s> [webpack.Progress] 40% building 111/133 modules 22 active D:\Java_project\HYPBlog\blog-cms\node_modules\throttle-debounce\throttle.js
<s> [webpack.Progress] 40% building 112/133 modules 21 active D:\Java_project\HYPBlog\blog-cms\node_modules\throttle-debounce\throttle.js
<s> [webpack.Progress] 40% building 113/133 modules 20 active D:\Java_project\HYPBlog\blog-cms\node_modules\throttle-debounce\throttle.js
<s> [webpack.Progress] 40% building 114/133 modules 19 active D:\Java_project\HYPBlog\blog-cms\node_modules\throttle-debounce\throttle.js
<s> [webpack.Progress] 40% building 114/134 modules 20 active D:\Java_project\HYPBlog\blog-cms\node_modules\cache-loader\dist\cjs.js??ref--0-0!D:\Java_project\HYPBlog\blog-cms\node_modules\vue-loader\lib\index.js??vue-loader-options!D:\Java_project\HYPBlog\blog-cms\src\views\blog\blog\WriteBlog.vue
<s> [webpack.Progress] 40% building 114/135 modules 21 active D:\Java_project\HYPBlog\blog-cms\node_modules\cache-loader\dist\cjs.js??ref--0-0!D:\Java_project\HYPBlog\blog-cms\node_modules\vue-loader\lib\index.js??vue-loader-options!D:\Java_project\HYPBlog\blog-cms\src\views\blog\blog\BlogList.vue
<s> [webpack.Progress] 40% building 114/136 modules 22 active D:\Java_project\HYPBlog\blog-cms\node_modules\cache-loader\dist\cjs.js??ref--0-0!D:\Java_project\HYPBlog\blog-cms\node_modules\vue-loader\lib\index.js??vue-loader-options!D:\Java_project\HYPBlog\blog-cms\src\views\blog\category\CategoryList.vue
<s> [webpack.Progress] 40% building 114/137 modules 23 active D:\Java_project\HYPBlog\blog-cms\node_modules\cache-loader\dist\cjs.js??ref--0-0!D:\Java_project\HYPBlog\blog-cms\node_modules\vue-loader\lib\index.js??vue-loader-options!D:\Java_project\HYPBlog\blog-cms\src\views\blog\comment\CommentList.vue
<s> [webpack.Progress] 40% building 114/138 modules 24 active D:\Java_project\HYPBlog\blog-cms\node_modules\cache-loader\dist\cjs.js??ref--0-0!D:\Java_project\HYPBlog\blog-cms\node_modules\vue-loader\lib\index.js??vue-loader-options!D:\Java_project\HYPBlog\blog-cms\src\views\blog\tag\TagList.vue
<s> [webpack.Progress] 40% building 114/139 modules 25 active D:\Java_project\HYPBlog\blog-cms\node_modules\cache-loader\dist\cjs.js??ref--0-0!D:\Java_project\HYPBlog\blog-cms\node_modules\vue-loader\lib\index.js??vue-loader-options!D:\Java_project\HYPBlog\blog-cms\src\views\blog\moment\MomentList.vue
<s> [webpack.Progress] 40% building 114/140 modules 26 active D:\Java_project\HYPBlog\blog-cms\node_modules\cache-loader\dist\cjs.js??ref--0-0!D:\Java_project\HYPBlog\blog-cms\node_modules\vue-loader\lib\index.js??vue-loader-options!D:\Java_project\HYPBlog\blog-cms\src\views\blog\moment\WriteMoment.vue
<s> [webpack.Progress] 40% building 114/141 modules 27 active D:\Java_project\HYPBlog\blog-cms\node_modules\moment\locale\zh-tw.js
<s> [webpack.Progress] 40% building 114/142 modules 28 active D:\Java_project\HYPBlog\blog-cms\node_modules\moment\locale\zh-mo.js
<s> [webpack.Progress] 40% building 114/143 modules 29 active D:\Java_project\HYPBlog\blog-cms\node_modules\moment\locale\zh-hk.js
<s> [webpack.Progress] 40% building 114/144 modules 30 active D:\Java_project\HYPBlog\blog-cms\node_modules\html-entities\lib\xml-entities.js
<s> [webpack.Progress] 40% building 115/144 modules 29 active D:\Java_project\HYPBlog\blog-cms\node_modules\html-entities\lib\xml-entities.js
<s> [webpack.Progress] 40% building 116/144 modules 28 active D:\Java_project\HYPBlog\blog-cms\node_modules\html-entities\lib\xml-entities.js
<s> [webpack.Progress] 40% building 117/144 modules 27 active D:\Java_project\HYPBlog\blog-cms\node_modules\html-entities\lib\xml-entities.js
<s> [webpack.Progress] 40% building 118/144 modules 26 active D:\Java_project\HYPBlog\blog-cms\node_modules\html-entities\lib\xml-entities.js
<s> [webpack.Progress] 40% building 119/144 modules 25 active D:\Java_project\HYPBlog\blog-cms\node_modules\html-entities\lib\xml-entities.js
<s> [webpack.Progress] 40% building 120/144 modules 24 active D:\Java_project\HYPBlog\blog-cms\node_modules\html-entities\lib\xml-entities.js
<s> [webpack.Progress] 40% building 121/144 modules 23 active D:\Java_project\HYPBlog\blog-cms\node_modules\html-entities\lib\xml-entities.js
<s> [webpack.Progress] 40% building 122/144 modules 22 active D:\Java_project\HYPBlog\blog-cms\node_modules\html-entities\lib\xml-entities.js
<s> [webpack.Progress] 40% building 123/144 modules 21 active D:\Java_project\HYPBlog\blog-cms\node_modules\html-entities\lib\xml-entities.js
<s> [webpack.Progress] 40% building 124/144 modules 20 active D:\Java_project\HYPBlog\blog-cms\node_modules\html-entities\lib\xml-entities.js
<s> [webpack.Progress] 40% building 125/144 modules 19 active D:\Java_project\HYPBlog\blog-cms\node_modules\html-entities\lib\xml-entities.js
<s> [webpack.Progress] 40% building 125/145 modules 20 active D:\Java_project\HYPBlog\blog-cms\node_modules\html-entities\lib\html4-entities.js
<s> [webpack.Progress] 40% building 126/145 modules 19 active D:\Java_project\HYPBlog\blog-cms\node_modules\html-entities\lib\html4-entities.js
<s> [webpack.Progress] 40% building 126/146 modules 20 active D:\Java_project\HYPBlog\blog-cms\node_modules\moment\locale\zh-cn.js
<s> [webpack.Progress] 40% building 126/147 modules 21 active D:\Java_project\HYPBlog\blog-cms\node_modules\html-entities\lib\html5-entities.js
<s> [webpack.Progress] 40% building 127/147 modules 20 active D:\Java_project\HYPBlog\blog-cms\node_modules\html-entities\lib\html5-entities.js
<s> [webpack.Progress] 40% building 128/147 modules 19 active D:\Java_project\HYPBlog\blog-cms\node_modules\html-entities\lib\html5-entities.js
<s> [webpack.Progress] 40% building 129/147 modules 18 active D:\Java_project\HYPBlog\blog-cms\node_modules\html-entities\lib\html5-entities.js
<s> [webpack.Progress] 40% building 129/148 modules 19 active D:\Java_project\HYPBlog\blog-cms\node_modules\moment\locale\yo.js
<s> [webpack.Progress] 40% building 129/149 modules 20 active D:\Java_project\HYPBlog\blog-cms\node_modules\moment\locale\x-pseudo.js
<s> [webpack.Progress] 40% building 129/150 modules 21 active D:\Java_project\HYPBlog\blog-cms\node_modules\moment\locale\vi.js
<s> [webpack.Progress] 40% building 129/151 modules 22 active D:\Java_project\HYPBlog\blog-cms\node_modules\moment\locale\uz.js
<s> [webpack.Progress] 40% building 129/152 modules 23 active D:\Java_project\HYPBlog\blog-cms\node_modules\moment\locale\uz-latn.js
<s> [webpack.Progress] 40% building 129/153 modules 24 active D:\Java_project\HYPBlog\blog-cms\node_modules\core-js\internals\is-forced.js
<s> [webpack.Progress] 40% building 129/154 modules 25 active D:\Java_project\HYPBlog\blog-cms\node_modules\core-js\internals\set-global.js
<s> [webpack.Progress] 40% building 129/155 modules 26 active D:\Java_project\HYPBlog\blog-cms\node_modules\core-js\internals\redefine.js
<s> [webpack.Progress] 40% building 129/156 modules 27 active D:\Java_project\HYPBlog\blog-cms\node_modules\core-js\internals\descriptors.js
<s> [webpack.Progress] 40% building 129/157 modules 28 active D:\Java_project\HYPBlog\blog-cms\node_modules\core-js\internals\copy-constructor-properties.js
<s> [webpack.Progress] 40% building 130/157 modules 27 active D:\Java_project\HYPBlog\blog-cms\node_modules\core-js\internals\copy-constructor-properties.js
<s> [webpack.Progress] 40% building 130/158 modules 28 active D:\Java_project\HYPBlog\blog-cms\node_modules\core-js\internals\object-define-property.js
<s> [webpack.Progress] 40% building 130/159 modules 29 active D:\Java_project\HYPBlog\blog-cms\node_modules\core-js\internals\object-get-own-property-descriptor.js
<s> [webpack.Progress] 40% building 130/160 modules 30 active D:\Java_project\HYPBlog\blog-cms\node_modules\core-js\internals\is-object.js
<s> [webpack.Progress] 40% building 130/161 modules 31 active D:\Java_project\HYPBlog\blog-cms\node_modules\core-js\internals\use-symbol-as-uid.js
<s> [webpack.Progress] 40% building 130/162 modules 32 active D:\Java_project\HYPBlog\blog-cms\node_modules\core-js\internals\create-property-descriptor.js
<s> [webpack.Progress] 40% building 131/162 modules 31 active D:\Java_project\HYPBlog\blog-cms\node_modules\core-js\internals\create-property-descriptor.js
<s> [webpack.Progress] 40% building 131/163 modules 32 active D:\Java_project\HYPBlog\blog-cms\node_modules\core-js\internals\path.js
<s> [webpack.Progress] 40% building 132/163 modules 31 active D:\Java_project\HYPBlog\blog-cms\node_modules\core-js\internals\path.js
<s> [webpack.Progress] 40% building 132/164 modules 32 active D:\Java_project\HYPBlog\blog-cms\node_modules\core-js\internals\object-get-prototype-of.js
<s> [webpack.Progress] 40% building 132/165 modules 33 active D:\Java_project\HYPBlog\blog-cms\node_modules\viewerjs\dist\viewer.js
<s> [webpack.Progress] 40% building 132/166 modules 34 active D:\Java_project\HYPBlog\blog-cms\node_modules\cache-loader\dist\cjs.js??ref--12-0!D:\Java_project\HYPBlog\blog-cms\node_modules\babel-loader\lib\index.js!D:\Java_project\HYPBlog\blog-cms\src\settings.js
<s> [webpack.Progress] 40% building 132/167 modules 35 active D:\Java_project\HYPBlog\blog-cms\node_modules\vue-loader\lib\loaders\pitcher.js??ref--4!D:\Java_project\HYPBlog\blog-cms\node_modules\cache-loader\dist\cjs.js??ref--0-0!D:\Java_project\HYPBlog\blog-cms\node_modules\vue-loader\lib\index.js??vue-loader-options!D:\Java_project\HYPBlog\blog-cms\src\views\404.vue?vue&type=template&id=6b3aeb0e&scoped=true
<s> [webpack.Progress] 40% building 133/167 modules 34 active D:\Java_project\HYPBlog\blog-cms\node_modules\cache-loader\dist\cjs.js??ref--12-0!D:\Java_project\HYPBlog\blog-cms\node_modules\babel-loader\lib\index.js!D:\Java_project\HYPBlog\blog-cms\src\settings.js
<s> [webpack.Progress] 40% building 133/168 modules 35 active D:\Java_project\HYPBlog\blog-cms\node_modules\cache-loader\dist\cjs.js?{"cacheDirectory":"node_modules/.cache/vue-loader","cacheIdentifier":"b828289e-vue-loader-template"}!D:\Java_project\HYPBlog\blog-cms\node_modules\vue-loader\lib\loaders\templateLoader.js??vue-loader-options!D:\Java_project\HYPBlog\blog-cms\node_modules\cache-loader\dist\cjs.js??ref--0-0!D:\Java_project\HYPBlog\blog-cms\node_modules\vue-loader\lib\index.js??vue-loader-options!D:\Java_project\HYPBlog\blog-cms\src\views\404.vue?vue&type=template&id=6b3aeb0e&scoped=true
<s> [webpack.Progress] 40% building 133/169 modules 36 active D:\Java_project\HYPBlog\blog-cms\node_modules\vue-loader\lib\loaders\pitcher.js??ref--4!D:\Java_project\HYPBlog\blog-cms\node_modules\cache-loader\dist\cjs.js??ref--0-0!D:\Java_project\HYPBlog\blog-cms\node_modules\vue-loader\lib\index.js??vue-loader-options!D:\Java_project\HYPBlog\blog-cms\src\views\pictureHosting\Setting.vue?vue&type=template&id=6aa5d597&scoped=true
<s> [webpack.Progress] 40% building 134/169 modules 35 active D:\Java_project\HYPBlog\blog-cms\node_modules\cache-loader\dist\cjs.js?{"cacheDirectory":"node_modules/.cache/vue-loader","cacheIdentifier":"b828289e-vue-loader-template"}!D:\Java_project\HYPBlog\blog-cms\node_modules\vue-loader\lib\loaders\templateLoader.js??vue-loader-options!D:\Java_project\HYPBlog\blog-cms\node_modules\cache-loader\dist\cjs.js??ref--0-0!D:\Java_project\HYPBlog\blog-cms\node_modules\vue-loader\lib\index.js??vue-loader-options!D:\Java_project\HYPBlog\blog-cms\src\views\404.vue?vue&type=template&id=6b3aeb0e&scoped=true
<s> [webpack.Progress] 40% building 134/170 modules 36 active D:\Java_project\HYPBlog\blog-cms\node_modules\cache-loader\dist\cjs.js?{"cacheDirectory":"node_modules/.cache/vue-loader","cacheIdentifier":"b828289e-vue-loader-template"}!D:\Java_project\HYPBlog\blog-cms\node_modules\vue-loader\lib\loaders\templateLoader.js??vue-loader-options!D:\Java_project\HYPBlog\blog-cms\node_modules\cache-loader\dist\cjs.js??ref--0-0!D:\Java_project\HYPBlog\blog-cms\node_modules\vue-loader\lib\index.js??vue-loader-options!D:\Java_project\HYPBlog\blog-cms\src\views\pictureHosting\Setting.vue?vue&type=template&id=6aa5d597&scoped=true
<s> [webpack.Progress] 40% building 134/171 modules 37 active D:\Java_project\HYPBlog\blog-cms\node_modules\vue-loader\lib\loaders\pitcher.js??ref--4!D:\Java_project\HYPBlog\blog-cms\node_modules\cache-loader\dist\cjs.js??ref--0-0!D:\Java_project\HYPBlog\blog-cms\node_modules\vue-loader\lib\index.js??vue-loader-options!D:\Java_project\HYPBlog\blog-cms\src\views\page\SiteSetting.vue?vue&type=template&id=888dbdfa&scoped=true
<s> [webpack.Progress] 40% building 135/171 modules 36 active D:\Java_project\HYPBlog\blog-cms\node_modules\cache-loader\dist\cjs.js?{"cacheDirectory":"node_modules/.cache/vue-loader","cacheIdentifier":"b828289e-vue-loader-template"}!D:\Java_project\HYPBlog\blog-cms\node_modules\vue-loader\lib\loaders\templateLoader.js??vue-loader-options!D:\Java_project\HYPBlog\blog-cms\node_modules\cache-loader\dist\cjs.js??ref--0-0!D:\Java_project\HYPBlog\blog-cms\node_modules\vue-loader\lib\index.js??vue-loader-options!D:\Java_project\HYPBlog\blog-cms\src\views\pictureHosting\Setting.vue?vue&type=template&id=6aa5d597&scoped=true
<s> [webpack.Progress] 40% building 135/172 modules 37 active D:\Java_project\HYPBlog\blog-cms\node_modules\cache-loader\dist\cjs.js?{"cacheDirectory":"node_modules/.cache/vue-loader","cacheIdentifier":"b828289e-vue-loader-template"}!D:\Java_project\HYPBlog\blog-cms\node_modules\vue-loader\lib\loaders\templateLoader.js??vue-loader-options!D:\Java_project\HYPBlog\blog-cms\node_modules\cache-loader\dist\cjs.js??ref--0-0!D:\Java_project\HYPBlog\blog-cms\node_modules\vue-loader\lib\index.js??vue-loader-options!D:\Java_project\HYPBlog\blog-cms\src\views\page\SiteSetting.vue?vue&type=template&id=888dbdfa&scoped=true
<s> [webpack.Progress] 40% building 135/173 modules 38 active D:\Java_project\HYPBlog\blog-cms\node_modules\vue-loader\lib\loaders\pitcher.js??ref--4!D:\Java_project\HYPBlog\blog-cms\node_modules\cache-loader\dist\cjs.js??ref--0-0!D:\Java_project\HYPBlog\blog-cms\node_modules\vue-loader\lib\index.js??vue-loader-options!D:\Java_project\HYPBlog\blog-cms\src\views\page\FriendList.vue?vue&type=template&id=304b625c&scoped=true
<s> [webpack.Progress] 40% building 136/173 modules 37 active D:\Java_project\HYPBlog\blog-cms\node_modules\cache-loader\dist\cjs.js?{"cacheDirectory":"node_modules/.cache/vue-loader","cacheIdentifier":"b828289e-vue-loader-template"}!D:\Java_project\HYPBlog\blog-cms\node_modules\vue-loader\lib\loaders\templateLoader.js??vue-loader-options!D:\Java_project\HYPBlog\blog-cms\node_modules\cache-loader\dist\cjs.js??ref--0-0!D:\Java_project\HYPBlog\blog-cms\node_modules\vue-loader\lib\index.js??vue-loader-options!D:\Java_project\HYPBlog\blog-cms\src\views\page\SiteSetting.vue?vue&type=template&id=888dbdfa&scoped=true
<s> [webpack.Progress] 40% building 136/174 modules 38 active D:\Java_project\HYPBlog\blog-cms\node_modules\cache-loader\dist\cjs.js?{"cacheDirectory":"node_modules/.cache/vue-loader","cacheIdentifier":"b828289e-vue-loader-template"}!D:\Java_project\HYPBlog\blog-cms\node_modules\vue-loader\lib\loaders\templateLoader.js??vue-loader-options!D:\Java_project\HYPBlog\blog-cms\node_modules\cache-loader\dist\cjs.js??ref--0-0!D:\Java_project\HYPBlog\blog-cms\node_modules\vue-loader\lib\index.js??vue-loader-options!D:\Java_project\HYPBlog\blog-cms\src\views\page\FriendList.vue?vue&type=template&id=304b625c&scoped=true
<s> [webpack.Progress] 40% building 136/175 modules 39 active D:\Java_project\HYPBlog\blog-cms\node_modules\vue-loader\lib\loaders\pitcher.js??ref--4!D:\Java_project\HYPBlog\blog-cms\node_modules\cache-loader\dist\cjs.js??ref--0-0!D:\Java_project\HYPBlog\blog-cms\node_modules\vue-loader\lib\index.js??vue-loader-options!D:\Java_project\HYPBlog\blog-cms\src\views\page\About.vue?vue&type=template&id=f2aec9f2&scoped=true
<s> [webpack.Progress] 40% building 137/175 modules 38 active D:\Java_project\HYPBlog\blog-cms\node_modules\cache-loader\dist\cjs.js?{"cacheDirectory":"node_modules/.cache/vue-loader","cacheIdentifier":"b828289e-vue-loader-template"}!D:\Java_project\HYPBlog\blog-cms\node_modules\vue-loader\lib\loaders\templateLoader.js??vue-loader-options!D:\Java_project\HYPBlog\blog-cms\node_modules\cache-loader\dist\cjs.js??ref--0-0!D:\Java_project\HYPBlog\blog-cms\node_modules\vue-loader\lib\index.js??vue-loader-options!D:\Java_project\HYPBlog\blog-cms\src\views\page\FriendList.vue?vue&type=template&id=304b625c&scoped=true
<s> [webpack.Progress] 40% building 137/176 modules 39 active D:\Java_project\HYPBlog\blog-cms\node_modules\cache-loader\dist\cjs.js?{"cacheDirectory":"node_modules/.cache/vue-loader","cacheIdentifier":"b828289e-vue-loader-template"}!D:\Java_project\HYPBlog\blog-cms\node_modules\vue-loader\lib\loaders\templateLoader.js??vue-loader-options!D:\Java_project\HYPBlog\blog-cms\node_modules\cache-loader\dist\cjs.js??ref--0-0!D:\Java_project\HYPBlog\blog-cms\node_modules\vue-loader\lib\index.js??vue-loader-options!D:\Java_project\HYPBlog\blog-cms\src\views\page\About.vue?vue&type=template&id=f2aec9f2&scoped=true
<s> [webpack.Progress] 40% building 137/177 modules 40 active D:\Java_project\HYPBlog\blog-cms\node_modules\vue-loader\lib\loaders\pitcher.js??ref--4!D:\Java_project\HYPBlog\blog-cms\node_modules\cache-loader\dist\cjs.js??ref--0-0!D:\Java_project\HYPBlog\blog-cms\node_modules\vue-loader\lib\index.js??vue-loader-options!D:\Java_project\HYPBlog\blog-cms\src\views\system\Account.vue?vue&type=template&id=b8172f72&scoped=true
<s> [webpack.Progress] 40% building 138/177 modules 39 active D:\Java_project\HYPBlog\blog-cms\node_modules\cache-loader\dist\cjs.js?{"cacheDirectory":"node_modules/.cache/vue-loader","cacheIdentifier":"b828289e-vue-loader-template"}!D:\Java_project\HYPBlog\blog-cms\node_modules\vue-loader\lib\loaders\templateLoader.js??vue-loader-options!D:\Java_project\HYPBlog\blog-cms\node_modules\cache-loader\dist\cjs.js??ref--0-0!D:\Java_project\HYPBlog\blog-cms\node_modules\vue-loader\lib\index.js??vue-loader-options!D:\Java_project\HYPBlog\blog-cms\src\views\page\About.vue?vue&type=template&id=f2aec9f2&scoped=true
<s> [webpack.Progress] 40% building 138/178 modules 40 active D:\Java_project\HYPBlog\blog-cms\node_modules\cache-loader\dist\cjs.js?{"cacheDirectory":"node_modules/.cache/vue-loader","cacheIdentifier":"b828289e-vue-loader-template"}!D:\Java_project\HYPBlog\blog-cms\node_modules\vue-loader\lib\loaders\templateLoader.js??vue-loader-options!D:\Java_project\HYPBlog\blog-cms\node_modules\cache-loader\dist\cjs.js??ref--0-0!D:\Java_project\HYPBlog\blog-cms\node_modules\vue-loader\lib\index.js??vue-loader-options!D:\Java_project\HYPBlog\blog-cms\src\views\system\Account.vue?vue&type=template&id=b8172f72&scoped=true
<s> [webpack.Progress] 40% building 138/179 modules 41 active D:\Java_project\HYPBlog\blog-cms\node_modules\vue-loader\lib\loaders\pitcher.js??ref--4!D:\Java_project\HYPBlog\blog-cms\node_modules\cache-loader\dist\cjs.js??ref--0-0!D:\Java_project\HYPBlog\blog-cms\node_modules\vue-loader\lib\index.js??vue-loader-options!D:\Java_project\HYPBlog\blog-cms\src\views\system\ScheduleJobList.vue?vue&type=template&id=445b1ffe&scoped=true
<s> [webpack.Progress] 40% building 139/179 modules 40 active D:\Java_project\HYPBlog\blog-cms\node_modules\cache-loader\dist\cjs.js?{"cacheDirectory":"node_modules/.cache/vue-loader","cacheIdentifier":"b828289e-vue-loader-template"}!D:\Java_project\HYPBlog\blog-cms\node_modules\vue-loader\lib\loaders\templateLoader.js??vue-loader-options!D:\Java_project\HYPBlog\blog-cms\node_modules\cache-loader\dist\cjs.js??ref--0-0!D:\Java_project\HYPBlog\blog-cms\node_modules\vue-loader\lib\index.js??vue-loader-options!D:\Java_project\HYPBlog\blog-cms\src\views\system\Account.vue?vue&type=template&id=b8172f72&scoped=true
<s> [webpack.Progress] 40% building 139/180 modules 41 active D:\Java_project\HYPBlog\blog-cms\node_modules\cache-loader\dist\cjs.js?{"cacheDirectory":"node_modules/.cache/vue-loader","cacheIdentifier":"b828289e-vue-loader-template"}!D:\Java_project\HYPBlog\blog-cms\node_modules\vue-loader\lib\loaders\templateLoader.js??vue-loader-options!D:\Java_project\HYPBlog\blog-cms\node_modules\cache-loader\dist\cjs.js??ref--0-0!D:\Java_project\HYPBlog\blog-cms\node_modules\vue-loader\lib\index.js??vue-loader-options!D:\Java_project\HYPBlog\blog-cms\src\views\system\ScheduleJobList.vue?vue&type=template&id=445b1ffe&scoped=true
<s> [webpack.Progress] 40% building 139/181 modules 42 active D:\Java_project\HYPBlog\blog-cms\node_modules\vue-loader\lib\loaders\pitcher.js??ref--4!D:\Java_project\HYPBlog\blog-cms\node_modules\cache-loader\dist\cjs.js??ref--0-0!D:\Java_project\HYPBlog\blog-cms\node_modules\vue-loader\lib\index.js??vue-loader-options!D:\Java_project\HYPBlog\blog-cms\src\views\pictureHosting\GithubManage.vue?vue&type=template&id=58a7a671&scoped=true
<s> [webpack.Progress] 40% building 140/181 modules 41 active D:\Java_project\HYPBlog\blog-cms\node_modules\cache-loader\dist\cjs.js?{"cacheDirectory":"node_modules/.cache/vue-loader","cacheIdentifier":"b828289e-vue-loader-template"}!D:\Java_project\HYPBlog\blog-cms\node_modules\vue-loader\lib\loaders\templateLoader.js??vue-loader-options!D:\Java_project\HYPBlog\blog-cms\node_modules\cache-loader\dist\cjs.js??ref--0-0!D:\Java_project\HYPBlog\blog-cms\node_modules\vue-loader\lib\index.js??vue-loader-options!D:\Java_project\HYPBlog\blog-cms\src\views\system\ScheduleJobList.vue?vue&type=template&id=445b1ffe&scoped=true
<s> [webpack.Progress] 40% building 140/182 modules 42 active D:\Java_project\HYPBlog\blog-cms\node_modules\cache-loader\dist\cjs.js?{"cacheDirectory":"node_modules/.cache/vue-loader","cacheIdentifier":"b828289e-vue-loader-template"}!D:\Java_project\HYPBlog\blog-cms\node_modules\vue-loader\lib\loaders\templateLoader.js??vue-loader-options!D:\Java_project\HYPBlog\blog-cms\node_modules\cache-loader\dist\cjs.js??ref--0-0!D:\Java_project\HYPBlog\blog-cms\node_modules\vue-loader\lib\index.js??vue-loader-options!D:\Java_project\HYPBlog\blog-cms\src\views\pictureHosting\GithubManage.vue?vue&type=template&id=58a7a671&scoped=true
<s> [webpack.Progress] 40% building 140/183 modules 43 active D:\Java_project\HYPBlog\blog-cms\node_modules\vue-loader\lib\loaders\pitcher.js??ref--4!D:\Java_project\HYPBlog\blog-cms\node_modules\cache-loader\dist\cjs.js??ref--0-0!D:\Java_project\HYPBlog\blog-cms\node_modules\vue-loader\lib\index.js??vue-loader-options!D:\Java_project\HYPBlog\blog-cms\src\views\pictureHosting\UpyunManage.vue?vue&type=template&id=34fa0b3a&scoped=true
<s> [webpack.Progress] 40% building 141/183 modules 42 active D:\Java_project\HYPBlog\blog-cms\node_modules\cache-loader\dist\cjs.js?{"cacheDirectory":"node_modules/.cache/vue-loader","cacheIdentifier":"b828289e-vue-loader-template"}!D:\Java_project\HYPBlog\blog-cms\node_modules\vue-loader\lib\loaders\templateLoader.js??vue-loader-options!D:\Java_project\HYPBlog\blog-cms\node_modules\cache-loader\dist\cjs.js??ref--0-0!D:\Java_project\HYPBlog\blog-cms\node_modules\vue-loader\lib\index.js??vue-loader-options!D:\Java_project\HYPBlog\blog-cms\src\views\pictureHosting\GithubManage.vue?vue&type=template&id=58a7a671&scoped=true
<s> [webpack.Progress] 40% building 141/184 modules 43 active D:\Java_project\HYPBlog\blog-cms\node_modules\cache-loader\dist\cjs.js?{"cacheDirectory":"node_modules/.cache/vue-loader","cacheIdentifier":"b828289e-vue-loader-template"}!D:\Java_project\HYPBlog\blog-cms\node_modules\vue-loader\lib\loaders\templateLoader.js??vue-loader-options!D:\Java_project\HYPBlog\blog-cms\node_modules\cache-loader\dist\cjs.js??ref--0-0!D:\Java_project\HYPBlog\blog-cms\node_modules\vue-loader\lib\index.js??vue-loader-options!D:\Java_project\HYPBlog\blog-cms\src\views\pictureHosting\UpyunManage.vue?vue&type=template&id=34fa0b3a&scoped=true
<s> [webpack.Progress] 40% building 141/185 modules 44 active D:\Java_project\HYPBlog\blog-cms\node_modules\vue-loader\lib\loaders\pitcher.js??ref--4!D:\Java_project\HYPBlog\blog-cms\node_modules\cache-loader\dist\cjs.js??ref--0-0!D:\Java_project\HYPBlog\blog-cms\node_modules\vue-loader\lib\index.js??vue-loader-options!D:\Java_project\HYPBlog\blog-cms\src\views\log\ExceptionLog.vue?vue&type=template&id=7953719a&scoped=true
<s> [webpack.Progress] 40% building 142/185 modules 43 active D:\Java_project\HYPBlog\blog-cms\node_modules\cache-loader\dist\cjs.js?{"cacheDirectory":"node_modules/.cache/vue-loader","cacheIdentifier":"b828289e-vue-loader-template"}!D:\Java_project\HYPBlog\blog-cms\node_modules\vue-loader\lib\loaders\templateLoader.js??vue-loader-options!D:\Java_project\HYPBlog\blog-cms\node_modules\cache-loader\dist\cjs.js??ref--0-0!D:\Java_project\HYPBlog\blog-cms\node_modules\vue-loader\lib\index.js??vue-loader-options!D:\Java_project\HYPBlog\blog-cms\src\views\pictureHosting\UpyunManage.vue?vue&type=template&id=34fa0b3a&scoped=true
<s> [webpack.Progress] 40% building 142/186 modules 44 active D:\Java_project\HYPBlog\blog-cms\node_modules\cache-loader\dist\cjs.js?{"cacheDirectory":"node_modules/.cache/vue-loader","cacheIdentifier":"b828289e-vue-loader-template"}!D:\Java_project\HYPBlog\blog-cms\node_modules\vue-loader\lib\loaders\templateLoader.js??vue-loader-options!D:\Java_project\HYPBlog\blog-cms\node_modules\cache-loader\dist\cjs.js??ref--0-0!D:\Java_project\HYPBlog\blog-cms\node_modules\vue-loader\lib\index.js??vue-loader-options!D:\Java_project\HYPBlog\blog-cms\src\views\log\ExceptionLog.vue?vue&type=template&id=7953719a&scoped=true
<s> [webpack.Progress] 40% building 142/187 modules 45 active D:\Java_project\HYPBlog\blog-cms\node_modules\vue-loader\lib\loaders\pitcher.js??ref--4!D:\Java_project\HYPBlog\blog-cms\node_modules\cache-loader\dist\cjs.js??ref--0-0!D:\Java_project\HYPBlog\blog-cms\node_modules\vue-loader\lib\index.js??vue-loader-options!D:\Java_project\HYPBlog\blog-cms\src\views\pictureHosting\TxyunManage.vue?vue&type=template&id=cad445cc&scoped=true
<s> [webpack.Progress] 40% building 143/187 modules 44 active D:\Java_project\HYPBlog\blog-cms\node_modules\cache-loader\dist\cjs.js?{"cacheDirectory":"node_modules/.cache/vue-loader","cacheIdentifier":"b828289e-vue-loader-template"}!D:\Java_project\HYPBlog\blog-cms\node_modules\vue-loader\lib\loaders\templateLoader.js??vue-loader-options!D:\Java_project\HYPBlog\blog-cms\node_modules\cache-loader\dist\cjs.js??ref--0-0!D:\Java_project\HYPBlog\blog-cms\node_modules\vue-loader\lib\index.js??vue-loader-options!D:\Java_project\HYPBlog\blog-cms\src\views\log\ExceptionLog.vue?vue&type=template&id=7953719a&scoped=true
<s> [webpack.Progress] 40% building 143/188 modules 45 active D:\Java_project\HYPBlog\blog-cms\node_modules\cache-loader\dist\cjs.js?{"cacheDirectory":"node_modules/.cache/vue-loader","cacheIdentifier":"b828289e-vue-loader-template"}!D:\Java_project\HYPBlog\blog-cms\node_modules\vue-loader\lib\loaders\templateLoader.js??vue-loader-options!D:\Java_project\HYPBlog\blog-cms\node_modules\cache-loader\dist\cjs.js??ref--0-0!D:\Java_project\HYPBlog\blog-cms\node_modules\vue-loader\lib\index.js??vue-loader-options!D:\Java_project\HYPBlog\blog-cms\src\views\pictureHosting\TxyunManage.vue?vue&type=template&id=cad445cc&scoped=true
<s> [webpack.Progress] 40% building 143/189 modules 46 active D:\Java_project\HYPBlog\blog-cms\node_modules\vue-loader\lib\loaders\pitcher.js??ref--4!D:\Java_project\HYPBlog\blog-cms\node_modules\cache-loader\dist\cjs.js??ref--0-0!D:\Java_project\HYPBlog\blog-cms\node_modules\vue-loader\lib\index.js??vue-loader-options!D:\Java_project\HYPBlog\blog-cms\src\views\log\VisitLog.vue?vue&type=template&id=f79ba0c4&scoped=true
<s> [webpack.Progress] 40% building 144/189 modules 45 active D:\Java_project\HYPBlog\blog-cms\node_modules\cache-loader\dist\cjs.js?{"cacheDirectory":"node_modules/.cache/vue-loader","cacheIdentifier":"b828289e-vue-loader-template"}!D:\Java_project\HYPBlog\blog-cms\node_modules\vue-loader\lib\loaders\templateLoader.js??vue-loader-options!D:\Java_project\HYPBlog\blog-cms\node_modules\cache-loader\dist\cjs.js??ref--0-0!D:\Java_project\HYPBlog\blog-cms\node_modules\vue-loader\lib\index.js??vue-loader-options!D:\Java_project\HYPBlog\blog-cms\src\views\pictureHosting\TxyunManage.vue?vue&type=template&id=cad445cc&scoped=true
<s> [webpack.Progress] 40% building 144/190 modules 46 active D:\Java_project\HYPBlog\blog-cms\node_modules\cache-loader\dist\cjs.js?{"cacheDirectory":"node_modules/.cache/vue-loader","cacheIdentifier":"b828289e-vue-loader-template"}!D:\Java_project\HYPBlog\blog-cms\node_modules\vue-loader\lib\loaders\templateLoader.js??vue-loader-options!D:\Java_project\HYPBlog\blog-cms\node_modules\cache-loader\dist\cjs.js??ref--0-0!D:\Java_project\HYPBlog\blog-cms\node_modules\vue-loader\lib\index.js??vue-loader-options!D:\Java_project\HYPBlog\blog-cms\src\views\log\VisitLog.vue?vue&type=template&id=f79ba0c4&scoped=true
<s> [webpack.Progress] 40% building 144/191 modules 47 active D:\Java_project\HYPBlog\blog-cms\node_modules\vue-loader\lib\loaders\pitcher.js??ref--4!D:\Java_project\HYPBlog\blog-cms\node_modules\cache-loader\dist\cjs.js??ref--0-0!D:\Java_project\HYPBlog\blog-cms\node_modules\vue-loader\lib\index.js??vue-loader-options!D:\Java_project\HYPBlog\blog-cms\src\views\log\LoginLog.vue?vue&type=template&id=5c34e080&scoped=true
<s> [webpack.Progress] 40% building 145/191 modules 46 active D:\Java_project\HYPBlog\blog-cms\node_modules\cache-loader\dist\cjs.js?{"cacheDirectory":"node_modules/.cache/vue-loader","cacheIdentifier":"b828289e-vue-loader-template"}!D:\Java_project\HYPBlog\blog-cms\node_modules\vue-loader\lib\loaders\templateLoader.js??vue-loader-options!D:\Java_project\HYPBlog\blog-cms\node_modules\cache-loader\dist\cjs.js??ref--0-0!D:\Java_project\HYPBlog\blog-cms\node_modules\vue-loader\lib\index.js??vue-loader-options!D:\Java_project\HYPBlog\blog-cms\src\views\log\VisitLog.vue?vue&type=template&id=f79ba0c4&scoped=true
<s> [webpack.Progress] 40% building 145/192 modules 47 active D:\Java_project\HYPBlog\blog-cms\node_modules\cache-loader\dist\cjs.js?{"cacheDirectory":"node_modules/.cache/vue-loader","cacheIdentifier":"b828289e-vue-loader-template"}!D:\Java_project\HYPBlog\blog-cms\node_modules\vue-loader\lib\loaders\templateLoader.js??vue-loader-options!D:\Java_project\HYPBlog\blog-cms\node_modules\cache-loader\dist\cjs.js??ref--0-0!D:\Java_project\HYPBlog\blog-cms\node_modules\vue-loader\lib\index.js??vue-loader-options!D:\Java_project\HYPBlog\blog-cms\src\views\log\LoginLog.vue?vue&type=template&id=5c34e080&scoped=true
<s> [webpack.Progress] 40% building 145/193 modules 48 active D:\Java_project\HYPBlog\blog-cms\node_modules\vue-loader\lib\loaders\pitcher.js??ref--4!D:\Java_project\HYPBlog\blog-cms\node_modules\cache-loader\dist\cjs.js??ref--0-0!D:\Java_project\HYPBlog\blog-cms\node_modules\vue-loader\lib\index.js??vue-loader-options!D:\Java_project\HYPBlog\blog-cms\src\views\log\ScheduleJobLog.vue?vue&type=template&id=18acdd23&scoped=true
<s> [webpack.Progress] 40% building 146/193 modules 47 active D:\Java_project\HYPBlog\blog-cms\node_modules\cache-loader\dist\cjs.js?{"cacheDirectory":"node_modules/.cache/vue-loader","cacheIdentifier":"b828289e-vue-loader-template"}!D:\Java_project\HYPBlog\blog-cms\node_modules\vue-loader\lib\loaders\templateLoader.js??vue-loader-options!D:\Java_project\HYPBlog\blog-cms\node_modules\cache-loader\dist\cjs.js??ref--0-0!D:\Java_project\HYPBlog\blog-cms\node_modules\vue-loader\lib\index.js??vue-loader-options!D:\Java_project\HYPBlog\blog-cms\src\views\log\LoginLog.vue?vue&type=template&id=5c34e080&scoped=true
<s> [webpack.Progress] 40% building 146/194 modules 48 active D:\Java_project\HYPBlog\blog-cms\node_modules\cache-loader\dist\cjs.js?{"cacheDirectory":"node_modules/.cache/vue-loader","cacheIdentifier":"b828289e-vue-loader-template"}!D:\Java_project\HYPBlog\blog-cms\node_modules\vue-loader\lib\loaders\templateLoader.js??vue-loader-options!D:\Java_project\HYPBlog\blog-cms\node_modules\cache-loader\dist\cjs.js??ref--0-0!D:\Java_project\HYPBlog\blog-cms\node_modules\vue-loader\lib\index.js??vue-loader-options!D:\Java_project\HYPBlog\blog-cms\src\views\log\ScheduleJobLog.vue?vue&type=template&id=18acdd23&scoped=true
<s> [webpack.Progress] 40% building 146/195 modules 49 active D:\Java_project\HYPBlog\blog-cms\node_modules\vue-loader\lib\loaders\pitcher.js??ref--4!D:\Java_project\HYPBlog\blog-cms\node_modules\cache-loader\dist\cjs.js??ref--0-0!D:\Java_project\HYPBlog\blog-cms\node_modules\vue-loader\lib\index.js??vue-loader-options!D:\Java_project\HYPBlog\blog-cms\src\views\log\OperationLog.vue?vue&type=template&id=31b5fcfc&scoped=true
<s> [webpack.Progress] 40% building 147/195 modules 48 active D:\Java_project\HYPBlog\blog-cms\node_modules\cache-loader\dist\cjs.js?{"cacheDirectory":"node_modules/.cache/vue-loader","cacheIdentifier":"b828289e-vue-loader-template"}!D:\Java_project\HYPBlog\blog-cms\node_modules\vue-loader\lib\loaders\templateLoader.js??vue-loader-options!D:\Java_project\HYPBlog\blog-cms\node_modules\cache-loader\dist\cjs.js??ref--0-0!D:\Java_project\HYPBlog\blog-cms\node_modules\vue-loader\lib\index.js??vue-loader-options!D:\Java_project\HYPBlog\blog-cms\src\views\log\ScheduleJobLog.vue?vue&type=template&id=18acdd23&scoped=true
<s> [webpack.Progress] 40% building 147/196 modules 49 active D:\Java_project\HYPBlog\blog-cms\node_modules\cache-loader\dist\cjs.js?{"cacheDirectory":"node_modules/.cache/vue-loader","cacheIdentifier":"b828289e-vue-loader-template"}!D:\Java_project\HYPBlog\blog-cms\node_modules\vue-loader\lib\loaders\templateLoader.js??vue-loader-options!D:\Java_project\HYPBlog\blog-cms\node_modules\cache-loader\dist\cjs.js??ref--0-0!D:\Java_project\HYPBlog\blog-cms\node_modules\vue-loader\lib\index.js??vue-loader-options!D:\Java_project\HYPBlog\blog-cms\src\views\log\OperationLog.vue?vue&type=template&id=31b5fcfc&scoped=true
<s> [webpack.Progress] 40% building 147/197 modules 50 active D:\Java_project\HYPBlog\blog-cms\node_modules\core-js\internals\internal-state.js
<s> [webpack.Progress] 40% building 147/198 modules 51 active D:\Java_project\HYPBlog\blog-cms\node_modules\vue-loader\lib\loaders\pitcher.js??ref--4!D:\Java_project\HYPBlog\blog-cms\node_modules\cache-loader\dist\cjs.js??ref--0-0!D:\Java_project\HYPBlog\blog-cms\node_modules\vue-loader\lib\index.js??vue-loader-options!D:\Java_project\HYPBlog\blog-cms\src\views\statistics\Visitor.vue?vue&type=template&id=b81aac08&scoped=true
<s> [webpack.Progress] 40% building 148/198 modules 50 active D:\Java_project\HYPBlog\blog-cms\node_modules\core-js\internals\internal-state.js
<s> [webpack.Progress] 40% building 148/199 modules 51 active D:\Java_project\HYPBlog\blog-cms\node_modules\vue-loader\lib\loaders\pitcher.js??ref--4!D:\Java_project\HYPBlog\blog-cms\node_modules\vue-style-loader\index.js??ref--6-oneOf-1-0!D:\Java_project\HYPBlog\blog-cms\node_modules\css-loader\dist\cjs.js??ref--6-oneOf-1-1!D:\Java_project\HYPBlog\blog-cms\node_modules\postcss-loader\src\index.js??ref--6-oneOf-1-2!D:\Java_project\HYPBlog\blog-cms\node_modules\cache-loader\dist\cjs.js??ref--0-0!D:\Java_project\HYPBlog\blog-cms\node_modules\vue-loader\lib\index.js??vue-loader-options!D:\Java_project\HYPBlog\blog-cms\src\views\statistics\Visitor.vue?vue&type=style&index=0&id=b81aac08&scoped=true&lang=css
<s> [webpack.Progress] 40% building 149/199 modules 50 active D:\Java_project\HYPBlog\blog-cms\node_modules\core-js\internals\internal-state.js
<s> [webpack.Progress] 40% building 149/200 modules 51 active D:\Java_project\HYPBlog\blog-cms\node_modules\vue-loader\lib\loaders\pitcher.js??ref--4!D:\Java_project\HYPBlog\blog-cms\node_modules\cache-loader\dist\cjs.js??ref--12-0!D:\Java_project\HYPBlog\blog-cms\node_modules\babel-loader\lib\index.js!D:\Java_project\HYPBlog\blog-cms\node_modules\cache-loader\dist\cjs.js??ref--0-0!D:\Java_project\HYPBlog\blog-cms\node_modules\vue-loader\lib\index.js??vue-loader-options!D:\Java_project\HYPBlog\blog-cms\src\views\statistics\Visitor.vue?vue&type=script&lang=js
<s> [webpack.Progress] 40% building 150/200 modules 50 active D:\Java_project\HYPBlog\blog-cms\node_modules\core-js\internals\internal-state.js
<s> [webpack.Progress] 40% building 150/201 modules 51 active D:\Java_project\HYPBlog\blog-cms\node_modules\cache-loader\dist\cjs.js??ref--12-0!D:\Java_project\HYPBlog\blog-cms\node_modules\babel-loader\lib\index.js!D:\Java_project\HYPBlog\blog-cms\node_modules\cache-loader\dist\cjs.js??ref--0-0!D:\Java_project\HYPBlog\blog-cms\node_modules\vue-loader\lib\index.js??vue-loader-options!D:\Java_project\HYPBlog\blog-cms\src\views\statistics\Visitor.vue?vue&type=script&lang=js
<s> [webpack.Progress] 40% building 150/202 modules 52 active D:\Java_project\HYPBlog\blog-cms\node_modules\cache-loader\dist\cjs.js?{"cacheDirectory":"node_modules/.cache/vue-loader","cacheIdentifier":"b828289e-vue-loader-template"}!D:\Java_project\HYPBlog\blog-cms\node_modules\vue-loader\lib\loaders\templateLoader.js??vue-loader-options!D:\Java_project\HYPBlog\blog-cms\node_modules\cache-loader\dist\cjs.js??ref--0-0!D:\Java_project\HYPBlog\blog-cms\node_modules\vue-loader\lib\index.js??vue-loader-options!D:\Java_project\HYPBlog\blog-cms\src\views\statistics\Visitor.vue?vue&type=template&id=b81aac08&scoped=true
<s> [webpack.Progress] 40% building 150/203 modules 53 active D:\Java_project\HYPBlog\blog-cms\node_modules\vue-loader\lib\loaders\pitcher.js??ref--4!D:\Java_project\HYPBlog\blog-cms\node_modules\vue-style-loader\index.js??ref--6-oneOf-1-0!D:\Java_project\HYPBlog\blog-cms\node_modules\css-loader\dist\cjs.js??ref--6-oneOf-1-1!D:\Java_project\HYPBlog\blog-cms\node_modules\postcss-loader\src\index.js??ref--6-oneOf-1-2!D:\Java_project\HYPBlog\blog-cms\node_modules\cache-loader\dist\cjs.js??ref--0-0!D:\Java_project\HYPBlog\blog-cms\node_modules\vue-loader\lib\index.js??vue-loader-options!D:\Java_project\HYPBlog\blog-cms\src\views\log\OperationLog.vue?vue&type=style&index=0&id=31b5fcfc&scoped=true&lang=css
<s> [webpack.Progress] 40% building 151/203 modules 52 active D:\Java_project\HYPBlog\blog-cms\node_modules\cache-loader\dist\cjs.js?{"cacheDirectory":"node_modules/.cache/vue-loader","cacheIdentifier":"b828289e-vue-loader-template"}!D:\Java_project\HYPBlog\blog-cms\node_modules\vue-loader\lib\loaders\templateLoader.js??vue-loader-options!D:\Java_project\HYPBlog\blog-cms\node_modules\cache-loader\dist\cjs.js??ref--0-0!D:\Java_project\HYPBlog\blog-cms\node_modules\vue-loader\lib\index.js??vue-loader-options!D:\Java_project\HYPBlog\blog-cms\src\views\statistics\Visitor.vue?vue&type=template&id=b81aac08&scoped=true
<s> [webpack.Progress] 40% building 152/203 modules 51 active D:\Java_project\HYPBlog\blog-cms\node_modules\cache-loader\dist\cjs.js?{"cacheDirectory":"node_modules/.cache/vue-loader","cacheIdentifier":"b828289e-vue-loader-template"}!D:\Java_project\HYPBlog\blog-cms\node_modules\vue-loader\lib\loaders\templateLoader.js??vue-loader-options!D:\Java_project\HYPBlog\blog-cms\node_modules\cache-loader\dist\cjs.js??ref--0-0!D:\Java_project\HYPBlog\blog-cms\node_modules\vue-loader\lib\index.js??vue-loader-options!D:\Java_project\HYPBlog\blog-cms\src\views\statistics\Visitor.vue?vue&type=template&id=b81aac08&scoped=true
<s> [webpack.Progress] 40% building 153/203 modules 50 active D:\Java_project\HYPBlog\blog-cms\node_modules\cache-loader\dist\cjs.js?{"cacheDirectory":"node_modules/.cache/vue-loader","cacheIdentifier":"b828289e-vue-loader-template"}!D:\Java_project\HYPBlog\blog-cms\node_modules\vue-loader\lib\loaders\templateLoader.js??vue-loader-options!D:\Java_project\HYPBlog\blog-cms\node_modules\cache-loader\dist\cjs.js??ref--0-0!D:\Java_project\HYPBlog\blog-cms\node_modules\vue-loader\lib\index.js??vue-loader-options!D:\Java_project\HYPBlog\blog-cms\src\views\statistics\Visitor.vue?vue&type=template&id=b81aac08&scoped=true
<s> [webpack.Progress] 40% building 154/203 modules 49 active D:\Java_project\HYPBlog\blog-cms\node_modules\cache-loader\dist\cjs.js?{"cacheDirectory":"node_modules/.cache/vue-loader","cacheIdentifier":"b828289e-vue-loader-template"}!D:\Java_project\HYPBlog\blog-cms\node_modules\vue-loader\lib\loaders\templateLoader.js??vue-loader-options!D:\Java_project\HYPBlog\blog-cms\node_modules\cache-loader\dist\cjs.js??ref--0-0!D:\Java_project\HYPBlog\blog-cms\node_modules\vue-loader\lib\index.js??vue-loader-options!D:\Java_project\HYPBlog\blog-cms\src\views\statistics\Visitor.vue?vue&type=template&id=b81aac08&scoped=true
<s> [webpack.Progress] 40% building 155/203 modules 48 active D:\Java_project\HYPBlog\blog-cms\node_modules\cache-loader\dist\cjs.js?{"cacheDirectory":"node_modules/.cache/vue-loader","cacheIdentifier":"b828289e-vue-loader-template"}!D:\Java_project\HYPBlog\blog-cms\node_modules\vue-loader\lib\loaders\templateLoader.js??vue-loader-options!D:\Java_project\HYPBlog\blog-cms\node_modules\cache-loader\dist\cjs.js??ref--0-0!D:\Java_project\HYPBlog\blog-cms\node_modules\vue-loader\lib\index.js??vue-loader-options!D:\Java_project\HYPBlog\blog-cms\src\views\statistics\Visitor.vue?vue&type=template&id=b81aac08&scoped=true
<s> [webpack.Progress] 40% building 156/203 modules 47 active D:\Java_project\HYPBlog\blog-cms\node_modules\cache-loader\dist\cjs.js?{"cacheDirectory":"node_modules/.cache/vue-loader","cacheIdentifier":"b828289e-vue-loader-template"}!D:\Java_project\HYPBlog\blog-cms\node_modules\vue-loader\lib\loaders\templateLoader.js??vue-loader-options!D:\Java_project\HYPBlog\blog-cms\node_modules\cache-loader\dist\cjs.js??ref--0-0!D:\Java_project\HYPBlog\blog-cms\node_modules\vue-loader\lib\index.js??vue-loader-options!D:\Java_project\HYPBlog\blog-cms\src\views\statistics\Visitor.vue?vue&type=template&id=b81aac08&scoped=true
<s> [webpack.Progress] 40% building 157/203 modules 46 active D:\Java_project\HYPBlog\blog-cms\node_modules\cache-loader\dist\cjs.js?{"cacheDirectory":"node_modules/.cache/vue-loader","cacheIdentifier":"b828289e-vue-loader-template"}!D:\Java_project\HYPBlog\blog-cms\node_modules\vue-loader\lib\loaders\templateLoader.js??vue-loader-options!D:\Java_project\HYPBlog\blog-cms\node_modules\cache-loader\dist\cjs.js??ref--0-0!D:\Java_project\HYPBlog\blog-cms\node_modules\vue-loader\lib\index.js??vue-loader-options!D:\Java_project\HYPBlog\blog-cms\src\views\statistics\Visitor.vue?vue&type=template&id=b81aac08&scoped=true
<s> [webpack.Progress] 40% building 158/203 modules 45 active D:\Java_project\HYPBlog\blog-cms\node_modules\cache-loader\dist\cjs.js?{"cacheDirectory":"node_modules/.cache/vue-loader","cacheIdentifier":"b828289e-vue-loader-template"}!D:\Java_project\HYPBlog\blog-cms\node_modules\vue-loader\lib\loaders\templateLoader.js??vue-loader-options!D:\Java_project\HYPBlog\blog-cms\node_modules\cache-loader\dist\cjs.js??ref--0-0!D:\Java_project\HYPBlog\blog-cms\node_modules\vue-loader\lib\index.js??vue-loader-options!D:\Java_project\HYPBlog\blog-cms\src\views\statistics\Visitor.vue?vue&type=template&id=b81aac08&scoped=true
<s> [webpack.Progress] 40% building 158/204 modules 46 active D:\Java_project\HYPBlog\blog-cms\node_modules\core-js\internals\redefine-all.js
<s> [webpack.Progress] 40% building 158/205 modules 47 active D:\Java_project\HYPBlog\blog-cms\node_modules\moment\locale\af.js
<s> [webpack.Progress] 40% building 159/205 modules 46 active D:\Java_project\HYPBlog\blog-cms\node_modules\moment\locale\af.js
<s> [webpack.Progress] 40% building 159/206 modules 47 active D:\Java_project\HYPBlog\blog-cms\node_modules\element-ui\lib\utils\scrollbar-width.js
<s> [webpack.Progress] 40% building 159/207 modules 48 active D:\Java_project\HYPBlog\blog-cms\node_modules\core-js\internals\object-create.js
<s> [webpack.Progress] 40% building 159/208 modules 49 active D:\Java_project\HYPBlog\blog-cms\node_modules\core-js\internals\native-symbol.js
<s> [webpack.Progress] 40% building 159/209 modules 50 active D:\Java_project\HYPBlog\blog-cms\node_modules\core-js\internals\uid.js
<s> [webpack.Progress] 40% building 159/210 modules 51 active D:\Java_project\HYPBlog\blog-cms\node_modules\core-js\internals\shared.js
<s> [webpack.Progress] 40% building 160/210 modules 50 active D:\Java_project\HYPBlog\blog-cms\node_modules\core-js\internals\shared.js
<s> [webpack.Progress] 40% building 160/211 modules 51 active D:\Java_project\HYPBlog\blog-cms\node_modules\vue-loader\lib\loaders\pitcher.js??ref--4!D:\Java_project\HYPBlog\blog-cms\node_modules\cache-loader\dist\cjs.js??ref--0-0!D:\Java_project\HYPBlog\blog-cms\node_modules\vue-loader\lib\index.js??vue-loader-options!D:\Java_project\HYPBlog\blog-cms\src\views\blog\blog\WriteBlog.vue?vue&type=template&id=00baa937&scoped=true
<s> [webpack.Progress] 40% building 161/211 modules 50 active D:\Java_project\HYPBlog\blog-cms\node_modules\core-js\internals\shared.js
<s> [webpack.Progress] 40% building 161/212 modules 51 active D:\Java_project\HYPBlog\blog-cms\node_modules\cache-loader\dist\cjs.js?{"cacheDirectory":"node_modules/.cache/vue-loader","cacheIdentifier":"b828289e-vue-loader-template"}!D:\Java_project\HYPBlog\blog-cms\node_modules\vue-loader\lib\loaders\templateLoader.js??vue-loader-options!D:\Java_project\HYPBlog\blog-cms\node_modules\cache-loader\dist\cjs.js??ref--0-0!D:\Java_project\HYPBlog\blog-cms\node_modules\vue-loader\lib\index.js??vue-loader-options!D:\Java_project\HYPBlog\blog-cms\src\views\blog\blog\WriteBlog.vue?vue&type=template&id=00baa937&scoped=true
<s> [webpack.Progress] 40% building 161/213 modules 52 active D:\Java_project\HYPBlog\blog-cms\node_modules\vue-loader\lib\loaders\pitcher.js??ref--4!D:\Java_project\HYPBlog\blog-cms\node_modules\cache-loader\dist\cjs.js??ref--0-0!D:\Java_project\HYPBlog\blog-cms\node_modules\vue-loader\lib\index.js??vue-loader-options!D:\Java_project\HYPBlog\blog-cms\src\views\blog\category\CategoryList.vue?vue&type=template&id=079ff18c&scoped=true
<s> [webpack.Progress] 40% building 162/213 modules 51 active D:\Java_project\HYPBlog\blog-cms\node_modules\cache-loader\dist\cjs.js?{"cacheDirectory":"node_modules/.cache/vue-loader","cacheIdentifier":"b828289e-vue-loader-template"}!D:\Java_project\HYPBlog\blog-cms\node_modules\vue-loader\lib\loaders\templateLoader.js??vue-loader-options!D:\Java_project\HYPBlog\blog-cms\node_modules\cache-loader\dist\cjs.js??ref--0-0!D:\Java_project\HYPBlog\blog-cms\node_modules\vue-loader\lib\index.js??vue-loader-options!D:\Java_project\HYPBlog\blog-cms\src\views\blog\blog\WriteBlog.vue?vue&type=template&id=00baa937&scoped=true
<s> [webpack.Progress] 40% building 162/214 modules 52 active D:\Java_project\HYPBlog\blog-cms\node_modules\cache-loader\dist\cjs.js?{"cacheDirectory":"node_modules/.cache/vue-loader","cacheIdentifier":"b828289e-vue-loader-template"}!D:\Java_project\HYPBlog\blog-cms\node_modules\vue-loader\lib\loaders\templateLoader.js??vue-loader-options!D:\Java_project\HYPBlog\blog-cms\node_modules\cache-loader\dist\cjs.js??ref--0-0!D:\Java_project\HYPBlog\blog-cms\node_modules\vue-loader\lib\index.js??vue-loader-options!D:\Java_project\HYPBlog\blog-cms\src\views\blog\category\CategoryList.vue?vue&type=template&id=079ff18c&scoped=true
<s> [webpack.Progress] 40% building 162/215 modules 53 active D:\Java_project\HYPBlog\blog-cms\node_modules\vue-loader\lib\loaders\pitcher.js??ref--4!D:\Java_project\HYPBlog\blog-cms\node_modules\cache-loader\dist\cjs.js??ref--0-0!D:\Java_project\HYPBlog\blog-cms\node_modules\vue-loader\lib\index.js??vue-loader-options!D:\Java_project\HYPBlog\blog-cms\src\views\blog\comment\CommentList.vue?vue&type=template&id=c04cd00c&scoped=true
<s> [webpack.Progress] 40% building 163/215 modules 52 active D:\Java_project\HYPBlog\blog-cms\node_modules\cache-loader\dist\cjs.js?{"cacheDirectory":"node_modules/.cache/vue-loader","cacheIdentifier":"b828289e-vue-loader-template"}!D:\Java_project\HYPBlog\blog-cms\node_modules\vue-loader\lib\loaders\templateLoader.js??vue-loader-options!D:\Java_project\HYPBlog\blog-cms\node_modules\cache-loader\dist\cjs.js??ref--0-0!D:\Java_project\HYPBlog\blog-cms\node_modules\vue-loader\lib\index.js??vue-loader-options!D:\Java_project\HYPBlog\blog-cms\src\views\blog\category\CategoryList.vue?vue&type=template&id=079ff18c&scoped=true
<s> [webpack.Progress] 40% building 163/216 modules 53 active D:\Java_project\HYPBlog\blog-cms\node_modules\cache-loader\dist\cjs.js?{"cacheDirectory":"node_modules/.cache/vue-loader","cacheIdentifier":"b828289e-vue-loader-template"}!D:\Java_project\HYPBlog\blog-cms\node_modules\vue-loader\lib\loaders\templateLoader.js??vue-loader-options!D:\Java_project\HYPBlog\blog-cms\node_modules\cache-loader\dist\cjs.js??ref--0-0!D:\Java_project\HYPBlog\blog-cms\node_modules\vue-loader\lib\index.js??vue-loader-options!D:\Java_project\HYPBlog\blog-cms\src\views\blog\comment\CommentList.vue?vue&type=template&id=c04cd00c&scoped=true
<s> [webpack.Progress] 40% building 163/217 modules 54 active D:\Java_project\HYPBlog\blog-cms\node_modules\vue-loader\lib\loaders\pitcher.js??ref--4!D:\Java_project\HYPBlog\blog-cms\node_modules\cache-loader\dist\cjs.js??ref--0-0!D:\Java_project\HYPBlog\blog-cms\node_modules\vue-loader\lib\index.js??vue-loader-options!D:\Java_project\HYPBlog\blog-cms\src\views\blog\moment\WriteMoment.vue?vue&type=template&id=b204de1a&scoped=true
<s> [webpack.Progress] 40% building 164/217 modules 53 active D:\Java_project\HYPBlog\blog-cms\node_modules\cache-loader\dist\cjs.js?{"cacheDirectory":"node_modules/.cache/vue-loader","cacheIdentifier":"b828289e-vue-loader-template"}!D:\Java_project\HYPBlog\blog-cms\node_modules\vue-loader\lib\loaders\templateLoader.js??vue-loader-options!D:\Java_project\HYPBlog\blog-cms\node_modules\cache-loader\dist\cjs.js??ref--0-0!D:\Java_project\HYPBlog\blog-cms\node_modules\vue-loader\lib\index.js??vue-loader-options!D:\Java_project\HYPBlog\blog-cms\src\views\blog\comment\CommentList.vue?vue&type=template&id=c04cd00c&scoped=true
<s> [webpack.Progress] 40% building 164/218 modules 54 active D:\Java_project\HYPBlog\blog-cms\node_modules\cache-loader\dist\cjs.js?{"cacheDirectory":"node_modules/.cache/vue-loader","cacheIdentifier":"b828289e-vue-loader-template"}!D:\Java_project\HYPBlog\blog-cms\node_modules\vue-loader\lib\loaders\templateLoader.js??vue-loader-options!D:\Java_project\HYPBlog\blog-cms\node_modules\cache-loader\dist\cjs.js??ref--0-0!D:\Java_project\HYPBlog\blog-cms\node_modules\vue-loader\lib\index.js??vue-loader-options!D:\Java_project\HYPBlog\blog-cms\src\views\blog\moment\WriteMoment.vue?vue&type=template&id=b204de1a&scoped=true
<s> [webpack.Progress] 40% building 164/219 modules 55 active D:\Java_project\HYPBlog\blog-cms\node_modules\vue-loader\lib\loaders\pitcher.js??ref--4!D:\Java_project\HYPBlog\blog-cms\node_modules\cache-loader\dist\cjs.js??ref--0-0!D:\Java_project\HYPBlog\blog-cms\node_modules\vue-loader\lib\index.js??vue-loader-options!D:\Java_project\HYPBlog\blog-cms\src\views\blog\blog\BlogList.vue?vue&type=template&id=0149633a&scoped=true
<s> [webpack.Progress] 40% building 165/219 modules 54 active D:\Java_project\HYPBlog\blog-cms\node_modules\cache-loader\dist\cjs.js?{"cacheDirectory":"node_modules/.cache/vue-loader","cacheIdentifier":"b828289e-vue-loader-template"}!D:\Java_project\HYPBlog\blog-cms\node_modules\vue-loader\lib\loaders\templateLoader.js??vue-loader-options!D:\Java_project\HYPBlog\blog-cms\node_modules\cache-loader\dist\cjs.js??ref--0-0!D:\Java_project\HYPBlog\blog-cms\node_modules\vue-loader\lib\index.js??vue-loader-options!D:\Java_project\HYPBlog\blog-cms\src\views\blog\moment\WriteMoment.vue?vue&type=template&id=b204de1a&scoped=true
<s> [webpack.Progress] 40% building 165/220 modules 55 active D:\Java_project\HYPBlog\blog-cms\node_modules\cache-loader\dist\cjs.js?{"cacheDirectory":"node_modules/.cache/vue-loader","cacheIdentifier":"b828289e-vue-loader-template"}!D:\Java_project\HYPBlog\blog-cms\node_modules\vue-loader\lib\loaders\templateLoader.js??vue-loader-options!D:\Java_project\HYPBlog\blog-cms\node_modules\cache-loader\dist\cjs.js??ref--0-0!D:\Java_project\HYPBlog\blog-cms\node_modules\vue-loader\lib\index.js??vue-loader-options!D:\Java_project\HYPBlog\blog-cms\src\views\blog\blog\BlogList.vue?vue&type=template&id=0149633a&scoped=true
<s> [webpack.Progress] 40% building 165/221 modules 56 active D:\Java_project\HYPBlog\blog-cms\node_modules\vue-loader\lib\loaders\pitcher.js??ref--4!D:\Java_project\HYPBlog\blog-cms\node_modules\cache-loader\dist\cjs.js??ref--0-0!D:\Java_project\HYPBlog\blog-cms\node_modules\vue-loader\lib\index.js??vue-loader-options!D:\Java_project\HYPBlog\blog-cms\src\views\blog\tag\TagList.vue?vue&type=template&id=fcb76820&scoped=true
<s> [webpack.Progress] 40% building 166/221 modules 55 active D:\Java_project\HYPBlog\blog-cms\node_modules\cache-loader\dist\cjs.js?{"cacheDirectory":"node_modules/.cache/vue-loader","cacheIdentifier":"b828289e-vue-loader-template"}!D:\Java_project\HYPBlog\blog-cms\node_modules\vue-loader\lib\loaders\templateLoader.js??vue-loader-options!D:\Java_project\HYPBlog\blog-cms\node_modules\cache-loader\dist\cjs.js??ref--0-0!D:\Java_project\HYPBlog\blog-cms\node_modules\vue-loader\lib\index.js??vue-loader-options!D:\Java_project\HYPBlog\blog-cms\src\views\blog\blog\BlogList.vue?vue&type=template&id=0149633a&scoped=true
<s> [webpack.Progress] 40% building 166/222 modules 56 active D:\Java_project\HYPBlog\blog-cms\node_modules\cache-loader\dist\cjs.js?{"cacheDirectory":"node_modules/.cache/vue-loader","cacheIdentifier":"b828289e-vue-loader-template"}!D:\Java_project\HYPBlog\blog-cms\node_modules\vue-loader\lib\loaders\templateLoader.js??vue-loader-options!D:\Java_project\HYPBlog\blog-cms\node_modules\cache-loader\dist\cjs.js??ref--0-0!D:\Java_project\HYPBlog\blog-cms\node_modules\vue-loader\lib\index.js??vue-loader-options!D:\Java_project\HYPBlog\blog-cms\src\views\blog\tag\TagList.vue?vue&type=template&id=fcb76820&scoped=true
<s> [webpack.Progress] 40% building 166/223 modules 57 active D:\Java_project\HYPBlog\blog-cms\node_modules\vue-loader\lib\loaders\pitcher.js??ref--4!D:\Java_project\HYPBlog\blog-cms\node_modules\cache-loader\dist\cjs.js??ref--0-0!D:\Java_project\HYPBlog\blog-cms\node_modules\vue-loader\lib\index.js??vue-loader-options!D:\Java_project\HYPBlog\blog-cms\src\views\blog\moment\MomentList.vue?vue&type=template&id=1acdc3ba&scoped=true
<s> [webpack.Progress] 40% building 167/223 modules 56 active D:\Java_project\HYPBlog\blog-cms\node_modules\cache-loader\dist\cjs.js?{"cacheDirectory":"node_modules/.cache/vue-loader","cacheIdentifier":"b828289e-vue-loader-template"}!D:\Java_project\HYPBlog\blog-cms\node_modules\vue-loader\lib\loaders\templateLoader.js??vue-loader-options!D:\Java_project\HYPBlog\blog-cms\node_modules\cache-loader\dist\cjs.js??ref--0-0!D:\Java_project\HYPBlog\blog-cms\node_modules\vue-loader\lib\index.js??vue-loader-options!D:\Java_project\HYPBlog\blog-cms\src\views\blog\tag\TagList.vue?vue&type=template&id=fcb76820&scoped=true
<s> [webpack.Progress] 40% building 167/224 modules 57 active D:\Java_project\HYPBlog\blog-cms\node_modules\vue-loader\lib\loaders\pitcher.js??ref--4!D:\Java_project\HYPBlog\blog-cms\node_modules\vue-style-loader\index.js??ref--6-oneOf-1-0!D:\Java_project\HYPBlog\blog-cms\node_modules\css-loader\dist\cjs.js??ref--6-oneOf-1-1!D:\Java_project\HYPBlog\blog-cms\node_modules\postcss-loader\src\index.js??ref--6-oneOf-1-2!D:\Java_project\HYPBlog\blog-cms\node_modules\cache-loader\dist\cjs.js??ref--0-0!D:\Java_project\HYPBlog\blog-cms\node_modules\vue-loader\lib\index.js??vue-loader-options!D:\Java_project\HYPBlog\blog-cms\src\views\blog\moment\MomentList.vue?vue&type=style&index=0&id=1acdc3ba&scoped=true&lang=css
<s> [webpack.Progress] 40% building 168/224 modules 56 active D:\Java_project\HYPBlog\blog-cms\node_modules\cache-loader\dist\cjs.js?{"cacheDirectory":"node_modules/.cache/vue-loader","cacheIdentifier":"b828289e-vue-loader-template"}!D:\Java_project\HYPBlog\blog-cms\node_modules\vue-loader\lib\loaders\templateLoader.js??vue-loader-options!D:\Java_project\HYPBlog\blog-cms\node_modules\cache-loader\dist\cjs.js??ref--0-0!D:\Java_project\HYPBlog\blog-cms\node_modules\vue-loader\lib\index.js??vue-loader-options!D:\Java_project\HYPBlog\blog-cms\src\views\blog\tag\TagList.vue?vue&type=template&id=fcb76820&scoped=true
<s> [webpack.Progress] 40% building 168/225 modules 57 active D:\Java_project\HYPBlog\blog-cms\node_modules\vue-loader\lib\loaders\pitcher.js??ref--4!D:\Java_project\HYPBlog\blog-cms\node_modules\cache-loader\dist\cjs.js??ref--12-0!D:\Java_project\HYPBlog\blog-cms\node_modules\babel-loader\lib\index.js!D:\Java_project\HYPBlog\blog-cms\node_modules\cache-loader\dist\cjs.js??ref--0-0!D:\Java_project\HYPBlog\blog-cms\node_modules\vue-loader\lib\index.js??vue-loader-options!D:\Java_project\HYPBlog\blog-cms\src\views\blog\moment\MomentList.vue?vue&type=script&lang=js
<s> [webpack.Progress] 40% building 169/225 modules 56 active D:\Java_project\HYPBlog\blog-cms\node_modules\cache-loader\dist\cjs.js?{"cacheDirectory":"node_modules/.cache/vue-loader","cacheIdentifier":"b828289e-vue-loader-template"}!D:\Java_project\HYPBlog\blog-cms\node_modules\vue-loader\lib\loaders\templateLoader.js??vue-loader-options!D:\Java_project\HYPBlog\blog-cms\node_modules\cache-loader\dist\cjs.js??ref--0-0!D:\Java_project\HYPBlog\blog-cms\node_modules\vue-loader\lib\index.js??vue-loader-options!D:\Java_project\HYPBlog\blog-cms\src\views\blog\tag\TagList.vue?vue&type=template&id=fcb76820&scoped=true
<s> [webpack.Progress] 40% building 169/226 modules 57 active D:\Java_project\HYPBlog\blog-cms\node_modules\cache-loader\dist\cjs.js??ref--12-0!D:\Java_project\HYPBlog\blog-cms\node_modules\babel-loader\lib\index.js!D:\Java_project\HYPBlog\blog-cms\node_modules\cache-loader\dist\cjs.js??ref--0-0!D:\Java_project\HYPBlog\blog-cms\node_modules\vue-loader\lib\index.js??vue-loader-options!D:\Java_project\HYPBlog\blog-cms\src\views\blog\moment\MomentList.vue?vue&type=script&lang=js
<s> [webpack.Progress] 40% building 169/227 modules 58 active D:\Java_project\HYPBlog\blog-cms\node_modules\cache-loader\dist\cjs.js?{"cacheDirectory":"node_modules/.cache/vue-loader","cacheIdentifier":"b828289e-vue-loader-template"}!D:\Java_project\HYPBlog\blog-cms\node_modules\vue-loader\lib\loaders\templateLoader.js??vue-loader-options!D:\Java_project\HYPBlog\blog-cms\node_modules\cache-loader\dist\cjs.js??ref--0-0!D:\Java_project\HYPBlog\blog-cms\node_modules\vue-loader\lib\index.js??vue-loader-options!D:\Java_project\HYPBlog\blog-cms\src\views\blog\moment\MomentList.vue?vue&type=template&id=1acdc3ba&scoped=true
<s> [webpack.Progress] 40% building 170/227 modules 57 active D:\Java_project\HYPBlog\blog-cms\node_modules\cache-loader\dist\cjs.js?{"cacheDirectory":"node_modules/.cache/vue-loader","cacheIdentifier":"b828289e-vue-loader-template"}!D:\Java_project\HYPBlog\blog-cms\node_modules\vue-loader\lib\loaders\templateLoader.js??vue-loader-options!D:\Java_project\HYPBlog\blog-cms\node_modules\cache-loader\dist\cjs.js??ref--0-0!D:\Java_project\HYPBlog\blog-cms\node_modules\vue-loader\lib\index.js??vue-loader-options!D:\Java_project\HYPBlog\blog-cms\src\views\blog\moment\MomentList.vue?vue&type=template&id=1acdc3ba&scoped=true
<s> [webpack.Progress] 40% building 170/228 modules 58 active D:\Java_project\HYPBlog\blog-cms\node_modules\vue-loader\lib\loaders\pitcher.js??ref--4!D:\Java_project\HYPBlog\blog-cms\node_modules\vue-style-loader\index.js??ref--6-oneOf-1-0!D:\Java_project\HYPBlog\blog-cms\node_modules\css-loader\dist\cjs.js??ref--6-oneOf-1-1!D:\Java_project\HYPBlog\blog-cms\node_modules\postcss-loader\src\index.js??ref--6-oneOf-1-2!D:\Java_project\HYPBlog\blog-cms\node_modules\cache-loader\dist\cjs.js??ref--0-0!D:\Java_project\HYPBlog\blog-cms\node_modules\vue-loader\lib\index.js??vue-loader-options!D:\Java_project\HYPBlog\blog-cms\src\views\blog\tag\TagList.vue?vue&type=style&index=0&id=fcb76820&scoped=true&lang=css
<s> [webpack.Progress] 40% building 171/228 modules 57 active D:\Java_project\HYPBlog\blog-cms\node_modules\cache-loader\dist\cjs.js?{"cacheDirectory":"node_modules/.cache/vue-loader","cacheIdentifier":"b828289e-vue-loader-template"}!D:\Java_project\HYPBlog\blog-cms\node_modules\vue-loader\lib\loaders\templateLoader.js??vue-loader-options!D:\Java_project\HYPBlog\blog-cms\node_modules\cache-loader\dist\cjs.js??ref--0-0!D:\Java_project\HYPBlog\blog-cms\node_modules\vue-loader\lib\index.js??vue-loader-options!D:\Java_project\HYPBlog\blog-cms\src\views\blog\moment\MomentList.vue?vue&type=template&id=1acdc3ba&scoped=true
<s> [webpack.Progress] 40% building 171/229 modules 58 active D:\Java_project\HYPBlog\blog-cms\node_modules\vue-loader\lib\loaders\pitcher.js??ref--4!D:\Java_project\HYPBlog\blog-cms\node_modules\cache-loader\dist\cjs.js??ref--12-0!D:\Java_project\HYPBlog\blog-cms\node_modules\babel-loader\lib\index.js!D:\Java_project\HYPBlog\blog-cms\node_modules\cache-loader\dist\cjs.js??ref--0-0!D:\Java_project\HYPBlog\blog-cms\node_modules\vue-loader\lib\index.js??vue-loader-options!D:\Java_project\HYPBlog\blog-cms\src\views\blog\tag\TagList.vue?vue&type=script&lang=js
<s> [webpack.Progress] 40% building 172/229 modules 57 active D:\Java_project\HYPBlog\blog-cms\node_modules\cache-loader\dist\cjs.js?{"cacheDirectory":"node_modules/.cache/vue-loader","cacheIdentifier":"b828289e-vue-loader-template"}!D:\Java_project\HYPBlog\blog-cms\node_modules\vue-loader\lib\loaders\templateLoader.js??vue-loader-options!D:\Java_project\HYPBlog\blog-cms\node_modules\cache-loader\dist\cjs.js??ref--0-0!D:\Java_project\HYPBlog\blog-cms\node_modules\vue-loader\lib\index.js??vue-loader-options!D:\Java_project\HYPBlog\blog-cms\src\views\blog\moment\MomentList.vue?vue&type=template&id=1acdc3ba&scoped=true
<s> [webpack.Progress] 40% building 172/230 modules 58 active D:\Java_project\HYPBlog\blog-cms\node_modules\cache-loader\dist\cjs.js??ref--12-0!D:\Java_project\HYPBlog\blog-cms\node_modules\babel-loader\lib\index.js!D:\Java_project\HYPBlog\blog-cms\node_modules\cache-loader\dist\cjs.js??ref--0-0!D:\Java_project\HYPBlog\blog-cms\node_modules\vue-loader\lib\index.js??vue-loader-options!D:\Java_project\HYPBlog\blog-cms\src\views\blog\tag\TagList.vue?vue&type=script&lang=js
<s> [webpack.Progress] 40% building 172/231 modules 59 active D:\Java_project\HYPBlog\blog-cms\node_modules\vue-loader\lib\loaders\pitcher.js??ref--4!D:\Java_project\HYPBlog\blog-cms\node_modules\vue-style-loader\index.js??ref--6-oneOf-1-0!D:\Java_project\HYPBlog\blog-cms\node_modules\css-loader\dist\cjs.js??ref--6-oneOf-1-1!D:\Java_project\HYPBlog\blog-cms\node_modules\postcss-loader\src\index.js??ref--6-oneOf-1-2!D:\Java_project\HYPBlog\blog-cms\node_modules\cache-loader\dist\cjs.js??ref--0-0!D:\Java_project\HYPBlog\blog-cms\node_modules\vue-loader\lib\index.js??vue-loader-options!D:\Java_project\HYPBlog\blog-cms\src\views\blog\blog\BlogList.vue?vue&type=style&index=0&id=0149633a&scoped=true&lang=css
<s> [webpack.Progress] 40% building 173/231 modules 58 active D:\Java_project\HYPBlog\blog-cms\node_modules\cache-loader\dist\cjs.js??ref--12-0!D:\Java_project\HYPBlog\blog-cms\node_modules\babel-loader\lib\index.js!D:\Java_project\HYPBlog\blog-cms\node_modules\cache-loader\dist\cjs.js??ref--0-0!D:\Java_project\HYPBlog\blog-cms\node_modules\vue-loader\lib\index.js??vue-loader-options!D:\Java_project\HYPBlog\blog-cms\src\views\blog\tag\TagList.vue?vue&type=script&lang=js
<s> [webpack.Progress] 40% building 173/232 modules 59 active D:\Java_project\HYPBlog\blog-cms\node_modules\vue-loader\lib\loaders\pitcher.js??ref--4!D:\Java_project\HYPBlog\blog-cms\node_modules\cache-loader\dist\cjs.js??ref--12-0!D:\Java_project\HYPBlog\blog-cms\node_modules\babel-loader\lib\index.js!D:\Java_project\HYPBlog\blog-cms\node_modules\cache-loader\dist\cjs.js??ref--0-0!D:\Java_project\HYPBlog\blog-cms\node_modules\vue-loader\lib\index.js??vue-loader-options!D:\Java_project\HYPBlog\blog-cms\src\views\blog\blog\BlogList.vue?vue&type=script&lang=js
<s> [webpack.Progress] 40% building 174/232 modules 58 active D:\Java_project\HYPBlog\blog-cms\node_modules\cache-loader\dist\cjs.js??ref--12-0!D:\Java_project\HYPBlog\blog-cms\node_modules\babel-loader\lib\index.js!D:\Java_project\HYPBlog\blog-cms\node_modules\cache-loader\dist\cjs.js??ref--0-0!D:\Java_project\HYPBlog\blog-cms\node_modules\vue-loader\lib\index.js??vue-loader-options!D:\Java_project\HYPBlog\blog-cms\src\views\blog\tag\TagList.vue?vue&type=script&lang=js
<s> [webpack.Progress] 40% building 174/233 modules 59 active D:\Java_project\HYPBlog\blog-cms\node_modules\cache-loader\dist\cjs.js??ref--12-0!D:\Java_project\HYPBlog\blog-cms\node_modules\babel-loader\lib\index.js!D:\Java_project\HYPBlog\blog-cms\node_modules\cache-loader\dist\cjs.js??ref--0-0!D:\Java_project\HYPBlog\blog-cms\node_modules\vue-loader\lib\index.js??vue-loader-options!D:\Java_project\HYPBlog\blog-cms\src\views\blog\blog\BlogList.vue?vue&type=script&lang=js
<s> [webpack.Progress] 40% building 175/233 modules 58 active D:\Java_project\HYPBlog\blog-cms\node_modules\cache-loader\dist\cjs.js??ref--12-0!D:\Java_project\HYPBlog\blog-cms\node_modules\babel-loader\lib\index.js!D:\Java_project\HYPBlog\blog-cms\node_modules\cache-loader\dist\cjs.js??ref--0-0!D:\Java_project\HYPBlog\blog-cms\node_modules\vue-loader\lib\index.js??vue-loader-options!D:\Java_project\HYPBlog\blog-cms\src\views\blog\blog\BlogList.vue?vue&type=script&lang=js
<s> [webpack.Progress] 40% building 176/233 modules 57 active D:\Java_project\HYPBlog\blog-cms\node_modules\cache-loader\dist\cjs.js??ref--12-0!D:\Java_project\HYPBlog\blog-cms\node_modules\babel-loader\lib\index.js!D:\Java_project\HYPBlog\blog-cms\node_modules\cache-loader\dist\cjs.js??ref--0-0!D:\Java_project\HYPBlog\blog-cms\node_modules\vue-loader\lib\index.js??vue-loader-options!D:\Java_project\HYPBlog\blog-cms\src\views\blog\blog\BlogList.vue?vue&type=script&lang=js
<s> [webpack.Progress] 40% building 177/233 modules 56 active D:\Java_project\HYPBlog\blog-cms\node_modules\cache-loader\dist\cjs.js??ref--12-0!D:\Java_project\HYPBlog\blog-cms\node_modules\babel-loader\lib\index.js!D:\Java_project\HYPBlog\blog-cms\node_modules\cache-loader\dist\cjs.js??ref--0-0!D:\Java_project\HYPBlog\blog-cms\node_modules\vue-loader\lib\index.js??vue-loader-options!D:\Java_project\HYPBlog\blog-cms\src\views\blog\blog\BlogList.vue?vue&type=script&lang=js
<s> [webpack.Progress] 40% building 178/233 modules 55 active D:\Java_project\HYPBlog\blog-cms\node_modules\cache-loader\dist\cjs.js??ref--12-0!D:\Java_project\HYPBlog\blog-cms\node_modules\babel-loader\lib\index.js!D:\Java_project\HYPBlog\blog-cms\node_modules\cache-loader\dist\cjs.js??ref--0-0!D:\Java_project\HYPBlog\blog-cms\node_modules\vue-loader\lib\index.js??vue-loader-options!D:\Java_project\HYPBlog\blog-cms\src\views\blog\blog\BlogList.vue?vue&type=script&lang=js
<s> [webpack.Progress] 40% building 178/234 modules 56 active D:\Java_project\HYPBlog\blog-cms\node_modules\vue-loader\lib\loaders\pitcher.js??ref--4!D:\Java_project\HYPBlog\blog-cms\node_modules\cache-loader\dist\cjs.js??ref--12-0!D:\Java_project\HYPBlog\blog-cms\node_modules\babel-loader\lib\index.js!D:\Java_project\HYPBlog\blog-cms\node_modules\cache-loader\dist\cjs.js??ref--0-0!D:\Java_project\HYPBlog\blog-cms\node_modules\vue-loader\lib\index.js??vue-loader-options!D:\Java_project\HYPBlog\blog-cms\src\views\blog\moment\WriteMoment.vue?vue&type=script&lang=js
<s> [webpack.Progress] 40% building 179/234 modules 55 active D:\Java_project\HYPBlog\blog-cms\node_modules\cache-loader\dist\cjs.js??ref--12-0!D:\Java_project\HYPBlog\blog-cms\node_modules\babel-loader\lib\index.js!D:\Java_project\HYPBlog\blog-cms\node_modules\cache-loader\dist\cjs.js??ref--0-0!D:\Java_project\HYPBlog\blog-cms\node_modules\vue-loader\lib\index.js??vue-loader-options!D:\Java_project\HYPBlog\blog-cms\src\views\blog\blog\BlogList.vue?vue&type=script&lang=js
<s> [webpack.Progress] 40% building 179/235 modules 56 active D:\Java_project\HYPBlog\blog-cms\node_modules\cache-loader\dist\cjs.js??ref--12-0!D:\Java_project\HYPBlog\blog-cms\node_modules\babel-loader\lib\index.js!D:\Java_project\HYPBlog\blog-cms\node_modules\cache-loader\dist\cjs.js??ref--0-0!D:\Java_project\HYPBlog\blog-cms\node_modules\vue-loader\lib\index.js??vue-loader-options!D:\Java_project\HYPBlog\blog-cms\src\views\blog\moment\WriteMoment.vue?vue&type=script&lang=js
<s> [webpack.Progress] 40% building 180/235 modules 55 active D:\Java_project\HYPBlog\blog-cms\node_modules\cache-loader\dist\cjs.js??ref--12-0!D:\Java_project\HYPBlog\blog-cms\node_modules\babel-loader\lib\index.js!D:\Java_project\HYPBlog\blog-cms\node_modules\cache-loader\dist\cjs.js??ref--0-0!D:\Java_project\HYPBlog\blog-cms\node_modules\vue-loader\lib\index.js??vue-loader-options!D:\Java_project\HYPBlog\blog-cms\src\views\blog\moment\WriteMoment.vue?vue&type=script&lang=js
<s> [webpack.Progress] 40% building 181/235 modules 54 active D:\Java_project\HYPBlog\blog-cms\node_modules\cache-loader\dist\cjs.js??ref--12-0!D:\Java_project\HYPBlog\blog-cms\node_modules\babel-loader\lib\index.js!D:\Java_project\HYPBlog\blog-cms\node_modules\cache-loader\dist\cjs.js??ref--0-0!D:\Java_project\HYPBlog\blog-cms\node_modules\vue-loader\lib\index.js??vue-loader-options!D:\Java_project\HYPBlog\blog-cms\src\views\blog\moment\WriteMoment.vue?vue&type=script&lang=js
<s> [webpack.Progress] 40% building 181/236 modules 55 active D:\Java_project\HYPBlog\blog-cms\node_modules\element-ui\lib\utils\popper.js
<s> [webpack.Progress] 40% building 182/236 modules 54 active D:\Java_project\HYPBlog\blog-cms\node_modules\element-ui\lib\utils\popper.js
<s> [webpack.Progress] 40% building 183/236 modules 53 active D:\Java_project\HYPBlog\blog-cms\node_modules\element-ui\lib\utils\popper.js
<s> [webpack.Progress] 40% building 184/236 modules 52 active D:\Java_project\HYPBlog\blog-cms\node_modules\element-ui\lib\utils\popper.js
<s> [webpack.Progress] 40% building 185/236 modules 51 active D:\Java_project\HYPBlog\blog-cms\node_modules\element-ui\lib\utils\popper.js
<s> [webpack.Progress] 40% building 185/237 modules 52 active D:\Java_project\HYPBlog\blog-cms\node_modules\vue-loader\lib\loaders\pitcher.js??ref--4!D:\Java_project\HYPBlog\blog-cms\node_modules\cache-loader\dist\cjs.js??ref--12-0!D:\Java_project\HYPBlog\blog-cms\node_modules\babel-loader\lib\index.js!D:\Java_project\HYPBlog\blog-cms\node_modules\cache-loader\dist\cjs.js??ref--0-0!D:\Java_project\HYPBlog\blog-cms\node_modules\vue-loader\lib\index.js??vue-loader-options!D:\Java_project\HYPBlog\blog-cms\src\views\blog\comment\CommentList.vue?vue&type=script&lang=js
<s> [webpack.Progress] 40% building 186/237 modules 51 active D:\Java_project\HYPBlog\blog-cms\node_modules\element-ui\lib\utils\popper.js
<s> [webpack.Progress] 40% building 186/238 modules 52 active D:\Java_project\HYPBlog\blog-cms\node_modules\cache-loader\dist\cjs.js??ref--12-0!D:\Java_project\HYPBlog\blog-cms\node_modules\babel-loader\lib\index.js!D:\Java_project\HYPBlog\blog-cms\node_modules\cache-loader\dist\cjs.js??ref--0-0!D:\Java_project\HYPBlog\blog-cms\node_modules\vue-loader\lib\index.js??vue-loader-options!D:\Java_project\HYPBlog\blog-cms\src\views\blog\comment\CommentList.vue?vue&type=script&lang=js
<s> [webpack.Progress] 40% building 187/238 modules 51 active D:\Java_project\HYPBlog\blog-cms\node_modules\cache-loader\dist\cjs.js??ref--12-0!D:\Java_project\HYPBlog\blog-cms\node_modules\babel-loader\lib\index.js!D:\Java_project\HYPBlog\blog-cms\node_modules\cache-loader\dist\cjs.js??ref--0-0!D:\Java_project\HYPBlog\blog-cms\node_modules\vue-loader\lib\index.js??vue-loader-options!D:\Java_project\HYPBlog\blog-cms\src\views\blog\comment\CommentList.vue?vue&type=script&lang=js
<s> [webpack.Progress] 40% building 187/239 modules 52 active D:\Java_project\HYPBlog\blog-cms\node_modules\vue-loader\lib\loaders\pitcher.js??ref--4!D:\Java_project\HYPBlog\blog-cms\node_modules\vue-style-loader\index.js??ref--6-oneOf-1-0!D:\Java_project\HYPBlog\blog-cms\node_modules\css-loader\dist\cjs.js??ref--6-oneOf-1-1!D:\Java_project\HYPBlog\blog-cms\node_modules\postcss-loader\src\index.js??ref--6-oneOf-1-2!D:\Java_project\HYPBlog\blog-cms\node_modules\cache-loader\dist\cjs.js??ref--0-0!D:\Java_project\HYPBlog\blog-cms\node_modules\vue-loader\lib\index.js??vue-loader-options!D:\Java_project\HYPBlog\blog-cms\src\views\blog\category\CategoryList.vue?vue&type=style&index=0&id=079ff18c&scoped=true&lang=css
<s> [webpack.Progress] 40% building 188/239 modules 51 active D:\Java_project\HYPBlog\blog-cms\node_modules\cache-loader\dist\cjs.js??ref--12-0!D:\Java_project\HYPBlog\blog-cms\node_modules\babel-loader\lib\index.js!D:\Java_project\HYPBlog\blog-cms\node_modules\cache-loader\dist\cjs.js??ref--0-0!D:\Java_project\HYPBlog\blog-cms\node_modules\vue-loader\lib\index.js??vue-loader-options!D:\Java_project\HYPBlog\blog-cms\src\views\blog\comment\CommentList.vue?vue&type=script&lang=js
<s> [webpack.Progress] 40% building 189/239 modules 50 active D:\Java_project\HYPBlog\blog-cms\node_modules\cache-loader\dist\cjs.js??ref--12-0!D:\Java_project\HYPBlog\blog-cms\node_modules\babel-loader\lib\index.js!D:\Java_project\HYPBlog\blog-cms\node_modules\cache-loader\dist\cjs.js??ref--0-0!D:\Java_project\HYPBlog\blog-cms\node_modules\vue-loader\lib\index.js??vue-loader-options!D:\Java_project\HYPBlog\blog-cms\src\views\blog\comment\CommentList.vue?vue&type=script&lang=js
<s> [webpack.Progress] 40% building 189/240 modules 51 active D:\Java_project\HYPBlog\blog-cms\node_modules\vue-loader\lib\loaders\pitcher.js??ref--4!D:\Java_project\HYPBlog\blog-cms\node_modules\cache-loader\dist\cjs.js??ref--12-0!D:\Java_project\HYPBlog\blog-cms\node_modules\babel-loader\lib\index.js!D:\Java_project\HYPBlog\blog-cms\node_modules\cache-loader\dist\cjs.js??ref--0-0!D:\Java_project\HYPBlog\blog-cms\node_modules\vue-loader\lib\index.js??vue-loader-options!D:\Java_project\HYPBlog\blog-cms\src\views\blog\category\CategoryList.vue?vue&type=script&lang=js
<s> [webpack.Progress] 40% building 190/240 modules 50 active D:\Java_project\HYPBlog\blog-cms\node_modules\cache-loader\dist\cjs.js??ref--12-0!D:\Java_project\HYPBlog\blog-cms\node_modules\babel-loader\lib\index.js!D:\Java_project\HYPBlog\blog-cms\node_modules\cache-loader\dist\cjs.js??ref--0-0!D:\Java_project\HYPBlog\blog-cms\node_modules\vue-loader\lib\index.js??vue-loader-options!D:\Java_project\HYPBlog\blog-cms\src\views\blog\comment\CommentList.vue?vue&type=script&lang=js
<s> [webpack.Progress] 40% building 190/241 modules 51 active D:\Java_project\HYPBlog\blog-cms\node_modules\cache-loader\dist\cjs.js??ref--12-0!D:\Java_project\HYPBlog\blog-cms\node_modules\babel-loader\lib\index.js!D:\Java_project\HYPBlog\blog-cms\node_modules\cache-loader\dist\cjs.js??ref--0-0!D:\Java_project\HYPBlog\blog-cms\node_modules\vue-loader\lib\index.js??vue-loader-options!D:\Java_project\HYPBlog\blog-cms\src\views\blog\category\CategoryList.vue?vue&type=script&lang=js
<s> [webpack.Progress] 40% building 191/241 modules 50 active D:\Java_project\HYPBlog\blog-cms\node_modules\cache-loader\dist\cjs.js??ref--12-0!D:\Java_project\HYPBlog\blog-cms\node_modules\babel-loader\lib\index.js!D:\Java_project\HYPBlog\blog-cms\node_modules\cache-loader\dist\cjs.js??ref--0-0!D:\Java_project\HYPBlog\blog-cms\node_modules\vue-loader\lib\index.js??vue-loader-options!D:\Java_project\HYPBlog\blog-cms\src\views\blog\category\CategoryList.vue?vue&type=script&lang=js
<s> [webpack.Progress] 40% building 191/242 modules 51 active D:\Java_project\HYPBlog\blog-cms\node_modules\vue-loader\lib\loaders\pitcher.js??ref--4!D:\Java_project\HYPBlog\blog-cms\node_modules\cache-loader\dist\cjs.js??ref--12-0!D:\Java_project\HYPBlog\blog-cms\node_modules\babel-loader\lib\index.js!D:\Java_project\HYPBlog\blog-cms\node_modules\cache-loader\dist\cjs.js??ref--0-0!D:\Java_project\HYPBlog\blog-cms\node_modules\vue-loader\lib\index.js??vue-loader-options!D:\Java_project\HYPBlog\blog-cms\src\views\blog\blog\WriteBlog.vue?vue&type=script&lang=js
<s> [webpack.Progress] 40% building 192/242 modules 50 active D:\Java_project\HYPBlog\blog-cms\node_modules\cache-loader\dist\cjs.js??ref--12-0!D:\Java_project\HYPBlog\blog-cms\node_modules\babel-loader\lib\index.js!D:\Java_project\HYPBlog\blog-cms\node_modules\cache-loader\dist\cjs.js??ref--0-0!D:\Java_project\HYPBlog\blog-cms\node_modules\vue-loader\lib\index.js??vue-loader-options!D:\Java_project\HYPBlog\blog-cms\src\views\blog\category\CategoryList.vue?vue&type=script&lang=js
<s> [webpack.Progress] 40% building 192/243 modules 51 active D:\Java_project\HYPBlog\blog-cms\node_modules\cache-loader\dist\cjs.js??ref--12-0!D:\Java_project\HYPBlog\blog-cms\node_modules\babel-loader\lib\index.js!D:\Java_project\HYPBlog\blog-cms\node_modules\cache-loader\dist\cjs.js??ref--0-0!D:\Java_project\HYPBlog\blog-cms\node_modules\vue-loader\lib\index.js??vue-loader-options!D:\Java_project\HYPBlog\blog-cms\src\views\blog\blog\WriteBlog.vue?vue&type=script&lang=js
<s> [webpack.Progress] 40% building 193/243 modules 50 active D:\Java_project\HYPBlog\blog-cms\node_modules\cache-loader\dist\cjs.js??ref--12-0!D:\Java_project\HYPBlog\blog-cms\node_modules\babel-loader\lib\index.js!D:\Java_project\HYPBlog\blog-cms\node_modules\cache-loader\dist\cjs.js??ref--0-0!D:\Java_project\HYPBlog\blog-cms\node_modules\vue-loader\lib\index.js??vue-loader-options!D:\Java_project\HYPBlog\blog-cms\src\views\blog\blog\WriteBlog.vue?vue&type=script&lang=js
<s> [webpack.Progress] 40% building 194/243 modules 49 active D:\Java_project\HYPBlog\blog-cms\node_modules\cache-loader\dist\cjs.js??ref--12-0!D:\Java_project\HYPBlog\blog-cms\node_modules\babel-loader\lib\index.js!D:\Java_project\HYPBlog\blog-cms\node_modules\cache-loader\dist\cjs.js??ref--0-0!D:\Java_project\HYPBlog\blog-cms\node_modules\vue-loader\lib\index.js??vue-loader-options!D:\Java_project\HYPBlog\blog-cms\src\views\blog\blog\WriteBlog.vue?vue&type=script&lang=js
<s> [webpack.Progress] 40% building 195/243 modules 48 active D:\Java_project\HYPBlog\blog-cms\node_modules\cache-loader\dist\cjs.js??ref--12-0!D:\Java_project\HYPBlog\blog-cms\node_modules\babel-loader\lib\index.js!D:\Java_project\HYPBlog\blog-cms\node_modules\cache-loader\dist\cjs.js??ref--0-0!D:\Java_project\HYPBlog\blog-cms\node_modules\vue-loader\lib\index.js??vue-loader-options!D:\Java_project\HYPBlog\blog-cms\src\views\blog\blog\WriteBlog.vue?vue&type=script&lang=js
<s> [webpack.Progress] 40% building 195/244 modules 49 active D:\Java_project\HYPBlog\blog-cms\node_modules\vue-style-loader\index.js??ref--6-oneOf-1-0!D:\Java_project\HYPBlog\blog-cms\node_modules\css-loader\dist\cjs.js??ref--6-oneOf-1-1!D:\Java_project\HYPBlog\blog-cms\node_modules\vue-loader\lib\loaders\stylePostLoader.js!D:\Java_project\HYPBlog\blog-cms\node_modules\postcss-loader\src\index.js??ref--6-oneOf-1-2!D:\Java_project\HYPBlog\blog-cms\node_modules\cache-loader\dist\cjs.js??ref--0-0!D:\Java_project\HYPBlog\blog-cms\node_modules\vue-loader\lib\index.js??vue-loader-options!D:\Java_project\HYPBlog\blog-cms\src\views\statistics\Visitor.vue?vue&type=style&index=0&id=b81aac08&scoped=true&lang=css
<s> [webpack.Progress] 40% building 196/244 modules 48 active D:\Java_project\HYPBlog\blog-cms\node_modules\cache-loader\dist\cjs.js??ref--12-0!D:\Java_project\HYPBlog\blog-cms\node_modules\babel-loader\lib\index.js!D:\Java_project\HYPBlog\blog-cms\node_modules\cache-loader\dist\cjs.js??ref--0-0!D:\Java_project\HYPBlog\blog-cms\node_modules\vue-loader\lib\index.js??vue-loader-options!D:\Java_project\HYPBlog\blog-cms\src\views\blog\blog\WriteBlog.vue?vue&type=script&lang=js
<s> [webpack.Progress] 40% building 196/245 modules 49 active D:\Java_project\HYPBlog\blog-cms\node_modules\vue-style-loader\index.js??ref--6-oneOf-1-0!D:\Java_project\HYPBlog\blog-cms\node_modules\css-loader\dist\cjs.js??ref--6-oneOf-1-1!D:\Java_project\HYPBlog\blog-cms\node_modules\vue-loader\lib\loaders\stylePostLoader.js!D:\Java_project\HYPBlog\blog-cms\node_modules\postcss-loader\src\index.js??ref--6-oneOf-1-2!D:\Java_project\HYPBlog\blog-cms\node_modules\cache-loader\dist\cjs.js??ref--0-0!D:\Java_project\HYPBlog\blog-cms\node_modules\vue-loader\lib\index.js??vue-loader-options!D:\Java_project\HYPBlog\blog-cms\src\views\log\OperationLog.vue?vue&type=style&index=0&id=31b5fcfc&scoped=true&lang=css
<s> [webpack.Progress] 40% building 197/245 modules 48 active D:\Java_project\HYPBlog\blog-cms\node_modules\cache-loader\dist\cjs.js??ref--12-0!D:\Java_project\HYPBlog\blog-cms\node_modules\babel-loader\lib\index.js!D:\Java_project\HYPBlog\blog-cms\node_modules\cache-loader\dist\cjs.js??ref--0-0!D:\Java_project\HYPBlog\blog-cms\node_modules\vue-loader\lib\index.js??vue-loader-options!D:\Java_project\HYPBlog\blog-cms\src\views\blog\blog\WriteBlog.vue?vue&type=script&lang=js
<s> [webpack.Progress] 40% building 197/246 modules 49 active D:\Java_project\HYPBlog\blog-cms\node_modules\vue-style-loader\index.js??ref--6-oneOf-1-0!D:\Java_project\HYPBlog\blog-cms\node_modules\css-loader\dist\cjs.js??ref--6-oneOf-1-1!D:\Java_project\HYPBlog\blog-cms\node_modules\vue-loader\lib\loaders\stylePostLoader.js!D:\Java_project\HYPBlog\blog-cms\node_modules\postcss-loader\src\index.js??ref--6-oneOf-1-2!D:\Java_project\HYPBlog\blog-cms\node_modules\cache-loader\dist\cjs.js??ref--0-0!D:\Java_project\HYPBlog\blog-cms\node_modules\vue-loader\lib\index.js??vue-loader-options!D:\Java_project\HYPBlog\blog-cms\src\views\blog\moment\MomentList.vue?vue&type=style&index=0&id=1acdc3ba&scoped=true&lang=css
<s> [webpack.Progress] 40% building 198/246 modules 48 active D:\Java_project\HYPBlog\blog-cms\node_modules\cache-loader\dist\cjs.js??ref--12-0!D:\Java_project\HYPBlog\blog-cms\node_modules\babel-loader\lib\index.js!D:\Java_project\HYPBlog\blog-cms\node_modules\cache-loader\dist\cjs.js??ref--0-0!D:\Java_project\HYPBlog\blog-cms\node_modules\vue-loader\lib\index.js??vue-loader-options!D:\Java_project\HYPBlog\blog-cms\src\views\blog\blog\WriteBlog.vue?vue&type=script&lang=js
<s> [webpack.Progress] 40% building 198/247 modules 49 active D:\Java_project\HYPBlog\blog-cms\node_modules\vue-style-loader\index.js??ref--6-oneOf-1-0!D:\Java_project\HYPBlog\blog-cms\node_modules\css-loader\dist\cjs.js??ref--6-oneOf-1-1!D:\Java_project\HYPBlog\blog-cms\node_modules\vue-loader\lib\loaders\stylePostLoader.js!D:\Java_project\HYPBlog\blog-cms\node_modules\postcss-loader\src\index.js??ref--6-oneOf-1-2!D:\Java_project\HYPBlog\blog-cms\node_modules\cache-loader\dist\cjs.js??ref--0-0!D:\Java_project\HYPBlog\blog-cms\node_modules\vue-loader\lib\index.js??vue-loader-options!D:\Java_project\HYPBlog\blog-cms\src\views\blog\tag\TagList.vue?vue&type=style&index=0&id=fcb76820&scoped=true&lang=css
<s> [webpack.Progress] 40% building 199/247 modules 48 active D:\Java_project\HYPBlog\blog-cms\node_modules\cache-loader\dist\cjs.js??ref--12-0!D:\Java_project\HYPBlog\blog-cms\node_modules\babel-loader\lib\index.js!D:\Java_project\HYPBlog\blog-cms\node_modules\cache-loader\dist\cjs.js??ref--0-0!D:\Java_project\HYPBlog\blog-cms\node_modules\vue-loader\lib\index.js??vue-loader-options!D:\Java_project\HYPBlog\blog-cms\src\views\blog\blog\WriteBlog.vue?vue&type=script&lang=js
<s> [webpack.Progress] 40% building 199/248 modules 49 active D:\Java_project\HYPBlog\blog-cms\node_modules\vue-style-loader\index.js??ref--6-oneOf-1-0!D:\Java_project\HYPBlog\blog-cms\node_modules\css-loader\dist\cjs.js??ref--6-oneOf-1-1!D:\Java_project\HYPBlog\blog-cms\node_modules\vue-loader\lib\loaders\stylePostLoader.js!D:\Java_project\HYPBlog\blog-cms\node_modules\postcss-loader\src\index.js??ref--6-oneOf-1-2!D:\Java_project\HYPBlog\blog-cms\node_modules\cache-loader\dist\cjs.js??ref--0-0!D:\Java_project\HYPBlog\blog-cms\node_modules\vue-loader\lib\index.js??vue-loader-options!D:\Java_project\HYPBlog\blog-cms\src\views\blog\blog\BlogList.vue?vue&type=style&index=0&id=0149633a&scoped=true&lang=css
<s> [webpack.Progress] 40% building 200/248 modules 48 active D:\Java_project\HYPBlog\blog-cms\node_modules\cache-loader\dist\cjs.js??ref--12-0!D:\Java_project\HYPBlog\blog-cms\node_modules\babel-loader\lib\index.js!D:\Java_project\HYPBlog\blog-cms\node_modules\cache-loader\dist\cjs.js??ref--0-0!D:\Java_project\HYPBlog\blog-cms\node_modules\vue-loader\lib\index.js??vue-loader-options!D:\Java_project\HYPBlog\blog-cms\src\views\blog\blog\WriteBlog.vue?vue&type=script&lang=js
<s> [webpack.Progress] 40% building 200/249 modules 49 active D:\Java_project\HYPBlog\blog-cms\node_modules\vue-style-loader\index.js??ref--6-oneOf-1-0!D:\Java_project\HYPBlog\blog-cms\node_modules\css-loader\dist\cjs.js??ref--6-oneOf-1-1!D:\Java_project\HYPBlog\blog-cms\node_modules\vue-loader\lib\loaders\stylePostLoader.js!D:\Java_project\HYPBlog\blog-cms\node_modules\postcss-loader\src\index.js??ref--6-oneOf-1-2!D:\Java_project\HYPBlog\blog-cms\node_modules\cache-loader\dist\cjs.js??ref--0-0!D:\Java_project\HYPBlog\blog-cms\node_modules\vue-loader\lib\index.js??vue-loader-options!D:\Java_project\HYPBlog\blog-cms\src\views\blog\category\CategoryList.vue?vue&type=style&index=0&id=079ff18c&scoped=true&lang=css
<s> [webpack.Progress] 40% building 201/249 modules 48 active D:\Java_project\HYPBlog\blog-cms\node_modules\cache-loader\dist\cjs.js??ref--12-0!D:\Java_project\HYPBlog\blog-cms\node_modules\babel-loader\lib\index.js!D:\Java_project\HYPBlog\blog-cms\node_modules\cache-loader\dist\cjs.js??ref--0-0!D:\Java_project\HYPBlog\blog-cms\node_modules\vue-loader\lib\index.js??vue-loader-options!D:\Java_project\HYPBlog\blog-cms\src\views\blog\blog\WriteBlog.vue?vue&type=script&lang=js
<s> [webpack.Progress] 40% building 201/250 modules 49 active D:\Java_project\HYPBlog\blog-cms\node_modules\css-loader\dist\cjs.js??ref--6-oneOf-1-1!D:\Java_project\HYPBlog\blog-cms\node_modules\vue-loader\lib\loaders\stylePostLoader.js!D:\Java_project\HYPBlog\blog-cms\node_modules\postcss-loader\src\index.js??ref--6-oneOf-1-2!D:\Java_project\HYPBlog\blog-cms\node_modules\cache-loader\dist\cjs.js??ref--0-0!D:\Java_project\HYPBlog\blog-cms\node_modules\vue-loader\lib\index.js??vue-loader-options!D:\Java_project\HYPBlog\blog-cms\src\views\statistics\Visitor.vue?vue&type=style&index=0&id=b81aac08&scoped=true&lang=css
<s> [webpack.Progress] 40% building 201/251 modules 50 active D:\Java_project\HYPBlog\blog-cms\node_modules\css-loader\dist\cjs.js??ref--6-oneOf-1-1!D:\Java_project\HYPBlog\blog-cms\node_modules\vue-loader\lib\loaders\stylePostLoader.js!D:\Java_project\HYPBlog\blog-cms\node_modules\postcss-loader\src\index.js??ref--6-oneOf-1-2!D:\Java_project\HYPBlog\blog-cms\node_modules\cache-loader\dist\cjs.js??ref--0-0!D:\Java_project\HYPBlog\blog-cms\node_modules\vue-loader\lib\index.js??vue-loader-options!D:\Java_project\HYPBlog\blog-cms\src\views\log\OperationLog.vue?vue&type=style&index=0&id=31b5fcfc&scoped=true&lang=css
<s> [webpack.Progress] 40% building 201/252 modules 51 active D:\Java_project\HYPBlog\blog-cms\node_modules\css-loader\dist\cjs.js??ref--6-oneOf-1-1!D:\Java_project\HYPBlog\blog-cms\node_modules\vue-loader\lib\loaders\stylePostLoader.js!D:\Java_project\HYPBlog\blog-cms\node_modules\postcss-loader\src\index.js??ref--6-oneOf-1-2!D:\Java_project\HYPBlog\blog-cms\node_modules\cache-loader\dist\cjs.js??ref--0-0!D:\Java_project\HYPBlog\blog-cms\node_modules\vue-loader\lib\index.js??vue-loader-options!D:\Java_project\HYPBlog\blog-cms\src\views\blog\moment\MomentList.vue?vue&type=style&index=0&id=1acdc3ba&scoped=true&lang=css
<s> [webpack.Progress] 40% building 201/253 modules 52 active D:\Java_project\HYPBlog\blog-cms\node_modules\css-loader\dist\cjs.js??ref--6-oneOf-1-1!D:\Java_project\HYPBlog\blog-cms\node_modules\vue-loader\lib\loaders\stylePostLoader.js!D:\Java_project\HYPBlog\blog-cms\node_modules\postcss-loader\src\index.js??ref--6-oneOf-1-2!D:\Java_project\HYPBlog\blog-cms\node_modules\cache-loader\dist\cjs.js??ref--0-0!D:\Java_project\HYPBlog\blog-cms\node_modules\vue-loader\lib\index.js??vue-loader-options!D:\Java_project\HYPBlog\blog-cms\src\views\blog\tag\TagList.vue?vue&type=style&index=0&id=fcb76820&scoped=true&lang=css
<s> [webpack.Progress] 40% building 201/254 modules 53 active D:\Java_project\HYPBlog\blog-cms\node_modules\css-loader\dist\cjs.js??ref--6-oneOf-1-1!D:\Java_project\HYPBlog\blog-cms\node_modules\vue-loader\lib\loaders\stylePostLoader.js!D:\Java_project\HYPBlog\blog-cms\node_modules\postcss-loader\src\index.js??ref--6-oneOf-1-2!D:\Java_project\HYPBlog\blog-cms\node_modules\cache-loader\dist\cjs.js??ref--0-0!D:\Java_project\HYPBlog\blog-cms\node_modules\vue-loader\lib\index.js??vue-loader-options!D:\Java_project\HYPBlog\blog-cms\src\views\blog\blog\BlogList.vue?vue&type=style&index=0&id=0149633a&scoped=true&lang=css
<s> [webpack.Progress] 40% building 201/255 modules 54 active D:\Java_project\HYPBlog\blog-cms\node_modules\css-loader\dist\cjs.js??ref--6-oneOf-1-1!D:\Java_project\HYPBlog\blog-cms\node_modules\vue-loader\lib\loaders\stylePostLoader.js!D:\Java_project\HYPBlog\blog-cms\node_modules\postcss-loader\src\index.js??ref--6-oneOf-1-2!D:\Java_project\HYPBlog\blog-cms\node_modules\cache-loader\dist\cjs.js??ref--0-0!D:\Java_project\HYPBlog\blog-cms\node_modules\vue-loader\lib\index.js??vue-loader-options!D:\Java_project\HYPBlog\blog-cms\src\views\blog\category\CategoryList.vue?vue&type=style&index=0&id=079ff18c&scoped=true&lang=css
<s> [webpack.Progress] 40% building 202/255 modules 53 active D:\Java_project\HYPBlog\blog-cms\node_modules\css-loader\dist\cjs.js??ref--6-oneOf-1-1!D:\Java_project\HYPBlog\blog-cms\node_modules\vue-loader\lib\loaders\stylePostLoader.js!D:\Java_project\HYPBlog\blog-cms\node_modules\postcss-loader\src\index.js??ref--6-oneOf-1-2!D:\Java_project\HYPBlog\blog-cms\node_modules\cache-loader\dist\cjs.js??ref--0-0!D:\Java_project\HYPBlog\blog-cms\node_modules\vue-loader\lib\index.js??vue-loader-options!D:\Java_project\HYPBlog\blog-cms\src\views\blog\category\CategoryList.vue?vue&type=style&index=0&id=079ff18c&scoped=true&lang=css
<s> [webpack.Progress] 40% building 203/255 modules 52 active D:\Java_project\HYPBlog\blog-cms\node_modules\css-loader\dist\cjs.js??ref--6-oneOf-1-1!D:\Java_project\HYPBlog\blog-cms\node_modules\vue-loader\lib\loaders\stylePostLoader.js!D:\Java_project\HYPBlog\blog-cms\node_modules\postcss-loader\src\index.js??ref--6-oneOf-1-2!D:\Java_project\HYPBlog\blog-cms\node_modules\cache-loader\dist\cjs.js??ref--0-0!D:\Java_project\HYPBlog\blog-cms\node_modules\vue-loader\lib\index.js??vue-loader-options!D:\Java_project\HYPBlog\blog-cms\src\views\blog\category\CategoryList.vue?vue&type=style&index=0&id=079ff18c&scoped=true&lang=css
<s> [webpack.Progress] 40% building 204/255 modules 51 active D:\Java_project\HYPBlog\blog-cms\node_modules\css-loader\dist\cjs.js??ref--6-oneOf-1-1!D:\Java_project\HYPBlog\blog-cms\node_modules\vue-loader\lib\loaders\stylePostLoader.js!D:\Java_project\HYPBlog\blog-cms\node_modules\postcss-loader\src\index.js??ref--6-oneOf-1-2!D:\Java_project\HYPBlog\blog-cms\node_modules\cache-loader\dist\cjs.js??ref--0-0!D:\Java_project\HYPBlog\blog-cms\node_modules\vue-loader\lib\index.js??vue-loader-options!D:\Java_project\HYPBlog\blog-cms\src\views\blog\category\CategoryList.vue?vue&type=style&index=0&id=079ff18c&scoped=true&lang=css
<s> [webpack.Progress] 40% building 205/255 modules 50 active D:\Java_project\HYPBlog\blog-cms\node_modules\css-loader\dist\cjs.js??ref--6-oneOf-1-1!D:\Java_project\HYPBlog\blog-cms\node_modules\vue-loader\lib\loaders\stylePostLoader.js!D:\Java_project\HYPBlog\blog-cms\node_modules\postcss-loader\src\index.js??ref--6-oneOf-1-2!D:\Java_project\HYPBlog\blog-cms\node_modules\cache-loader\dist\cjs.js??ref--0-0!D:\Java_project\HYPBlog\blog-cms\node_modules\vue-loader\lib\index.js??vue-loader-options!D:\Java_project\HYPBlog\blog-cms\src\views\blog\category\CategoryList.vue?vue&type=style&index=0&id=079ff18c&scoped=true&lang=css
<s> [webpack.Progress] 40% building 206/255 modules 49 active D:\Java_project\HYPBlog\blog-cms\node_modules\css-loader\dist\cjs.js??ref--6-oneOf-1-1!D:\Java_project\HYPBlog\blog-cms\node_modules\vue-loader\lib\loaders\stylePostLoader.js!D:\Java_project\HYPBlog\blog-cms\node_modules\postcss-loader\src\index.js??ref--6-oneOf-1-2!D:\Java_project\HYPBlog\blog-cms\node_modules\cache-loader\dist\cjs.js??ref--0-0!D:\Java_project\HYPBlog\blog-cms\node_modules\vue-loader\lib\index.js??vue-loader-options!D:\Java_project\HYPBlog\blog-cms\src\views\blog\category\CategoryList.vue?vue&type=style&index=0&id=079ff18c&scoped=true&lang=css
<s> [webpack.Progress] 40% building 207/255 modules 48 active D:\Java_project\HYPBlog\blog-cms\node_modules\css-loader\dist\cjs.js??ref--6-oneOf-1-1!D:\Java_project\HYPBlog\blog-cms\node_modules\vue-loader\lib\loaders\stylePostLoader.js!D:\Java_project\HYPBlog\blog-cms\node_modules\postcss-loader\src\index.js??ref--6-oneOf-1-2!D:\Java_project\HYPBlog\blog-cms\node_modules\cache-loader\dist\cjs.js??ref--0-0!D:\Java_project\HYPBlog\blog-cms\node_modules\vue-loader\lib\index.js??vue-loader-options!D:\Java_project\HYPBlog\blog-cms\src\views\blog\category\CategoryList.vue?vue&type=style&index=0&id=079ff18c&scoped=true&lang=css
<s> [webpack.Progress] 40% building 208/255 modules 47 active D:\Java_project\HYPBlog\blog-cms\node_modules\css-loader\dist\cjs.js??ref--6-oneOf-1-1!D:\Java_project\HYPBlog\blog-cms\node_modules\vue-loader\lib\loaders\stylePostLoader.js!D:\Java_project\HYPBlog\blog-cms\node_modules\postcss-loader\src\index.js??ref--6-oneOf-1-2!D:\Java_project\HYPBlog\blog-cms\node_modules\cache-loader\dist\cjs.js??ref--0-0!D:\Java_project\HYPBlog\blog-cms\node_modules\vue-loader\lib\index.js??vue-loader-options!D:\Java_project\HYPBlog\blog-cms\src\views\blog\category\CategoryList.vue?vue&type=style&index=0&id=079ff18c&scoped=true&lang=css
<s> [webpack.Progress] 40% building 209/255 modules 46 active D:\Java_project\HYPBlog\blog-cms\node_modules\css-loader\dist\cjs.js??ref--6-oneOf-1-1!D:\Java_project\HYPBlog\blog-cms\node_modules\vue-loader\lib\loaders\stylePostLoader.js!D:\Java_project\HYPBlog\blog-cms\node_modules\postcss-loader\src\index.js??ref--6-oneOf-1-2!D:\Java_project\HYPBlog\blog-cms\node_modules\cache-loader\dist\cjs.js??ref--0-0!D:\Java_project\HYPBlog\blog-cms\node_modules\vue-loader\lib\index.js??vue-loader-options!D:\Java_project\HYPBlog\blog-cms\src\views\blog\category\CategoryList.vue?vue&type=style&index=0&id=079ff18c&scoped=true&lang=css
<s> [webpack.Progress] 40% building 210/255 modules 45 active D:\Java_project\HYPBlog\blog-cms\node_modules\css-loader\dist\cjs.js??ref--6-oneOf-1-1!D:\Java_project\HYPBlog\blog-cms\node_modules\vue-loader\lib\loaders\stylePostLoader.js!D:\Java_project\HYPBlog\blog-cms\node_modules\postcss-loader\src\index.js??ref--6-oneOf-1-2!D:\Java_project\HYPBlog\blog-cms\node_modules\cache-loader\dist\cjs.js??ref--0-0!D:\Java_project\HYPBlog\blog-cms\node_modules\vue-loader\lib\index.js??vue-loader-options!D:\Java_project\HYPBlog\blog-cms\src\views\blog\category\CategoryList.vue?vue&type=style&index=0&id=079ff18c&scoped=true&lang=css
<s> [webpack.Progress] 40% building 211/255 modules 44 active D:\Java_project\HYPBlog\blog-cms\node_modules\css-loader\dist\cjs.js??ref--6-oneOf-1-1!D:\Java_project\HYPBlog\blog-cms\node_modules\vue-loader\lib\loaders\stylePostLoader.js!D:\Java_project\HYPBlog\blog-cms\node_modules\postcss-loader\src\index.js??ref--6-oneOf-1-2!D:\Java_project\HYPBlog\blog-cms\node_modules\cache-loader\dist\cjs.js??ref--0-0!D:\Java_project\HYPBlog\blog-cms\node_modules\vue-loader\lib\index.js??vue-loader-options!D:\Java_project\HYPBlog\blog-cms\src\views\blog\category\CategoryList.vue?vue&type=style&index=0&id=079ff18c&scoped=true&lang=css
<s> [webpack.Progress] 40% building 212/255 modules 43 active D:\Java_project\HYPBlog\blog-cms\node_modules\css-loader\dist\cjs.js??ref--6-oneOf-1-1!D:\Java_project\HYPBlog\blog-cms\node_modules\vue-loader\lib\loaders\stylePostLoader.js!D:\Java_project\HYPBlog\blog-cms\node_modules\postcss-loader\src\index.js??ref--6-oneOf-1-2!D:\Java_project\HYPBlog\blog-cms\node_modules\cache-loader\dist\cjs.js??ref--0-0!D:\Java_project\HYPBlog\blog-cms\node_modules\vue-loader\lib\index.js??vue-loader-options!D:\Java_project\HYPBlog\blog-cms\src\views\blog\category\CategoryList.vue?vue&type=style&index=0&id=079ff18c&scoped=true&lang=css
<s> [webpack.Progress] 40% building 212/256 modules 44 active D:\Java_project\HYPBlog\blog-cms\node_modules\vue-loader\lib\loaders\pitcher.js??ref--4!D:\Java_project\HYPBlog\blog-cms\node_modules\cache-loader\dist\cjs.js??ref--12-0!D:\Java_project\HYPBlog\blog-cms\node_modules\babel-loader\lib\index.js!D:\Java_project\HYPBlog\blog-cms\node_modules\cache-loader\dist\cjs.js??ref--0-0!D:\Java_project\HYPBlog\blog-cms\node_modules\vue-loader\lib\index.js??vue-loader-options!D:\Java_project\HYPBlog\blog-cms\src\views\log\OperationLog.vue?vue&type=script&lang=js
<s> [webpack.Progress] 40% building 213/256 modules 43 active D:\Java_project\HYPBlog\blog-cms\node_modules\css-loader\dist\cjs.js??ref--6-oneOf-1-1!D:\Java_project\HYPBlog\blog-cms\node_modules\vue-loader\lib\loaders\stylePostLoader.js!D:\Java_project\HYPBlog\blog-cms\node_modules\postcss-loader\src\index.js??ref--6-oneOf-1-2!D:\Java_project\HYPBlog\blog-cms\node_modules\cache-loader\dist\cjs.js??ref--0-0!D:\Java_project\HYPBlog\blog-cms\node_modules\vue-loader\lib\index.js??vue-loader-options!D:\Java_project\HYPBlog\blog-cms\src\views\blog\category\CategoryList.vue?vue&type=style&index=0&id=079ff18c&scoped=true&lang=css
<s> [webpack.Progress] 40% building 213/257 modules 44 active D:\Java_project\HYPBlog\blog-cms\node_modules\cache-loader\dist\cjs.js??ref--12-0!D:\Java_project\HYPBlog\blog-cms\node_modules\babel-loader\lib\index.js!D:\Java_project\HYPBlog\blog-cms\node_modules\cache-loader\dist\cjs.js??ref--0-0!D:\Java_project\HYPBlog\blog-cms\node_modules\vue-loader\lib\index.js??vue-loader-options!D:\Java_project\HYPBlog\blog-cms\src\views\log\OperationLog.vue?vue&type=script&lang=js
<s> [webpack.Progress] 40% building 214/257 modules 43 active D:\Java_project\HYPBlog\blog-cms\node_modules\cache-loader\dist\cjs.js??ref--12-0!D:\Java_project\HYPBlog\blog-cms\node_modules\babel-loader\lib\index.js!D:\Java_project\HYPBlog\blog-cms\node_modules\cache-loader\dist\cjs.js??ref--0-0!D:\Java_project\HYPBlog\blog-cms\node_modules\vue-loader\lib\index.js??vue-loader-options!D:\Java_project\HYPBlog\blog-cms\src\views\log\OperationLog.vue?vue&type=script&lang=js
<s> [webpack.Progress] 40% building 214/258 modules 44 active D:\Java_project\HYPBlog\blog-cms\node_modules\vue-loader\lib\loaders\pitcher.js??ref--4!D:\Java_project\HYPBlog\blog-cms\node_modules\vue-style-loader\index.js??ref--6-oneOf-1-0!D:\Java_project\HYPBlog\blog-cms\node_modules\css-loader\dist\cjs.js??ref--6-oneOf-1-1!D:\Java_project\HYPBlog\blog-cms\node_modules\postcss-loader\src\index.js??ref--6-oneOf-1-2!D:\Java_project\HYPBlog\blog-cms\node_modules\cache-loader\dist\cjs.js??ref--0-0!D:\Java_project\HYPBlog\blog-cms\node_modules\vue-loader\lib\index.js??vue-loader-options!D:\Java_project\HYPBlog\blog-cms\src\views\log\ScheduleJobLog.vue?vue&type=style&index=0&id=18acdd23&scoped=true&lang=css
<s> [webpack.Progress] 40% building 215/258 modules 43 active D:\Java_project\HYPBlog\blog-cms\node_modules\cache-loader\dist\cjs.js??ref--12-0!D:\Java_project\HYPBlog\blog-cms\node_modules\babel-loader\lib\index.js!D:\Java_project\HYPBlog\blog-cms\node_modules\cache-loader\dist\cjs.js??ref--0-0!D:\Java_project\HYPBlog\blog-cms\node_modules\vue-loader\lib\index.js??vue-loader-options!D:\Java_project\HYPBlog\blog-cms\src\views\log\OperationLog.vue?vue&type=script&lang=js
<s> [webpack.Progress] 40% building 215/259 modules 44 active D:\Java_project\HYPBlog\blog-cms\node_modules\vue-style-loader\index.js??ref--6-oneOf-1-0!D:\Java_project\HYPBlog\blog-cms\node_modules\css-loader\dist\cjs.js??ref--6-oneOf-1-1!D:\Java_project\HYPBlog\blog-cms\node_modules\vue-loader\lib\loaders\stylePostLoader.js!D:\Java_project\HYPBlog\blog-cms\node_modules\postcss-loader\src\index.js??ref--6-oneOf-1-2!D:\Java_project\HYPBlog\blog-cms\node_modules\cache-loader\dist\cjs.js??ref--0-0!D:\Java_project\HYPBlog\blog-cms\node_modules\vue-loader\lib\index.js??vue-loader-options!D:\Java_project\HYPBlog\blog-cms\src\views\log\ScheduleJobLog.vue?vue&type=style&index=0&id=18acdd23&scoped=true&lang=css
<s> [webpack.Progress] 40% building 216/259 modules 43 active D:\Java_project\HYPBlog\blog-cms\node_modules\cache-loader\dist\cjs.js??ref--12-0!D:\Java_project\HYPBlog\blog-cms\node_modules\babel-loader\lib\index.js!D:\Java_project\HYPBlog\blog-cms\node_modules\cache-loader\dist\cjs.js??ref--0-0!D:\Java_project\HYPBlog\blog-cms\node_modules\vue-loader\lib\index.js??vue-loader-options!D:\Java_project\HYPBlog\blog-cms\src\views\log\OperationLog.vue?vue&type=script&lang=js
<s> [webpack.Progress] 40% building 216/260 modules 44 active D:\Java_project\HYPBlog\blog-cms\node_modules\css-loader\dist\cjs.js??ref--6-oneOf-1-1!D:\Java_project\HYPBlog\blog-cms\node_modules\vue-loader\lib\loaders\stylePostLoader.js!D:\Java_project\HYPBlog\blog-cms\node_modules\postcss-loader\src\index.js??ref--6-oneOf-1-2!D:\Java_project\HYPBlog\blog-cms\node_modules\cache-loader\dist\cjs.js??ref--0-0!D:\Java_project\HYPBlog\blog-cms\node_modules\vue-loader\lib\index.js??vue-loader-options!D:\Java_project\HYPBlog\blog-cms\src\views\log\ScheduleJobLog.vue?vue&type=style&index=0&id=18acdd23&scoped=true&lang=css
<s> [webpack.Progress] 40% building 217/260 modules 43 active D:\Java_project\HYPBlog\blog-cms\node_modules\css-loader\dist\cjs.js??ref--6-oneOf-1-1!D:\Java_project\HYPBlog\blog-cms\node_modules\vue-loader\lib\loaders\stylePostLoader.js!D:\Java_project\HYPBlog\blog-cms\node_modules\postcss-loader\src\index.js??ref--6-oneOf-1-2!D:\Java_project\HYPBlog\blog-cms\node_modules\cache-loader\dist\cjs.js??ref--0-0!D:\Java_project\HYPBlog\blog-cms\node_modules\vue-loader\lib\index.js??vue-loader-options!D:\Java_project\HYPBlog\blog-cms\src\views\log\ScheduleJobLog.vue?vue&type=style&index=0&id=18acdd23&scoped=true&lang=css
<s> [webpack.Progress] 40% building 217/261 modules 44 active D:\Java_project\HYPBlog\blog-cms\node_modules\vue-loader\lib\loaders\pitcher.js??ref--4!D:\Java_project\HYPBlog\blog-cms\node_modules\cache-loader\dist\cjs.js??ref--12-0!D:\Java_project\HYPBlog\blog-cms\node_modules\babel-loader\lib\index.js!D:\Java_project\HYPBlog\blog-cms\node_modules\cache-loader\dist\cjs.js??ref--0-0!D:\Java_project\HYPBlog\blog-cms\node_modules\vue-loader\lib\index.js??vue-loader-options!D:\Java_project\HYPBlog\blog-cms\src\views\log\ScheduleJobLog.vue?vue&type=script&lang=js
<s> [webpack.Progress] 40% building 218/261 modules 43 active D:\Java_project\HYPBlog\blog-cms\node_modules\css-loader\dist\cjs.js??ref--6-oneOf-1-1!D:\Java_project\HYPBlog\blog-cms\node_modules\vue-loader\lib\loaders\stylePostLoader.js!D:\Java_project\HYPBlog\blog-cms\node_modules\postcss-loader\src\index.js??ref--6-oneOf-1-2!D:\Java_project\HYPBlog\blog-cms\node_modules\cache-loader\dist\cjs.js??ref--0-0!D:\Java_project\HYPBlog\blog-cms\node_modules\vue-loader\lib\index.js??vue-loader-options!D:\Java_project\HYPBlog\blog-cms\src\views\log\ScheduleJobLog.vue?vue&type=style&index=0&id=18acdd23&scoped=true&lang=css
<s> [webpack.Progress] 40% building 218/262 modules 44 active D:\Java_project\HYPBlog\blog-cms\node_modules\cache-loader\dist\cjs.js??ref--12-0!D:\Java_project\HYPBlog\blog-cms\node_modules\babel-loader\lib\index.js!D:\Java_project\HYPBlog\blog-cms\node_modules\cache-loader\dist\cjs.js??ref--0-0!D:\Java_project\HYPBlog\blog-cms\node_modules\vue-loader\lib\index.js??vue-loader-options!D:\Java_project\HYPBlog\blog-cms\src\views\log\ScheduleJobLog.vue?vue&type=script&lang=js
<s> [webpack.Progress] 40% building 219/262 modules 43 active D:\Java_project\HYPBlog\blog-cms\node_modules\cache-loader\dist\cjs.js??ref--12-0!D:\Java_project\HYPBlog\blog-cms\node_modules\babel-loader\lib\index.js!D:\Java_project\HYPBlog\blog-cms\node_modules\cache-loader\dist\cjs.js??ref--0-0!D:\Java_project\HYPBlog\blog-cms\node_modules\vue-loader\lib\index.js??vue-loader-options!D:\Java_project\HYPBlog\blog-cms\src\views\log\ScheduleJobLog.vue?vue&type=script&lang=js
<s> [webpack.Progress] 40% building 219/263 modules 44 active D:\Java_project\HYPBlog\blog-cms\node_modules\vue-loader\lib\loaders\pitcher.js??ref--4!D:\Java_project\HYPBlog\blog-cms\node_modules\vue-style-loader\index.js??ref--6-oneOf-1-0!D:\Java_project\HYPBlog\blog-cms\node_modules\css-loader\dist\cjs.js??ref--6-oneOf-1-1!D:\Java_project\HYPBlog\blog-cms\node_modules\postcss-loader\src\index.js??ref--6-oneOf-1-2!D:\Java_project\HYPBlog\blog-cms\node_modules\cache-loader\dist\cjs.js??ref--0-0!D:\Java_project\HYPBlog\blog-cms\node_modules\vue-loader\lib\index.js??vue-loader-options!D:\Java_project\HYPBlog\blog-cms\src\views\log\LoginLog.vue?vue&type=style&index=0&id=5c34e080&scoped=true&lang=css
<s> [webpack.Progress] 40% building 220/263 modules 43 active D:\Java_project\HYPBlog\blog-cms\node_modules\cache-loader\dist\cjs.js??ref--12-0!D:\Java_project\HYPBlog\blog-cms\node_modules\babel-loader\lib\index.js!D:\Java_project\HYPBlog\blog-cms\node_modules\cache-loader\dist\cjs.js??ref--0-0!D:\Java_project\HYPBlog\blog-cms\node_modules\vue-loader\lib\index.js??vue-loader-options!D:\Java_project\HYPBlog\blog-cms\src\views\log\ScheduleJobLog.vue?vue&type=script&lang=js
<s> [webpack.Progress] 40% building 220/264 modules 44 active D:\Java_project\HYPBlog\blog-cms\node_modules\vue-style-loader\index.js??ref--6-oneOf-1-0!D:\Java_project\HYPBlog\blog-cms\node_modules\css-loader\dist\cjs.js??ref--6-oneOf-1-1!D:\Java_project\HYPBlog\blog-cms\node_modules\vue-loader\lib\loaders\stylePostLoader.js!D:\Java_project\HYPBlog\blog-cms\node_modules\postcss-loader\src\index.js??ref--6-oneOf-1-2!D:\Java_project\HYPBlog\blog-cms\node_modules\cache-loader\dist\cjs.js??ref--0-0!D:\Java_project\HYPBlog\blog-cms\node_modules\vue-loader\lib\index.js??vue-loader-options!D:\Java_project\HYPBlog\blog-cms\src\views\log\LoginLog.vue?vue&type=style&index=0&id=5c34e080&scoped=true&lang=css
<s> [webpack.Progress] 40% building 221/264 modules 43 active D:\Java_project\HYPBlog\blog-cms\node_modules\cache-loader\dist\cjs.js??ref--12-0!D:\Java_project\HYPBlog\blog-cms\node_modules\babel-loader\lib\index.js!D:\Java_project\HYPBlog\blog-cms\node_modules\cache-loader\dist\cjs.js??ref--0-0!D:\Java_project\HYPBlog\blog-cms\node_modules\vue-loader\lib\index.js??vue-loader-options!D:\Java_project\HYPBlog\blog-cms\src\views\log\ScheduleJobLog.vue?vue&type=script&lang=js
<s> [webpack.Progress] 40% building 221/265 modules 44 active D:\Java_project\HYPBlog\blog-cms\node_modules\css-loader\dist\cjs.js??ref--6-oneOf-1-1!D:\Java_project\HYPBlog\blog-cms\node_modules\vue-loader\lib\loaders\stylePostLoader.js!D:\Java_project\HYPBlog\blog-cms\node_modules\postcss-loader\src\index.js??ref--6-oneOf-1-2!D:\Java_project\HYPBlog\blog-cms\node_modules\cache-loader\dist\cjs.js??ref--0-0!D:\Java_project\HYPBlog\blog-cms\node_modules\vue-loader\lib\index.js??vue-loader-options!D:\Java_project\HYPBlog\blog-cms\src\views\log\LoginLog.vue?vue&type=style&index=0&id=5c34e080&scoped=true&lang=css
<s> [webpack.Progress] 40% building 222/265 modules 43 active D:\Java_project\HYPBlog\blog-cms\node_modules\css-loader\dist\cjs.js??ref--6-oneOf-1-1!D:\Java_project\HYPBlog\blog-cms\node_modules\vue-loader\lib\loaders\stylePostLoader.js!D:\Java_project\HYPBlog\blog-cms\node_modules\postcss-loader\src\index.js??ref--6-oneOf-1-2!D:\Java_project\HYPBlog\blog-cms\node_modules\cache-loader\dist\cjs.js??ref--0-0!D:\Java_project\HYPBlog\blog-cms\node_modules\vue-loader\lib\index.js??vue-loader-options!D:\Java_project\HYPBlog\blog-cms\src\views\log\LoginLog.vue?vue&type=style&index=0&id=5c34e080&scoped=true&lang=css
<s> [webpack.Progress] 40% building 222/266 modules 44 active D:\Java_project\HYPBlog\blog-cms\node_modules\vue-loader\lib\loaders\pitcher.js??ref--4!D:\Java_project\HYPBlog\blog-cms\node_modules\cache-loader\dist\cjs.js??ref--12-0!D:\Java_project\HYPBlog\blog-cms\node_modules\babel-loader\lib\index.js!D:\Java_project\HYPBlog\blog-cms\node_modules\cache-loader\dist\cjs.js??ref--0-0!D:\Java_project\HYPBlog\blog-cms\node_modules\vue-loader\lib\index.js??vue-loader-options!D:\Java_project\HYPBlog\blog-cms\src\views\log\LoginLog.vue?vue&type=script&lang=js
<s> [webpack.Progress] 40% building 223/266 modules 43 active D:\Java_project\HYPBlog\blog-cms\node_modules\css-loader\dist\cjs.js??ref--6-oneOf-1-1!D:\Java_project\HYPBlog\blog-cms\node_modules\vue-loader\lib\loaders\stylePostLoader.js!D:\Java_project\HYPBlog\blog-cms\node_modules\postcss-loader\src\index.js??ref--6-oneOf-1-2!D:\Java_project\HYPBlog\blog-cms\node_modules\cache-loader\dist\cjs.js??ref--0-0!D:\Java_project\HYPBlog\blog-cms\node_modules\vue-loader\lib\index.js??vue-loader-options!D:\Java_project\HYPBlog\blog-cms\src\views\log\LoginLog.vue?vue&type=style&index=0&id=5c34e080&scoped=true&lang=css
<s> [webpack.Progress] 40% building 223/267 modules 44 active D:\Java_project\HYPBlog\blog-cms\node_modules\cache-loader\dist\cjs.js??ref--12-0!D:\Java_project\HYPBlog\blog-cms\node_modules\babel-loader\lib\index.js!D:\Java_project\HYPBlog\blog-cms\node_modules\cache-loader\dist\cjs.js??ref--0-0!D:\Java_project\HYPBlog\blog-cms\node_modules\vue-loader\lib\index.js??vue-loader-options!D:\Java_project\HYPBlog\blog-cms\src\views\log\LoginLog.vue?vue&type=script&lang=js
<s> [webpack.Progress] 40% building 224/267 modules 43 active D:\Java_project\HYPBlog\blog-cms\node_modules\cache-loader\dist\cjs.js??ref--12-0!D:\Java_project\HYPBlog\blog-cms\node_modules\babel-loader\lib\index.js!D:\Java_project\HYPBlog\blog-cms\node_modules\cache-loader\dist\cjs.js??ref--0-0!D:\Java_project\HYPBlog\blog-cms\node_modules\vue-loader\lib\index.js??vue-loader-options!D:\Java_project\HYPBlog\blog-cms\src\views\log\LoginLog.vue?vue&type=script&lang=js
<s> [webpack.Progress] 40% building 224/268 modules 44 active D:\Java_project\HYPBlog\blog-cms\node_modules\vue-loader\lib\loaders\pitcher.js??ref--4!D:\Java_project\HYPBlog\blog-cms\node_modules\vue-style-loader\index.js??ref--6-oneOf-1-0!D:\Java_project\HYPBlog\blog-cms\node_modules\css-loader\dist\cjs.js??ref--6-oneOf-1-1!D:\Java_project\HYPBlog\blog-cms\node_modules\postcss-loader\src\index.js??ref--6-oneOf-1-2!D:\Java_project\HYPBlog\blog-cms\node_modules\cache-loader\dist\cjs.js??ref--0-0!D:\Java_project\HYPBlog\blog-cms\node_modules\vue-loader\lib\index.js??vue-loader-options!D:\Java_project\HYPBlog\blog-cms\src\views\log\VisitLog.vue?vue&type=style&index=0&id=f79ba0c4&scoped=true&lang=css
<s> [webpack.Progress] 40% building 225/268 modules 43 active D:\Java_project\HYPBlog\blog-cms\node_modules\cache-loader\dist\cjs.js??ref--12-0!D:\Java_project\HYPBlog\blog-cms\node_modules\babel-loader\lib\index.js!D:\Java_project\HYPBlog\blog-cms\node_modules\cache-loader\dist\cjs.js??ref--0-0!D:\Java_project\HYPBlog\blog-cms\node_modules\vue-loader\lib\index.js??vue-loader-options!D:\Java_project\HYPBlog\blog-cms\src\views\log\LoginLog.vue?vue&type=script&lang=js
<s> [webpack.Progress] 40% building 225/269 modules 44 active D:\Java_project\HYPBlog\blog-cms\node_modules\vue-style-loader\index.js??ref--6-oneOf-1-0!D:\Java_project\HYPBlog\blog-cms\node_modules\css-loader\dist\cjs.js??ref--6-oneOf-1-1!D:\Java_project\HYPBlog\blog-cms\node_modules\vue-loader\lib\loaders\stylePostLoader.js!D:\Java_project\HYPBlog\blog-cms\node_modules\postcss-loader\src\index.js??ref--6-oneOf-1-2!D:\Java_project\HYPBlog\blog-cms\node_modules\cache-loader\dist\cjs.js??ref--0-0!D:\Java_project\HYPBlog\blog-cms\node_modules\vue-loader\lib\index.js??vue-loader-options!D:\Java_project\HYPBlog\blog-cms\src\views\log\VisitLog.vue?vue&type=style&index=0&id=f79ba0c4&scoped=true&lang=css
<s> [webpack.Progress] 40% building 226/269 modules 43 active D:\Java_project\HYPBlog\blog-cms\node_modules\cache-loader\dist\cjs.js??ref--12-0!D:\Java_project\HYPBlog\blog-cms\node_modules\babel-loader\lib\index.js!D:\Java_project\HYPBlog\blog-cms\node_modules\cache-loader\dist\cjs.js??ref--0-0!D:\Java_project\HYPBlog\blog-cms\node_modules\vue-loader\lib\index.js??vue-loader-options!D:\Java_project\HYPBlog\blog-cms\src\views\log\LoginLog.vue?vue&type=script&lang=js
<s> [webpack.Progress] 40% building 226/270 modules 44 active D:\Java_project\HYPBlog\blog-cms\node_modules\css-loader\dist\cjs.js??ref--6-oneOf-1-1!D:\Java_project\HYPBlog\blog-cms\node_modules\vue-loader\lib\loaders\stylePostLoader.js!D:\Java_project\HYPBlog\blog-cms\node_modules\postcss-loader\src\index.js??ref--6-oneOf-1-2!D:\Java_project\HYPBlog\blog-cms\node_modules\cache-loader\dist\cjs.js??ref--0-0!D:\Java_project\HYPBlog\blog-cms\node_modules\vue-loader\lib\index.js??vue-loader-options!D:\Java_project\HYPBlog\blog-cms\src\views\log\VisitLog.vue?vue&type=style&index=0&id=f79ba0c4&scoped=true&lang=css
<s> [webpack.Progress] 40% building 227/270 modules 43 active D:\Java_project\HYPBlog\blog-cms\node_modules\css-loader\dist\cjs.js??ref--6-oneOf-1-1!D:\Java_project\HYPBlog\blog-cms\node_modules\vue-loader\lib\loaders\stylePostLoader.js!D:\Java_project\HYPBlog\blog-cms\node_modules\postcss-loader\src\index.js??ref--6-oneOf-1-2!D:\Java_project\HYPBlog\blog-cms\node_modules\cache-loader\dist\cjs.js??ref--0-0!D:\Java_project\HYPBlog\blog-cms\node_modules\vue-loader\lib\index.js??vue-loader-options!D:\Java_project\HYPBlog\blog-cms\src\views\log\VisitLog.vue?vue&type=style&index=0&id=f79ba0c4&scoped=true&lang=css
<s> [webpack.Progress] 40% building 227/271 modules 44 active D:\Java_project\HYPBlog\blog-cms\node_modules\vue-loader\lib\loaders\pitcher.js??ref--4!D:\Java_project\HYPBlog\blog-cms\node_modules\cache-loader\dist\cjs.js??ref--12-0!D:\Java_project\HYPBlog\blog-cms\node_modules\babel-loader\lib\index.js!D:\Java_project\HYPBlog\blog-cms\node_modules\cache-loader\dist\cjs.js??ref--0-0!D:\Java_project\HYPBlog\blog-cms\node_modules\vue-loader\lib\index.js??vue-loader-options!D:\Java_project\HYPBlog\blog-cms\src\views\log\VisitLog.vue?vue&type=script&lang=js
<s> [webpack.Progress] 40% building 228/271 modules 43 active D:\Java_project\HYPBlog\blog-cms\node_modules\css-loader\dist\cjs.js??ref--6-oneOf-1-1!D:\Java_project\HYPBlog\blog-cms\node_modules\vue-loader\lib\loaders\stylePostLoader.js!D:\Java_project\HYPBlog\blog-cms\node_modules\postcss-loader\src\index.js??ref--6-oneOf-1-2!D:\Java_project\HYPBlog\blog-cms\node_modules\cache-loader\dist\cjs.js??ref--0-0!D:\Java_project\HYPBlog\blog-cms\node_modules\vue-loader\lib\index.js??vue-loader-options!D:\Java_project\HYPBlog\blog-cms\src\views\log\VisitLog.vue?vue&type=style&index=0&id=f79ba0c4&scoped=true&lang=css
<s> [webpack.Progress] 40% building 228/272 modules 44 active D:\Java_project\HYPBlog\blog-cms\node_modules\cache-loader\dist\cjs.js??ref--12-0!D:\Java_project\HYPBlog\blog-cms\node_modules\babel-loader\lib\index.js!D:\Java_project\HYPBlog\blog-cms\node_modules\cache-loader\dist\cjs.js??ref--0-0!D:\Java_project\HYPBlog\blog-cms\node_modules\vue-loader\lib\index.js??vue-loader-options!D:\Java_project\HYPBlog\blog-cms\src\views\log\VisitLog.vue?vue&type=script&lang=js
<s> [webpack.Progress] 40% building 229/272 modules 43 active D:\Java_project\HYPBlog\blog-cms\node_modules\cache-loader\dist\cjs.js??ref--12-0!D:\Java_project\HYPBlog\blog-cms\node_modules\babel-loader\lib\index.js!D:\Java_project\HYPBlog\blog-cms\node_modules\cache-loader\dist\cjs.js??ref--0-0!D:\Java_project\HYPBlog\blog-cms\node_modules\vue-loader\lib\index.js??vue-loader-options!D:\Java_project\HYPBlog\blog-cms\src\views\log\VisitLog.vue?vue&type=script&lang=js
<s> [webpack.Progress] 40% building 229/273 modules 44 active D:\Java_project\HYPBlog\blog-cms\node_modules\url\node_modules\qs\lib\index.js
<s> [webpack.Progress] 40% building 230/273 modules 43 active D:\Java_project\HYPBlog\blog-cms\node_modules\url\node_modules\qs\lib\index.js
<s> [webpack.Progress] 40% building 230/274 modules 44 active D:\Java_project\HYPBlog\blog-cms\node_modules\vue-loader\lib\loaders\pitcher.js??ref--4!D:\Java_project\HYPBlog\blog-cms\node_modules\vue-style-loader\index.js??ref--6-oneOf-1-0!D:\Java_project\HYPBlog\blog-cms\node_modules\css-loader\dist\cjs.js??ref--6-oneOf-1-1!D:\Java_project\HYPBlog\blog-cms\node_modules\postcss-loader\src\index.js??ref--6-oneOf-1-2!D:\Java_project\HYPBlog\blog-cms\node_modules\cache-loader\dist\cjs.js??ref--0-0!D:\Java_project\HYPBlog\blog-cms\node_modules\vue-loader\lib\index.js??vue-loader-options!D:\Java_project\HYPBlog\blog-cms\src\views\pictureHosting\TxyunManage.vue?vue&type=style&index=1&id=cad445cc&scoped=true&lang=css
<s> [webpack.Progress] 40% building 231/274 modules 43 active D:\Java_project\HYPBlog\blog-cms\node_modules\url\node_modules\qs\lib\index.js
<s> [webpack.Progress] 40% building 231/275 modules 44 active D:\Java_project\HYPBlog\blog-cms\node_modules\vue-style-loader\index.js??ref--6-oneOf-1-0!D:\Java_project\HYPBlog\blog-cms\node_modules\css-loader\dist\cjs.js??ref--6-oneOf-1-1!D:\Java_project\HYPBlog\blog-cms\node_modules\vue-loader\lib\loaders\stylePostLoader.js!D:\Java_project\HYPBlog\blog-cms\node_modules\postcss-loader\src\index.js??ref--6-oneOf-1-2!D:\Java_project\HYPBlog\blog-cms\node_modules\cache-loader\dist\cjs.js??ref--0-0!D:\Java_project\HYPBlog\blog-cms\node_modules\vue-loader\lib\index.js??vue-loader-options!D:\Java_project\HYPBlog\blog-cms\src\views\pictureHosting\TxyunManage.vue?vue&type=style&index=1&id=cad445cc&scoped=true&lang=css
<s> [webpack.Progress] 40% building 232/275 modules 43 active D:\Java_project\HYPBlog\blog-cms\node_modules\url\node_modules\qs\lib\index.js
<s> [webpack.Progress] 40% building 232/276 modules 44 active D:\Java_project\HYPBlog\blog-cms\node_modules\css-loader\dist\cjs.js??ref--6-oneOf-1-1!D:\Java_project\HYPBlog\blog-cms\node_modules\vue-loader\lib\loaders\stylePostLoader.js!D:\Java_project\HYPBlog\blog-cms\node_modules\postcss-loader\src\index.js??ref--6-oneOf-1-2!D:\Java_project\HYPBlog\blog-cms\node_modules\cache-loader\dist\cjs.js??ref--0-0!D:\Java_project\HYPBlog\blog-cms\node_modules\vue-loader\lib\index.js??vue-loader-options!D:\Java_project\HYPBlog\blog-cms\src\views\pictureHosting\TxyunManage.vue?vue&type=style&index=1&id=cad445cc&scoped=true&lang=css
<s> [webpack.Progress] 40% building 233/276 modules 43 active D:\Java_project\HYPBlog\blog-cms\node_modules\css-loader\dist\cjs.js??ref--6-oneOf-1-1!D:\Java_project\HYPBlog\blog-cms\node_modules\vue-loader\lib\loaders\stylePostLoader.js!D:\Java_project\HYPBlog\blog-cms\node_modules\postcss-loader\src\index.js??ref--6-oneOf-1-2!D:\Java_project\HYPBlog\blog-cms\node_modules\cache-loader\dist\cjs.js??ref--0-0!D:\Java_project\HYPBlog\blog-cms\node_modules\vue-loader\lib\index.js??vue-loader-options!D:\Java_project\HYPBlog\blog-cms\src\views\pictureHosting\TxyunManage.vue?vue&type=style&index=1&id=cad445cc&scoped=true&lang=css
<s> [webpack.Progress] 40% building 233/277 modules 44 active D:\Java_project\HYPBlog\blog-cms\node_modules\vue-loader\lib\loaders\pitcher.js??ref--4!D:\Java_project\HYPBlog\blog-cms\node_modules\vue-style-loader\index.js??ref--6-oneOf-1-0!D:\Java_project\HYPBlog\blog-cms\node_modules\css-loader\dist\cjs.js??ref--6-oneOf-1-1!D:\Java_project\HYPBlog\blog-cms\node_modules\postcss-loader\src\index.js??ref--6-oneOf-1-2!D:\Java_project\HYPBlog\blog-cms\node_modules\cache-loader\dist\cjs.js??ref--0-0!D:\Java_project\HYPBlog\blog-cms\node_modules\vue-loader\lib\index.js??vue-loader-options!D:\Java_project\HYPBlog\blog-cms\src\views\pictureHosting\TxyunManage.vue?vue&type=style&index=0&id=cad445cc&lang=css
<s> [webpack.Progress] 40% building 234/277 modules 43 active D:\Java_project\HYPBlog\blog-cms\node_modules\css-loader\dist\cjs.js??ref--6-oneOf-1-1!D:\Java_project\HYPBlog\blog-cms\node_modules\vue-loader\lib\loaders\stylePostLoader.js!D:\Java_project\HYPBlog\blog-cms\node_modules\postcss-loader\src\index.js??ref--6-oneOf-1-2!D:\Java_project\HYPBlog\blog-cms\node_modules\cache-loader\dist\cjs.js??ref--0-0!D:\Java_project\HYPBlog\blog-cms\node_modules\vue-loader\lib\index.js??vue-loader-options!D:\Java_project\HYPBlog\blog-cms\src\views\pictureHosting\TxyunManage.vue?vue&type=style&index=1&id=cad445cc&scoped=true&lang=css
<s> [webpack.Progress] 40% building 234/278 modules 44 active D:\Java_project\HYPBlog\blog-cms\node_modules\vue-style-loader\index.js??ref--6-oneOf-1-0!D:\Java_project\HYPBlog\blog-cms\node_modules\css-loader\dist\cjs.js??ref--6-oneOf-1-1!D:\Java_project\HYPBlog\blog-cms\node_modules\vue-loader\lib\loaders\stylePostLoader.js!D:\Java_project\HYPBlog\blog-cms\node_modules\postcss-loader\src\index.js??ref--6-oneOf-1-2!D:\Java_project\HYPBlog\blog-cms\node_modules\cache-loader\dist\cjs.js??ref--0-0!D:\Java_project\HYPBlog\blog-cms\node_modules\vue-loader\lib\index.js??vue-loader-options!D:\Java_project\HYPBlog\blog-cms\src\views\pictureHosting\TxyunManage.vue?vue&type=style&index=0&id=cad445cc&lang=css
<s> [webpack.Progress] 40% building 235/278 modules 43 active D:\Java_project\HYPBlog\blog-cms\node_modules\css-loader\dist\cjs.js??ref--6-oneOf-1-1!D:\Java_project\HYPBlog\blog-cms\node_modules\vue-loader\lib\loaders\stylePostLoader.js!D:\Java_project\HYPBlog\blog-cms\node_modules\postcss-loader\src\index.js??ref--6-oneOf-1-2!D:\Java_project\HYPBlog\blog-cms\node_modules\cache-loader\dist\cjs.js??ref--0-0!D:\Java_project\HYPBlog\blog-cms\node_modules\vue-loader\lib\index.js??vue-loader-options!D:\Java_project\HYPBlog\blog-cms\src\views\pictureHosting\TxyunManage.vue?vue&type=style&index=1&id=cad445cc&scoped=true&lang=css
<s> [webpack.Progress] 40% building 235/279 modules 44 active D:\Java_project\HYPBlog\blog-cms\node_modules\css-loader\dist\cjs.js??ref--6-oneOf-1-1!D:\Java_project\HYPBlog\blog-cms\node_modules\vue-loader\lib\loaders\stylePostLoader.js!D:\Java_project\HYPBlog\blog-cms\node_modules\postcss-loader\src\index.js??ref--6-oneOf-1-2!D:\Java_project\HYPBlog\blog-cms\node_modules\cache-loader\dist\cjs.js??ref--0-0!D:\Java_project\HYPBlog\blog-cms\node_modules\vue-loader\lib\index.js??vue-loader-options!D:\Java_project\HYPBlog\blog-cms\src\views\pictureHosting\TxyunManage.vue?vue&type=style&index=0&id=cad445cc&lang=css
<s> [webpack.Progress] 40% building 236/279 modules 43 active D:\Java_project\HYPBlog\blog-cms\node_modules\css-loader\dist\cjs.js??ref--6-oneOf-1-1!D:\Java_project\HYPBlog\blog-cms\node_modules\vue-loader\lib\loaders\stylePostLoader.js!D:\Java_project\HYPBlog\blog-cms\node_modules\postcss-loader\src\index.js??ref--6-oneOf-1-2!D:\Java_project\HYPBlog\blog-cms\node_modules\cache-loader\dist\cjs.js??ref--0-0!D:\Java_project\HYPBlog\blog-cms\node_modules\vue-loader\lib\index.js??vue-loader-options!D:\Java_project\HYPBlog\blog-cms\src\views\pictureHosting\TxyunManage.vue?vue&type=style&index=0&id=cad445cc&lang=css
<s> [webpack.Progress] 40% building 236/280 modules 44 active D:\Java_project\HYPBlog\blog-cms\node_modules\vue-loader\lib\loaders\pitcher.js??ref--4!D:\Java_project\HYPBlog\blog-cms\node_modules\cache-loader\dist\cjs.js??ref--12-0!D:\Java_project\HYPBlog\blog-cms\node_modules\babel-loader\lib\index.js!D:\Java_project\HYPBlog\blog-cms\node_modules\cache-loader\dist\cjs.js??ref--0-0!D:\Java_project\HYPBlog\blog-cms\node_modules\vue-loader\lib\index.js??vue-loader-options!D:\Java_project\HYPBlog\blog-cms\src\views\pictureHosting\TxyunManage.vue?vue&type=script&lang=js
<s> [webpack.Progress] 40% building 237/280 modules 43 active D:\Java_project\HYPBlog\blog-cms\node_modules\css-loader\dist\cjs.js??ref--6-oneOf-1-1!D:\Java_project\HYPBlog\blog-cms\node_modules\vue-loader\lib\loaders\stylePostLoader.js!D:\Java_project\HYPBlog\blog-cms\node_modules\postcss-loader\src\index.js??ref--6-oneOf-1-2!D:\Java_project\HYPBlog\blog-cms\node_modules\cache-loader\dist\cjs.js??ref--0-0!D:\Java_project\HYPBlog\blog-cms\node_modules\vue-loader\lib\index.js??vue-loader-options!D:\Java_project\HYPBlog\blog-cms\src\views\pictureHosting\TxyunManage.vue?vue&type=style&index=0&id=cad445cc&lang=css
<s> [webpack.Progress] 40% building 237/281 modules 44 active D:\Java_project\HYPBlog\blog-cms\node_modules\cache-loader\dist\cjs.js??ref--12-0!D:\Java_project\HYPBlog\blog-cms\node_modules\babel-loader\lib\index.js!D:\Java_project\HYPBlog\blog-cms\node_modules\cache-loader\dist\cjs.js??ref--0-0!D:\Java_project\HYPBlog\blog-cms\node_modules\vue-loader\lib\index.js??vue-loader-options!D:\Java_project\HYPBlog\blog-cms\src\views\pictureHosting\TxyunManage.vue?vue&type=script&lang=js
<s> [webpack.Progress] 40% building 237/282 modules 45 active D:\Java_project\HYPBlog\blog-cms\node_modules\vue-loader\lib\loaders\pitcher.js??ref--4!D:\Java_project\HYPBlog\blog-cms\node_modules\vue-style-loader\index.js??ref--6-oneOf-1-0!D:\Java_project\HYPBlog\blog-cms\node_modules\css-loader\dist\cjs.js??ref--6-oneOf-1-1!D:\Java_project\HYPBlog\blog-cms\node_modules\postcss-loader\src\index.js??ref--6-oneOf-1-2!D:\Java_project\HYPBlog\blog-cms\node_modules\cache-loader\dist\cjs.js??ref--0-0!D:\Java_project\HYPBlog\blog-cms\node_modules\vue-loader\lib\index.js??vue-loader-options!D:\Java_project\HYPBlog\blog-cms\src\views\log\ExceptionLog.vue?vue&type=style&index=0&id=7953719a&scoped=true&lang=css
<s> [webpack.Progress] 40% building 238/282 modules 44 active D:\Java_project\HYPBlog\blog-cms\node_modules\cache-loader\dist\cjs.js??ref--12-0!D:\Java_project\HYPBlog\blog-cms\node_modules\babel-loader\lib\index.js!D:\Java_project\HYPBlog\blog-cms\node_modules\cache-loader\dist\cjs.js??ref--0-0!D:\Java_project\HYPBlog\blog-cms\node_modules\vue-loader\lib\index.js??vue-loader-options!D:\Java_project\HYPBlog\blog-cms\src\views\pictureHosting\TxyunManage.vue?vue&type=script&lang=js
<s> [webpack.Progress] 40% building 238/283 modules 45 active D:\Java_project\HYPBlog\blog-cms\node_modules\vue-style-loader\index.js??ref--6-oneOf-1-0!D:\Java_project\HYPBlog\blog-cms\node_modules\css-loader\dist\cjs.js??ref--6-oneOf-1-1!D:\Java_project\HYPBlog\blog-cms\node_modules\vue-loader\lib\loaders\stylePostLoader.js!D:\Java_project\HYPBlog\blog-cms\node_modules\postcss-loader\src\index.js??ref--6-oneOf-1-2!D:\Java_project\HYPBlog\blog-cms\node_modules\cache-loader\dist\cjs.js??ref--0-0!D:\Java_project\HYPBlog\blog-cms\node_modules\vue-loader\lib\index.js??vue-loader-options!D:\Java_project\HYPBlog\blog-cms\src\views\log\ExceptionLog.vue?vue&type=style&index=0&id=7953719a&scoped=true&lang=css
<s> [webpack.Progress] 40% building 239/283 modules 44 active D:\Java_project\HYPBlog\blog-cms\node_modules\cache-loader\dist\cjs.js??ref--12-0!D:\Java_project\HYPBlog\blog-cms\node_modules\babel-loader\lib\index.js!D:\Java_project\HYPBlog\blog-cms\node_modules\cache-loader\dist\cjs.js??ref--0-0!D:\Java_project\HYPBlog\blog-cms\node_modules\vue-loader\lib\index.js??vue-loader-options!D:\Java_project\HYPBlog\blog-cms\src\views\pictureHosting\TxyunManage.vue?vue&type=script&lang=js
<s> [webpack.Progress] 40% building 239/284 modules 45 active D:\Java_project\HYPBlog\blog-cms\node_modules\css-loader\dist\cjs.js??ref--6-oneOf-1-1!D:\Java_project\HYPBlog\blog-cms\node_modules\vue-loader\lib\loaders\stylePostLoader.js!D:\Java_project\HYPBlog\blog-cms\node_modules\postcss-loader\src\index.js??ref--6-oneOf-1-2!D:\Java_project\HYPBlog\blog-cms\node_modules\cache-loader\dist\cjs.js??ref--0-0!D:\Java_project\HYPBlog\blog-cms\node_modules\vue-loader\lib\index.js??vue-loader-options!D:\Java_project\HYPBlog\blog-cms\src\views\log\ExceptionLog.vue?vue&type=style&index=0&id=7953719a&scoped=true&lang=css
<s> [webpack.Progress] 40% building 240/284 modules 44 active D:\Java_project\HYPBlog\blog-cms\node_modules\css-loader\dist\cjs.js??ref--6-oneOf-1-1!D:\Java_project\HYPBlog\blog-cms\node_modules\vue-loader\lib\loaders\stylePostLoader.js!D:\Java_project\HYPBlog\blog-cms\node_modules\postcss-loader\src\index.js??ref--6-oneOf-1-2!D:\Java_project\HYPBlog\blog-cms\node_modules\cache-loader\dist\cjs.js??ref--0-0!D:\Java_project\HYPBlog\blog-cms\node_modules\vue-loader\lib\index.js??vue-loader-options!D:\Java_project\HYPBlog\blog-cms\src\views\log\ExceptionLog.vue?vue&type=style&index=0&id=7953719a&scoped=true&lang=css
<s> [webpack.Progress] 40% building 240/285 modules 45 active D:\Java_project\HYPBlog\blog-cms\node_modules\vue-loader\lib\loaders\pitcher.js??ref--4!D:\Java_project\HYPBlog\blog-cms\node_modules\cache-loader\dist\cjs.js??ref--12-0!D:\Java_project\HYPBlog\blog-cms\node_modules\babel-loader\lib\index.js!D:\Java_project\HYPBlog\blog-cms\node_modules\cache-loader\dist\cjs.js??ref--0-0!D:\Java_project\HYPBlog\blog-cms\node_modules\vue-loader\lib\index.js??vue-loader-options!D:\Java_project\HYPBlog\blog-cms\src\views\log\ExceptionLog.vue?vue&type=script&lang=js
<s> [webpack.Progress] 40% building 241/285 modules 44 active D:\Java_project\HYPBlog\blog-cms\node_modules\css-loader\dist\cjs.js??ref--6-oneOf-1-1!D:\Java_project\HYPBlog\blog-cms\node_modules\vue-loader\lib\loaders\stylePostLoader.js!D:\Java_project\HYPBlog\blog-cms\node_modules\postcss-loader\src\index.js??ref--6-oneOf-1-2!D:\Java_project\HYPBlog\blog-cms\node_modules\cache-loader\dist\cjs.js??ref--0-0!D:\Java_project\HYPBlog\blog-cms\node_modules\vue-loader\lib\index.js??vue-loader-options!D:\Java_project\HYPBlog\blog-cms\src\views\log\ExceptionLog.vue?vue&type=style&index=0&id=7953719a&scoped=true&lang=css
<s> [webpack.Progress] 40% building 241/286 modules 45 active D:\Java_project\HYPBlog\blog-cms\node_modules\cache-loader\dist\cjs.js??ref--12-0!D:\Java_project\HYPBlog\blog-cms\node_modules\babel-loader\lib\index.js!D:\Java_project\HYPBlog\blog-cms\node_modules\cache-loader\dist\cjs.js??ref--0-0!D:\Java_project\HYPBlog\blog-cms\node_modules\vue-loader\lib\index.js??vue-loader-options!D:\Java_project\HYPBlog\blog-cms\src\views\log\ExceptionLog.vue?vue&type=script&lang=js
<s> [webpack.Progress] 40% building 242/286 modules 44 active D:\Java_project\HYPBlog\blog-cms\node_modules\cache-loader\dist\cjs.js??ref--12-0!D:\Java_project\HYPBlog\blog-cms\node_modules\babel-loader\lib\index.js!D:\Java_project\HYPBlog\blog-cms\node_modules\cache-loader\dist\cjs.js??ref--0-0!D:\Java_project\HYPBlog\blog-cms\node_modules\vue-loader\lib\index.js??vue-loader-options!D:\Java_project\HYPBlog\blog-cms\src\views\log\ExceptionLog.vue?vue&type=script&lang=js
<s> [webpack.Progress] 40% building 243/286 modules 43 active D:\Java_project\HYPBlog\blog-cms\node_modules\cache-loader\dist\cjs.js??ref--12-0!D:\Java_project\HYPBlog\blog-cms\node_modules\babel-loader\lib\index.js!D:\Java_project\HYPBlog\blog-cms\node_modules\cache-loader\dist\cjs.js??ref--0-0!D:\Java_project\HYPBlog\blog-cms\node_modules\vue-loader\lib\index.js??vue-loader-options!D:\Java_project\HYPBlog\blog-cms\src\views\log\ExceptionLog.vue?vue&type=script&lang=js
<s> [webpack.Progress] 40% building 244/286 modules 42 active D:\Java_project\HYPBlog\blog-cms\node_modules\cache-loader\dist\cjs.js??ref--12-0!D:\Java_project\HYPBlog\blog-cms\node_modules\babel-loader\lib\index.js!D:\Java_project\HYPBlog\blog-cms\node_modules\cache-loader\dist\cjs.js??ref--0-0!D:\Java_project\HYPBlog\blog-cms\node_modules\vue-loader\lib\index.js??vue-loader-options!D:\Java_project\HYPBlog\blog-cms\src\views\log\ExceptionLog.vue?vue&type=script&lang=js
<s> [webpack.Progress] 40% building 245/286 modules 41 active D:\Java_project\HYPBlog\blog-cms\node_modules\cache-loader\dist\cjs.js??ref--12-0!D:\Java_project\HYPBlog\blog-cms\node_modules\babel-loader\lib\index.js!D:\Java_project\HYPBlog\blog-cms\node_modules\cache-loader\dist\cjs.js??ref--0-0!D:\Java_project\HYPBlog\blog-cms\node_modules\vue-loader\lib\index.js??vue-loader-options!D:\Java_project\HYPBlog\blog-cms\src\views\log\ExceptionLog.vue?vue&type=script&lang=js
<s> [webpack.Progress] 40% building 246/286 modules 40 active D:\Java_project\HYPBlog\blog-cms\node_modules\cache-loader\dist\cjs.js??ref--12-0!D:\Java_project\HYPBlog\blog-cms\node_modules\babel-loader\lib\index.js!D:\Java_project\HYPBlog\blog-cms\node_modules\cache-loader\dist\cjs.js??ref--0-0!D:\Java_project\HYPBlog\blog-cms\node_modules\vue-loader\lib\index.js??vue-loader-options!D:\Java_project\HYPBlog\blog-cms\src\views\log\ExceptionLog.vue?vue&type=script&lang=js
<s> [webpack.Progress] 40% building 247/286 modules 39 active D:\Java_project\HYPBlog\blog-cms\node_modules\cache-loader\dist\cjs.js??ref--12-0!D:\Java_project\HYPBlog\blog-cms\node_modules\babel-loader\lib\index.js!D:\Java_project\HYPBlog\blog-cms\node_modules\cache-loader\dist\cjs.js??ref--0-0!D:\Java_project\HYPBlog\blog-cms\node_modules\vue-loader\lib\index.js??vue-loader-options!D:\Java_project\HYPBlog\blog-cms\src\views\log\ExceptionLog.vue?vue&type=script&lang=js
<s> [webpack.Progress] 40% building 248/286 modules 38 active D:\Java_project\HYPBlog\blog-cms\node_modules\cache-loader\dist\cjs.js??ref--12-0!D:\Java_project\HYPBlog\blog-cms\node_modules\babel-loader\lib\index.js!D:\Java_project\HYPBlog\blog-cms\node_modules\cache-loader\dist\cjs.js??ref--0-0!D:\Java_project\HYPBlog\blog-cms\node_modules\vue-loader\lib\index.js??vue-loader-options!D:\Java_project\HYPBlog\blog-cms\src\views\log\ExceptionLog.vue?vue&type=script&lang=js
<s> [webpack.Progress] 40% building 249/286 modules 37 active D:\Java_project\HYPBlog\blog-cms\node_modules\cache-loader\dist\cjs.js??ref--12-0!D:\Java_project\HYPBlog\blog-cms\node_modules\babel-loader\lib\index.js!D:\Java_project\HYPBlog\blog-cms\node_modules\cache-loader\dist\cjs.js??ref--0-0!D:\Java_project\HYPBlog\blog-cms\node_modules\vue-loader\lib\index.js??vue-loader-options!D:\Java_project\HYPBlog\blog-cms\src\views\log\ExceptionLog.vue?vue&type=script&lang=js
<s> [webpack.Progress] 40% building 250/286 modules 36 active D:\Java_project\HYPBlog\blog-cms\node_modules\cache-loader\dist\cjs.js??ref--12-0!D:\Java_project\HYPBlog\blog-cms\node_modules\babel-loader\lib\index.js!D:\Java_project\HYPBlog\blog-cms\node_modules\cache-loader\dist\cjs.js??ref--0-0!D:\Java_project\HYPBlog\blog-cms\node_modules\vue-loader\lib\index.js??vue-loader-options!D:\Java_project\HYPBlog\blog-cms\src\views\log\ExceptionLog.vue?vue&type=script&lang=js
<s> [webpack.Progress] 40% building 251/286 modules 35 active D:\Java_project\HYPBlog\blog-cms\node_modules\cache-loader\dist\cjs.js??ref--12-0!D:\Java_project\HYPBlog\blog-cms\node_modules\babel-loader\lib\index.js!D:\Java_project\HYPBlog\blog-cms\node_modules\cache-loader\dist\cjs.js??ref--0-0!D:\Java_project\HYPBlog\blog-cms\node_modules\vue-loader\lib\index.js??vue-loader-options!D:\Java_project\HYPBlog\blog-cms\src\views\log\ExceptionLog.vue?vue&type=script&lang=js
<s> [webpack.Progress] 40% building 251/287 modules 36 active D:\Java_project\HYPBlog\blog-cms\node_modules\babel-helper-vue-jsx-merge-props\index.js
<s> [webpack.Progress] 40% building 252/287 modules 35 active D:\Java_project\HYPBlog\blog-cms\node_modules\babel-helper-vue-jsx-merge-props\index.js
<s> [webpack.Progress] 40% building 253/287 modules 34 active D:\Java_project\HYPBlog\blog-cms\node_modules\babel-helper-vue-jsx-merge-props\index.js
<s> [webpack.Progress] 40% building 254/287 modules 33 active D:\Java_project\HYPBlog\blog-cms\node_modules\babel-helper-vue-jsx-merge-props\index.js
<s> [webpack.Progress] 40% building 254/288 modules 34 active D:\Java_project\HYPBlog\blog-cms\node_modules\vue-loader\lib\loaders\pitcher.js??ref--4!D:\Java_project\HYPBlog\blog-cms\node_modules\vue-style-loader\index.js??ref--6-oneOf-1-0!D:\Java_project\HYPBlog\blog-cms\node_modules\css-loader\dist\cjs.js??ref--6-oneOf-1-1!D:\Java_project\HYPBlog\blog-cms\node_modules\postcss-loader\src\index.js??ref--6-oneOf-1-2!D:\Java_project\HYPBlog\blog-cms\node_modules\cache-loader\dist\cjs.js??ref--0-0!D:\Java_project\HYPBlog\blog-cms\node_modules\vue-loader\lib\index.js??vue-loader-options!D:\Java_project\HYPBlog\blog-cms\src\views\pictureHosting\UpyunManage.vue?vue&type=style&index=1&id=34fa0b3a&scoped=true&lang=css
<s> [webpack.Progress] 40% building 255/288 modules 33 active D:\Java_project\HYPBlog\blog-cms\node_modules\babel-helper-vue-jsx-merge-props\index.js
<s> [webpack.Progress] 40% building 255/289 modules 34 active D:\Java_project\HYPBlog\blog-cms\node_modules\vue-style-loader\index.js??ref--6-oneOf-1-0!D:\Java_project\HYPBlog\blog-cms\node_modules\css-loader\dist\cjs.js??ref--6-oneOf-1-1!D:\Java_project\HYPBlog\blog-cms\node_modules\vue-loader\lib\loaders\stylePostLoader.js!D:\Java_project\HYPBlog\blog-cms\node_modules\postcss-loader\src\index.js??ref--6-oneOf-1-2!D:\Java_project\HYPBlog\blog-cms\node_modules\cache-loader\dist\cjs.js??ref--0-0!D:\Java_project\HYPBlog\blog-cms\node_modules\vue-loader\lib\index.js??vue-loader-options!D:\Java_project\HYPBlog\blog-cms\src\views\pictureHosting\UpyunManage.vue?vue&type=style&index=1&id=34fa0b3a&scoped=true&lang=css
<s> [webpack.Progress] 40% building 256/289 modules 33 active D:\Java_project\HYPBlog\blog-cms\node_modules\babel-helper-vue-jsx-merge-props\index.js
<s> [webpack.Progress] 40% building 256/290 modules 34 active D:\Java_project\HYPBlog\blog-cms\node_modules\css-loader\dist\cjs.js??ref--6-oneOf-1-1!D:\Java_project\HYPBlog\blog-cms\node_modules\vue-loader\lib\loaders\stylePostLoader.js!D:\Java_project\HYPBlog\blog-cms\node_modules\postcss-loader\src\index.js??ref--6-oneOf-1-2!D:\Java_project\HYPBlog\blog-cms\node_modules\cache-loader\dist\cjs.js??ref--0-0!D:\Java_project\HYPBlog\blog-cms\node_modules\vue-loader\lib\index.js??vue-loader-options!D:\Java_project\HYPBlog\blog-cms\src\views\pictureHosting\UpyunManage.vue?vue&type=style&index=1&id=34fa0b3a&scoped=true&lang=css
<s> [webpack.Progress] 40% building 257/290 modules 33 active D:\Java_project\HYPBlog\blog-cms\node_modules\css-loader\dist\cjs.js??ref--6-oneOf-1-1!D:\Java_project\HYPBlog\blog-cms\node_modules\vue-loader\lib\loaders\stylePostLoader.js!D:\Java_project\HYPBlog\blog-cms\node_modules\postcss-loader\src\index.js??ref--6-oneOf-1-2!D:\Java_project\HYPBlog\blog-cms\node_modules\cache-loader\dist\cjs.js??ref--0-0!D:\Java_project\HYPBlog\blog-cms\node_modules\vue-loader\lib\index.js??vue-loader-options!D:\Java_project\HYPBlog\blog-cms\src\views\pictureHosting\UpyunManage.vue?vue&type=style&index=1&id=34fa0b3a&scoped=true&lang=css
<s> [webpack.Progress] 40% building 257/291 modules 34 active D:\Java_project\HYPBlog\blog-cms\node_modules\vue-loader\lib\loaders\pitcher.js??ref--4!D:\Java_project\HYPBlog\blog-cms\node_modules\vue-style-loader\index.js??ref--6-oneOf-1-0!D:\Java_project\HYPBlog\blog-cms\node_modules\css-loader\dist\cjs.js??ref--6-oneOf-1-1!D:\Java_project\HYPBlog\blog-cms\node_modules\postcss-loader\src\index.js??ref--6-oneOf-1-2!D:\Java_project\HYPBlog\blog-cms\node_modules\cache-loader\dist\cjs.js??ref--0-0!D:\Java_project\HYPBlog\blog-cms\node_modules\vue-loader\lib\index.js??vue-loader-options!D:\Java_project\HYPBlog\blog-cms\src\views\pictureHosting\UpyunManage.vue?vue&type=style&index=0&id=34fa0b3a&lang=css
<s> [webpack.Progress] 40% building 258/291 modules 33 active D:\Java_project\HYPBlog\blog-cms\node_modules\css-loader\dist\cjs.js??ref--6-oneOf-1-1!D:\Java_project\HYPBlog\blog-cms\node_modules\vue-loader\lib\loaders\stylePostLoader.js!D:\Java_project\HYPBlog\blog-cms\node_modules\postcss-loader\src\index.js??ref--6-oneOf-1-2!D:\Java_project\HYPBlog\blog-cms\node_modules\cache-loader\dist\cjs.js??ref--0-0!D:\Java_project\HYPBlog\blog-cms\node_modules\vue-loader\lib\index.js??vue-loader-options!D:\Java_project\HYPBlog\blog-cms\src\views\pictureHosting\UpyunManage.vue?vue&type=style&index=1&id=34fa0b3a&scoped=true&lang=css
<s> [webpack.Progress] 40% building 258/292 modules 34 active D:\Java_project\HYPBlog\blog-cms\node_modules\vue-style-loader\index.js??ref--6-oneOf-1-0!D:\Java_project\HYPBlog\blog-cms\node_modules\css-loader\dist\cjs.js??ref--6-oneOf-1-1!D:\Java_project\HYPBlog\blog-cms\node_modules\vue-loader\lib\loaders\stylePostLoader.js!D:\Java_project\HYPBlog\blog-cms\node_modules\postcss-loader\src\index.js??ref--6-oneOf-1-2!D:\Java_project\HYPBlog\blog-cms\node_modules\cache-loader\dist\cjs.js??ref--0-0!D:\Java_project\HYPBlog\blog-cms\node_modules\vue-loader\lib\index.js??vue-loader-options!D:\Java_project\HYPBlog\blog-cms\src\views\pictureHosting\UpyunManage.vue?vue&type=style&index=0&id=34fa0b3a&lang=css
<s> [webpack.Progress] 41% building 259/292 modules 33 active D:\Java_project\HYPBlog\blog-cms\node_modules\css-loader\dist\cjs.js??ref--6-oneOf-1-1!D:\Java_project\HYPBlog\blog-cms\node_modules\vue-loader\lib\loaders\stylePostLoader.js!D:\Java_project\HYPBlog\blog-cms\node_modules\postcss-loader\src\index.js??ref--6-oneOf-1-2!D:\Java_project\HYPBlog\blog-cms\node_modules\cache-loader\dist\cjs.js??ref--0-0!D:\Java_project\HYPBlog\blog-cms\node_modules\vue-loader\lib\index.js??vue-loader-options!D:\Java_project\HYPBlog\blog-cms\src\views\pictureHosting\UpyunManage.vue?vue&type=style&index=1&id=34fa0b3a&scoped=true&lang=css
<s> [webpack.Progress] 41% building 259/293 modules 34 active D:\Java_project\HYPBlog\blog-cms\node_modules\css-loader\dist\cjs.js??ref--6-oneOf-1-1!D:\Java_project\HYPBlog\blog-cms\node_modules\vue-loader\lib\loaders\stylePostLoader.js!D:\Java_project\HYPBlog\blog-cms\node_modules\postcss-loader\src\index.js??ref--6-oneOf-1-2!D:\Java_project\HYPBlog\blog-cms\node_modules\cache-loader\dist\cjs.js??ref--0-0!D:\Java_project\HYPBlog\blog-cms\node_modules\vue-loader\lib\index.js??vue-loader-options!D:\Java_project\HYPBlog\blog-cms\src\views\pictureHosting\UpyunManage.vue?vue&type=style&index=0&id=34fa0b3a&lang=css
<s> [webpack.Progress] 41% building 260/293 modules 33 active D:\Java_project\HYPBlog\blog-cms\node_modules\css-loader\dist\cjs.js??ref--6-oneOf-1-1!D:\Java_project\HYPBlog\blog-cms\node_modules\vue-loader\lib\loaders\stylePostLoader.js!D:\Java_project\HYPBlog\blog-cms\node_modules\postcss-loader\src\index.js??ref--6-oneOf-1-2!D:\Java_project\HYPBlog\blog-cms\node_modules\cache-loader\dist\cjs.js??ref--0-0!D:\Java_project\HYPBlog\blog-cms\node_modules\vue-loader\lib\index.js??vue-loader-options!D:\Java_project\HYPBlog\blog-cms\src\views\pictureHosting\UpyunManage.vue?vue&type=style&index=0&id=34fa0b3a&lang=css
<s> [webpack.Progress] 41% building 260/294 modules 34 active D:\Java_project\HYPBlog\blog-cms\node_modules\vue-loader\lib\loaders\pitcher.js??ref--4!D:\Java_project\HYPBlog\blog-cms\node_modules\cache-loader\dist\cjs.js??ref--12-0!D:\Java_project\HYPBlog\blog-cms\node_modules\babel-loader\lib\index.js!D:\Java_project\HYPBlog\blog-cms\node_modules\cache-loader\dist\cjs.js??ref--0-0!D:\Java_project\HYPBlog\blog-cms\node_modules\vue-loader\lib\index.js??vue-loader-options!D:\Java_project\HYPBlog\blog-cms\src\views\pictureHosting\UpyunManage.vue?vue&type=script&lang=js
<s> [webpack.Progress] 41% building 261/294 modules 33 active D:\Java_project\HYPBlog\blog-cms\node_modules\css-loader\dist\cjs.js??ref--6-oneOf-1-1!D:\Java_project\HYPBlog\blog-cms\node_modules\vue-loader\lib\loaders\stylePostLoader.js!D:\Java_project\HYPBlog\blog-cms\node_modules\postcss-loader\src\index.js??ref--6-oneOf-1-2!D:\Java_project\HYPBlog\blog-cms\node_modules\cache-loader\dist\cjs.js??ref--0-0!D:\Java_project\HYPBlog\blog-cms\node_modules\vue-loader\lib\index.js??vue-loader-options!D:\Java_project\HYPBlog\blog-cms\src\views\pictureHosting\UpyunManage.vue?vue&type=style&index=0&id=34fa0b3a&lang=css
<s> [webpack.Progress] 41% building 261/295 modules 34 active D:\Java_project\HYPBlog\blog-cms\node_modules\cache-loader\dist\cjs.js??ref--12-0!D:\Java_project\HYPBlog\blog-cms\node_modules\babel-loader\lib\index.js!D:\Java_project\HYPBlog\blog-cms\node_modules\cache-loader\dist\cjs.js??ref--0-0!D:\Java_project\HYPBlog\blog-cms\node_modules\vue-loader\lib\index.js??vue-loader-options!D:\Java_project\HYPBlog\blog-cms\src\views\pictureHosting\UpyunManage.vue?vue&type=script&lang=js
<s> [webpack.Progress] 41% building 262/295 modules 33 active D:\Java_project\HYPBlog\blog-cms\node_modules\cache-loader\dist\cjs.js??ref--12-0!D:\Java_project\HYPBlog\blog-cms\node_modules\babel-loader\lib\index.js!D:\Java_project\HYPBlog\blog-cms\node_modules\cache-loader\dist\cjs.js??ref--0-0!D:\Java_project\HYPBlog\blog-cms\node_modules\vue-loader\lib\index.js??vue-loader-options!D:\Java_project\HYPBlog\blog-cms\src\views\pictureHosting\UpyunManage.vue?vue&type=script&lang=js
<s> [webpack.Progress] 41% building 263/295 modules 32 active D:\Java_project\HYPBlog\blog-cms\node_modules\cache-loader\dist\cjs.js??ref--12-0!D:\Java_project\HYPBlog\blog-cms\node_modules\babel-loader\lib\index.js!D:\Java_project\HYPBlog\blog-cms\node_modules\cache-loader\dist\cjs.js??ref--0-0!D:\Java_project\HYPBlog\blog-cms\node_modules\vue-loader\lib\index.js??vue-loader-options!D:\Java_project\HYPBlog\blog-cms\src\views\pictureHosting\UpyunManage.vue?vue&type=script&lang=js
<s> [webpack.Progress] 41% building 264/295 modules 31 active D:\Java_project\HYPBlog\blog-cms\node_modules\cache-loader\dist\cjs.js??ref--12-0!D:\Java_project\HYPBlog\blog-cms\node_modules\babel-loader\lib\index.js!D:\Java_project\HYPBlog\blog-cms\node_modules\cache-loader\dist\cjs.js??ref--0-0!D:\Java_project\HYPBlog\blog-cms\node_modules\vue-loader\lib\index.js??vue-loader-options!D:\Java_project\HYPBlog\blog-cms\src\views\pictureHosting\UpyunManage.vue?vue&type=script&lang=js
<s> [webpack.Progress] 41% building 264/296 modules 32 active D:\Java_project\HYPBlog\blog-cms\node_modules\vue-loader\lib\loaders\pitcher.js??ref--4!D:\Java_project\HYPBlog\blog-cms\node_modules\vue-style-loader\index.js??ref--6-oneOf-1-0!D:\Java_project\HYPBlog\blog-cms\node_modules\css-loader\dist\cjs.js??ref--6-oneOf-1-1!D:\Java_project\HYPBlog\blog-cms\node_modules\postcss-loader\src\index.js??ref--6-oneOf-1-2!D:\Java_project\HYPBlog\blog-cms\node_modules\cache-loader\dist\cjs.js??ref--0-0!D:\Java_project\HYPBlog\blog-cms\node_modules\vue-loader\lib\index.js??vue-loader-options!D:\Java_project\HYPBlog\blog-cms\src\views\pictureHosting\GithubManage.vue?vue&type=style&index=1&id=58a7a671&scoped=true&lang=css
<s> [webpack.Progress] 41% building 265/296 modules 31 active D:\Java_project\HYPBlog\blog-cms\node_modules\cache-loader\dist\cjs.js??ref--12-0!D:\Java_project\HYPBlog\blog-cms\node_modules\babel-loader\lib\index.js!D:\Java_project\HYPBlog\blog-cms\node_modules\cache-loader\dist\cjs.js??ref--0-0!D:\Java_project\HYPBlog\blog-cms\node_modules\vue-loader\lib\index.js??vue-loader-options!D:\Java_project\HYPBlog\blog-cms\src\views\pictureHosting\UpyunManage.vue?vue&type=script&lang=js
<s> [webpack.Progress] 41% building 265/297 modules 32 active D:\Java_project\HYPBlog\blog-cms\node_modules\vue-style-loader\index.js??ref--6-oneOf-1-0!D:\Java_project\HYPBlog\blog-cms\node_modules\css-loader\dist\cjs.js??ref--6-oneOf-1-1!D:\Java_project\HYPBlog\blog-cms\node_modules\vue-loader\lib\loaders\stylePostLoader.js!D:\Java_project\HYPBlog\blog-cms\node_modules\postcss-loader\src\index.js??ref--6-oneOf-1-2!D:\Java_project\HYPBlog\blog-cms\node_modules\cache-loader\dist\cjs.js??ref--0-0!D:\Java_project\HYPBlog\blog-cms\node_modules\vue-loader\lib\index.js??vue-loader-options!D:\Java_project\HYPBlog\blog-cms\src\views\pictureHosting\GithubManage.vue?vue&type=style&index=1&id=58a7a671&scoped=true&lang=css
<s> [webpack.Progress] 41% building 266/297 modules 31 active D:\Java_project\HYPBlog\blog-cms\node_modules\cache-loader\dist\cjs.js??ref--12-0!D:\Java_project\HYPBlog\blog-cms\node_modules\babel-loader\lib\index.js!D:\Java_project\HYPBlog\blog-cms\node_modules\cache-loader\dist\cjs.js??ref--0-0!D:\Java_project\HYPBlog\blog-cms\node_modules\vue-loader\lib\index.js??vue-loader-options!D:\Java_project\HYPBlog\blog-cms\src\views\pictureHosting\UpyunManage.vue?vue&type=script&lang=js
<s> [webpack.Progress] 41% building 266/298 modules 32 active D:\Java_project\HYPBlog\blog-cms\node_modules\css-loader\dist\cjs.js??ref--6-oneOf-1-1!D:\Java_project\HYPBlog\blog-cms\node_modules\vue-loader\lib\loaders\stylePostLoader.js!D:\Java_project\HYPBlog\blog-cms\node_modules\postcss-loader\src\index.js??ref--6-oneOf-1-2!D:\Java_project\HYPBlog\blog-cms\node_modules\cache-loader\dist\cjs.js??ref--0-0!D:\Java_project\HYPBlog\blog-cms\node_modules\vue-loader\lib\index.js??vue-loader-options!D:\Java_project\HYPBlog\blog-cms\src\views\pictureHosting\GithubManage.vue?vue&type=style&index=1&id=58a7a671&scoped=true&lang=css
<s> [webpack.Progress] 41% building 266/299 modules 33 active D:\Java_project\HYPBlog\blog-cms\node_modules\vue-router\dist\vue-router.esm.js
<s> [webpack.Progress] 41% building 266/300 modules 34 active D:\Java_project\HYPBlog\blog-cms\node_modules\vue-loader\lib\loaders\pitcher.js??ref--4!D:\Java_project\HYPBlog\blog-cms\node_modules\vue-style-loader\index.js??ref--6-oneOf-1-0!D:\Java_project\HYPBlog\blog-cms\node_modules\css-loader\dist\cjs.js??ref--6-oneOf-1-1!D:\Java_project\HYPBlog\blog-cms\node_modules\postcss-loader\src\index.js??ref--6-oneOf-1-2!D:\Java_project\HYPBlog\blog-cms\node_modules\cache-loader\dist\cjs.js??ref--0-0!D:\Java_project\HYPBlog\blog-cms\node_modules\vue-loader\lib\index.js??vue-loader-options!D:\Java_project\HYPBlog\blog-cms\src\views\pictureHosting\GithubManage.vue?vue&type=style&index=0&id=58a7a671&lang=css
<s> [webpack.Progress] 42% building 267/300 modules 33 active D:\Java_project\HYPBlog\blog-cms\node_modules\vue-router\dist\vue-router.esm.js
<s> [webpack.Progress] 42% building 267/301 modules 34 active D:\Java_project\HYPBlog\blog-cms\node_modules\vue-style-loader\index.js??ref--6-oneOf-1-0!D:\Java_project\HYPBlog\blog-cms\node_modules\css-loader\dist\cjs.js??ref--6-oneOf-1-1!D:\Java_project\HYPBlog\blog-cms\node_modules\vue-loader\lib\loaders\stylePostLoader.js!D:\Java_project\HYPBlog\blog-cms\node_modules\postcss-loader\src\index.js??ref--6-oneOf-1-2!D:\Java_project\HYPBlog\blog-cms\node_modules\cache-loader\dist\cjs.js??ref--0-0!D:\Java_project\HYPBlog\blog-cms\node_modules\vue-loader\lib\index.js??vue-loader-options!D:\Java_project\HYPBlog\blog-cms\src\views\pictureHosting\GithubManage.vue?vue&type=style&index=0&id=58a7a671&lang=css
<s> [webpack.Progress] 42% building 268/301 modules 33 active D:\Java_project\HYPBlog\blog-cms\node_modules\vue-router\dist\vue-router.esm.js
<s> [webpack.Progress] 42% building 268/302 modules 34 active D:\Java_project\HYPBlog\blog-cms\node_modules\css-loader\dist\cjs.js??ref--6-oneOf-1-1!D:\Java_project\HYPBlog\blog-cms\node_modules\vue-loader\lib\loaders\stylePostLoader.js!D:\Java_project\HYPBlog\blog-cms\node_modules\postcss-loader\src\index.js??ref--6-oneOf-1-2!D:\Java_project\HYPBlog\blog-cms\node_modules\cache-loader\dist\cjs.js??ref--0-0!D:\Java_project\HYPBlog\blog-cms\node_modules\vue-loader\lib\index.js??vue-loader-options!D:\Java_project\HYPBlog\blog-cms\src\views\pictureHosting\GithubManage.vue?vue&type=style&index=0&id=58a7a671&lang=css
<s> [webpack.Progress] 42% building 268/303 modules 35 active D:\Java_project\HYPBlog\blog-cms\node_modules\vue-loader\lib\loaders\pitcher.js??ref--4!D:\Java_project\HYPBlog\blog-cms\node_modules\cache-loader\dist\cjs.js??ref--12-0!D:\Java_project\HYPBlog\blog-cms\node_modules\babel-loader\lib\index.js!D:\Java_project\HYPBlog\blog-cms\node_modules\cache-loader\dist\cjs.js??ref--0-0!D:\Java_project\HYPBlog\blog-cms\node_modules\vue-loader\lib\index.js??vue-loader-options!D:\Java_project\HYPBlog\blog-cms\src\views\pictureHosting\GithubManage.vue?vue&type=script&lang=js
<s> [webpack.Progress] 42% building 269/303 modules 34 active D:\Java_project\HYPBlog\blog-cms\node_modules\css-loader\dist\cjs.js??ref--6-oneOf-1-1!D:\Java_project\HYPBlog\blog-cms\node_modules\vue-loader\lib\loaders\stylePostLoader.js!D:\Java_project\HYPBlog\blog-cms\node_modules\postcss-loader\src\index.js??ref--6-oneOf-1-2!D:\Java_project\HYPBlog\blog-cms\node_modules\cache-loader\dist\cjs.js??ref--0-0!D:\Java_project\HYPBlog\blog-cms\node_modules\vue-loader\lib\index.js??vue-loader-options!D:\Java_project\HYPBlog\blog-cms\src\views\pictureHosting\GithubManage.vue?vue&type=style&index=0&id=58a7a671&lang=css
<s> [webpack.Progress] 42% building 269/304 modules 35 active D:\Java_project\HYPBlog\blog-cms\node_modules\vue-loader\lib\loaders\pitcher.js??ref--4!D:\Java_project\HYPBlog\blog-cms\node_modules\vue-style-loader\index.js??ref--6-oneOf-1-0!D:\Java_project\HYPBlog\blog-cms\node_modules\css-loader\dist\cjs.js??ref--6-oneOf-1-1!D:\Java_project\HYPBlog\blog-cms\node_modules\postcss-loader\src\index.js??ref--6-oneOf-1-2!D:\Java_project\HYPBlog\blog-cms\node_modules\cache-loader\dist\cjs.js??ref--0-0!D:\Java_project\HYPBlog\blog-cms\node_modules\vue-loader\lib\index.js??vue-loader-options!D:\Java_project\HYPBlog\blog-cms\src\views\system\ScheduleJobList.vue?vue&type=style&index=0&id=445b1ffe&scoped=true&lang=css
<s> [webpack.Progress] 42% building 270/304 modules 34 active D:\Java_project\HYPBlog\blog-cms\node_modules\css-loader\dist\cjs.js??ref--6-oneOf-1-1!D:\Java_project\HYPBlog\blog-cms\node_modules\vue-loader\lib\loaders\stylePostLoader.js!D:\Java_project\HYPBlog\blog-cms\node_modules\postcss-loader\src\index.js??ref--6-oneOf-1-2!D:\Java_project\HYPBlog\blog-cms\node_modules\cache-loader\dist\cjs.js??ref--0-0!D:\Java_project\HYPBlog\blog-cms\node_modules\vue-loader\lib\index.js??vue-loader-options!D:\Java_project\HYPBlog\blog-cms\src\views\pictureHosting\GithubManage.vue?vue&type=style&index=0&id=58a7a671&lang=css
<s> [webpack.Progress] 42% building 270/305 modules 35 active D:\Java_project\HYPBlog\blog-cms\node_modules\vue-loader\lib\loaders\pitcher.js??ref--4!D:\Java_project\HYPBlog\blog-cms\node_modules\cache-loader\dist\cjs.js??ref--12-0!D:\Java_project\HYPBlog\blog-cms\node_modules\babel-loader\lib\index.js!D:\Java_project\HYPBlog\blog-cms\node_modules\cache-loader\dist\cjs.js??ref--0-0!D:\Java_project\HYPBlog\blog-cms\node_modules\vue-loader\lib\index.js??vue-loader-options!D:\Java_project\HYPBlog\blog-cms\src\views\system\ScheduleJobList.vue?vue&type=script&lang=js
<s> [webpack.Progress] 42% building 271/305 modules 34 active D:\Java_project\HYPBlog\blog-cms\node_modules\css-loader\dist\cjs.js??ref--6-oneOf-1-1!D:\Java_project\HYPBlog\blog-cms\node_modules\vue-loader\lib\loaders\stylePostLoader.js!D:\Java_project\HYPBlog\blog-cms\node_modules\postcss-loader\src\index.js??ref--6-oneOf-1-2!D:\Java_project\HYPBlog\blog-cms\node_modules\cache-loader\dist\cjs.js??ref--0-0!D:\Java_project\HYPBlog\blog-cms\node_modules\vue-loader\lib\index.js??vue-loader-options!D:\Java_project\HYPBlog\blog-cms\src\views\pictureHosting\GithubManage.vue?vue&type=style&index=0&id=58a7a671&lang=css
<s> [webpack.Progress] 42% building 271/306 modules 35 active D:\Java_project\HYPBlog\blog-cms\node_modules\cache-loader\dist\cjs.js??ref--12-0!D:\Java_project\HYPBlog\blog-cms\node_modules\babel-loader\lib\index.js!D:\Java_project\HYPBlog\blog-cms\node_modules\cache-loader\dist\cjs.js??ref--0-0!D:\Java_project\HYPBlog\blog-cms\node_modules\vue-loader\lib\index.js??vue-loader-options!D:\Java_project\HYPBlog\blog-cms\src\views\pictureHosting\GithubManage.vue?vue&type=script&lang=js
<s> [webpack.Progress] 42% building 271/307 modules 36 active D:\Java_project\HYPBlog\blog-cms\node_modules\cache-loader\dist\cjs.js??ref--12-0!D:\Java_project\HYPBlog\blog-cms\node_modules\babel-loader\lib\index.js!D:\Java_project\HYPBlog\blog-cms\node_modules\cache-loader\dist\cjs.js??ref--0-0!D:\Java_project\HYPBlog\blog-cms\node_modules\vue-loader\lib\index.js??vue-loader-options!D:\Java_project\HYPBlog\blog-cms\src\views\system\ScheduleJobList.vue?vue&type=script&lang=js
<s> [webpack.Progress] 42% building 271/308 modules 37 active D:\Java_project\HYPBlog\blog-cms\node_modules\vue-loader\lib\loaders\pitcher.js??ref--4!D:\Java_project\HYPBlog\blog-cms\node_modules\vue-style-loader\index.js??ref--6-oneOf-1-0!D:\Java_project\HYPBlog\blog-cms\node_modules\css-loader\dist\cjs.js??ref--6-oneOf-1-1!D:\Java_project\HYPBlog\blog-cms\node_modules\postcss-loader\src\index.js??ref--6-oneOf-1-2!D:\Java_project\HYPBlog\blog-cms\node_modules\cache-loader\dist\cjs.js??ref--0-0!D:\Java_project\HYPBlog\blog-cms\node_modules\vue-loader\lib\index.js??vue-loader-options!D:\Java_project\HYPBlog\blog-cms\src\views\system\Account.vue?vue&type=style&index=0&id=b8172f72&scoped=true&lang=css
<s> [webpack.Progress] 42% building 272/308 modules 36 active D:\Java_project\HYPBlog\blog-cms\node_modules\cache-loader\dist\cjs.js??ref--12-0!D:\Java_project\HYPBlog\blog-cms\node_modules\babel-loader\lib\index.js!D:\Java_project\HYPBlog\blog-cms\node_modules\cache-loader\dist\cjs.js??ref--0-0!D:\Java_project\HYPBlog\blog-cms\node_modules\vue-loader\lib\index.js??vue-loader-options!D:\Java_project\HYPBlog\blog-cms\src\views\system\ScheduleJobList.vue?vue&type=script&lang=js
<s> [webpack.Progress] 42% building 272/309 modules 37 active D:\Java_project\HYPBlog\blog-cms\node_modules\vue-style-loader\index.js??ref--6-oneOf-1-0!D:\Java_project\HYPBlog\blog-cms\node_modules\css-loader\dist\cjs.js??ref--6-oneOf-1-1!D:\Java_project\HYPBlog\blog-cms\node_modules\vue-loader\lib\loaders\stylePostLoader.js!D:\Java_project\HYPBlog\blog-cms\node_modules\postcss-loader\src\index.js??ref--6-oneOf-1-2!D:\Java_project\HYPBlog\blog-cms\node_modules\cache-loader\dist\cjs.js??ref--0-0!D:\Java_project\HYPBlog\blog-cms\node_modules\vue-loader\lib\index.js??vue-loader-options!D:\Java_project\HYPBlog\blog-cms\src\views\system\ScheduleJobList.vue?vue&type=style&index=0&id=445b1ffe&scoped=true&lang=css
<s> [webpack.Progress] 42% building 273/309 modules 36 active D:\Java_project\HYPBlog\blog-cms\node_modules\cache-loader\dist\cjs.js??ref--12-0!D:\Java_project\HYPBlog\blog-cms\node_modules\babel-loader\lib\index.js!D:\Java_project\HYPBlog\blog-cms\node_modules\cache-loader\dist\cjs.js??ref--0-0!D:\Java_project\HYPBlog\blog-cms\node_modules\vue-loader\lib\index.js??vue-loader-options!D:\Java_project\HYPBlog\blog-cms\src\views\system\ScheduleJobList.vue?vue&type=script&lang=js
<s> [webpack.Progress] 42% building 273/310 modules 37 active D:\Java_project\HYPBlog\blog-cms\node_modules\vue-loader\lib\loaders\pitcher.js??ref--4!D:\Java_project\HYPBlog\blog-cms\node_modules\cache-loader\dist\cjs.js??ref--12-0!D:\Java_project\HYPBlog\blog-cms\node_modules\babel-loader\lib\index.js!D:\Java_project\HYPBlog\blog-cms\node_modules\cache-loader\dist\cjs.js??ref--0-0!D:\Java_project\HYPBlog\blog-cms\node_modules\vue-loader\lib\index.js??vue-loader-options!D:\Java_project\HYPBlog\blog-cms\src\views\system\Account.vue?vue&type=script&lang=js
<s> [webpack.Progress] 42% building 274/310 modules 36 active D:\Java_project\HYPBlog\blog-cms\node_modules\cache-loader\dist\cjs.js??ref--12-0!D:\Java_project\HYPBlog\blog-cms\node_modules\babel-loader\lib\index.js!D:\Java_project\HYPBlog\blog-cms\node_modules\cache-loader\dist\cjs.js??ref--0-0!D:\Java_project\HYPBlog\blog-cms\node_modules\vue-loader\lib\index.js??vue-loader-options!D:\Java_project\HYPBlog\blog-cms\src\views\system\ScheduleJobList.vue?vue&type=script&lang=js
<s> [webpack.Progress] 42% building 274/311 modules 37 active D:\Java_project\HYPBlog\blog-cms\node_modules\css-loader\dist\cjs.js??ref--6-oneOf-1-1!D:\Java_project\HYPBlog\blog-cms\node_modules\vue-loader\lib\loaders\stylePostLoader.js!D:\Java_project\HYPBlog\blog-cms\node_modules\postcss-loader\src\index.js??ref--6-oneOf-1-2!D:\Java_project\HYPBlog\blog-cms\node_modules\cache-loader\dist\cjs.js??ref--0-0!D:\Java_project\HYPBlog\blog-cms\node_modules\vue-loader\lib\index.js??vue-loader-options!D:\Java_project\HYPBlog\blog-cms\src\views\system\ScheduleJobList.vue?vue&type=style&index=0&id=445b1ffe&scoped=true&lang=css
<s> [webpack.Progress] 42% building 274/312 modules 38 active D:\Java_project\HYPBlog\blog-cms\node_modules\cache-loader\dist\cjs.js??ref--12-0!D:\Java_project\HYPBlog\blog-cms\node_modules\babel-loader\lib\index.js!D:\Java_project\HYPBlog\blog-cms\node_modules\cache-loader\dist\cjs.js??ref--0-0!D:\Java_project\HYPBlog\blog-cms\node_modules\vue-loader\lib\index.js??vue-loader-options!D:\Java_project\HYPBlog\blog-cms\src\views\system\Account.vue?vue&type=script&lang=js
<s> [webpack.Progress] 42% building 274/313 modules 39 active D:\Java_project\HYPBlog\blog-cms\node_modules\vue-style-loader\index.js??ref--6-oneOf-1-0!D:\Java_project\HYPBlog\blog-cms\node_modules\css-loader\dist\cjs.js??ref--6-oneOf-1-1!D:\Java_project\HYPBlog\blog-cms\node_modules\vue-loader\lib\loaders\stylePostLoader.js!D:\Java_project\HYPBlog\blog-cms\node_modules\postcss-loader\src\index.js??ref--6-oneOf-1-2!D:\Java_project\HYPBlog\blog-cms\node_modules\cache-loader\dist\cjs.js??ref--0-0!D:\Java_project\HYPBlog\blog-cms\node_modules\vue-loader\lib\index.js??vue-loader-options!D:\Java_project\HYPBlog\blog-cms\src\views\system\Account.vue?vue&type=style&index=0&id=b8172f72&scoped=true&lang=css
<s> [webpack.Progress] 43% building 275/313 modules 38 active D:\Java_project\HYPBlog\blog-cms\node_modules\cache-loader\dist\cjs.js??ref--12-0!D:\Java_project\HYPBlog\blog-cms\node_modules\babel-loader\lib\index.js!D:\Java_project\HYPBlog\blog-cms\node_modules\cache-loader\dist\cjs.js??ref--0-0!D:\Java_project\HYPBlog\blog-cms\node_modules\vue-loader\lib\index.js??vue-loader-options!D:\Java_project\HYPBlog\blog-cms\src\views\system\Account.vue?vue&type=script&lang=js
<s> [webpack.Progress] 43% building 275/314 modules 39 active D:\Java_project\HYPBlog\blog-cms\node_modules\css-loader\dist\cjs.js??ref--6-oneOf-1-1!D:\Java_project\HYPBlog\blog-cms\node_modules\vue-loader\lib\loaders\stylePostLoader.js!D:\Java_project\HYPBlog\blog-cms\node_modules\postcss-loader\src\index.js??ref--6-oneOf-1-2!D:\Java_project\HYPBlog\blog-cms\node_modules\cache-loader\dist\cjs.js??ref--0-0!D:\Java_project\HYPBlog\blog-cms\node_modules\vue-loader\lib\index.js??vue-loader-options!D:\Java_project\HYPBlog\blog-cms\src\views\system\Account.vue?vue&type=style&index=0&id=b8172f72&scoped=true&lang=css
<s> [webpack.Progress] 43% building 275/315 modules 40 active D:\Java_project\HYPBlog\blog-cms\node_modules\vue-loader\lib\loaders\pitcher.js??ref--4!D:\Java_project\HYPBlog\blog-cms\node_modules\cache-loader\dist\cjs.js??ref--12-0!D:\Java_project\HYPBlog\blog-cms\node_modules\babel-loader\lib\index.js!D:\Java_project\HYPBlog\blog-cms\node_modules\cache-loader\dist\cjs.js??ref--0-0!D:\Java_project\HYPBlog\blog-cms\node_modules\vue-loader\lib\index.js??vue-loader-options!D:\Java_project\HYPBlog\blog-cms\src\views\page\About.vue?vue&type=script&lang=js
<s> [webpack.Progress] 43% building 276/315 modules 39 active D:\Java_project\HYPBlog\blog-cms\node_modules\css-loader\dist\cjs.js??ref--6-oneOf-1-1!D:\Java_project\HYPBlog\blog-cms\node_modules\vue-loader\lib\loaders\stylePostLoader.js!D:\Java_project\HYPBlog\blog-cms\node_modules\postcss-loader\src\index.js??ref--6-oneOf-1-2!D:\Java_project\HYPBlog\blog-cms\node_modules\cache-loader\dist\cjs.js??ref--0-0!D:\Java_project\HYPBlog\blog-cms\node_modules\vue-loader\lib\index.js??vue-loader-options!D:\Java_project\HYPBlog\blog-cms\src\views\system\Account.vue?vue&type=style&index=0&id=b8172f72&scoped=true&lang=css
<s> [webpack.Progress] 43% building 276/316 modules 40 active D:\Java_project\HYPBlog\blog-cms\node_modules\cache-loader\dist\cjs.js??ref--12-0!D:\Java_project\HYPBlog\blog-cms\node_modules\babel-loader\lib\index.js!D:\Java_project\HYPBlog\blog-cms\node_modules\cache-loader\dist\cjs.js??ref--0-0!D:\Java_project\HYPBlog\blog-cms\node_modules\vue-loader\lib\index.js??vue-loader-options!D:\Java_project\HYPBlog\blog-cms\src\views\page\About.vue?vue&type=script&lang=js
<s> [webpack.Progress] 43% building 277/316 modules 39 active D:\Java_project\HYPBlog\blog-cms\node_modules\cache-loader\dist\cjs.js??ref--12-0!D:\Java_project\HYPBlog\blog-cms\node_modules\babel-loader\lib\index.js!D:\Java_project\HYPBlog\blog-cms\node_modules\cache-loader\dist\cjs.js??ref--0-0!D:\Java_project\HYPBlog\blog-cms\node_modules\vue-loader\lib\index.js??vue-loader-options!D:\Java_project\HYPBlog\blog-cms\src\views\page\About.vue?vue&type=script&lang=js
<s> [webpack.Progress] 43% building 277/317 modules 40 active D:\Java_project\HYPBlog\blog-cms\node_modules\element-ui\lib\locale\index.js
<s> [webpack.Progress] 43% building 278/317 modules 39 active D:\Java_project\HYPBlog\blog-cms\node_modules\element-ui\lib\locale\index.js
<s> [webpack.Progress] 43% building 278/318 modules 40 active D:\Java_project\HYPBlog\blog-cms\node_modules\vuex\dist\vuex.esm.js
<s> [webpack.Progress] 43% building 278/319 modules 41 active D:\Java_project\HYPBlog\blog-cms\node_modules\vue-loader\lib\loaders\pitcher.js??ref--4!D:\Java_project\HYPBlog\blog-cms\node_modules\vue-style-loader\index.js??ref--6-oneOf-1-0!D:\Java_project\HYPBlog\blog-cms\node_modules\css-loader\dist\cjs.js??ref--6-oneOf-1-1!D:\Java_project\HYPBlog\blog-cms\node_modules\postcss-loader\src\index.js??ref--6-oneOf-1-2!D:\Java_project\HYPBlog\blog-cms\node_modules\cache-loader\dist\cjs.js??ref--0-0!D:\Java_project\HYPBlog\blog-cms\node_modules\vue-loader\lib\index.js??vue-loader-options!D:\Java_project\HYPBlog\blog-cms\src\views\page\FriendList.vue?vue&type=style&index=0&id=304b625c&scoped=true&lang=css
<s> [webpack.Progress] 43% building 279/319 modules 40 active D:\Java_project\HYPBlog\blog-cms\node_modules\vuex\dist\vuex.esm.js
<s> [webpack.Progress] 43% building 279/320 modules 41 active D:\Java_project\HYPBlog\blog-cms\node_modules\vue-style-loader\index.js??ref--6-oneOf-1-0!D:\Java_project\HYPBlog\blog-cms\node_modules\css-loader\dist\cjs.js??ref--6-oneOf-1-1!D:\Java_project\HYPBlog\blog-cms\node_modules\vue-loader\lib\loaders\stylePostLoader.js!D:\Java_project\HYPBlog\blog-cms\node_modules\postcss-loader\src\index.js??ref--6-oneOf-1-2!D:\Java_project\HYPBlog\blog-cms\node_modules\cache-loader\dist\cjs.js??ref--0-0!D:\Java_project\HYPBlog\blog-cms\node_modules\vue-loader\lib\index.js??vue-loader-options!D:\Java_project\HYPBlog\blog-cms\src\views\page\FriendList.vue?vue&type=style&index=0&id=304b625c&scoped=true&lang=css
<s> [webpack.Progress] 43% building 280/320 modules 40 active D:\Java_project\HYPBlog\blog-cms\node_modules\vuex\dist\vuex.esm.js
<s> [webpack.Progress] 43% building 280/321 modules 41 active D:\Java_project\HYPBlog\blog-cms\node_modules\css-loader\dist\cjs.js??ref--6-oneOf-1-1!D:\Java_project\HYPBlog\blog-cms\node_modules\vue-loader\lib\loaders\stylePostLoader.js!D:\Java_project\HYPBlog\blog-cms\node_modules\postcss-loader\src\index.js??ref--6-oneOf-1-2!D:\Java_project\HYPBlog\blog-cms\node_modules\cache-loader\dist\cjs.js??ref--0-0!D:\Java_project\HYPBlog\blog-cms\node_modules\vue-loader\lib\index.js??vue-loader-options!D:\Java_project\HYPBlog\blog-cms\src\views\page\FriendList.vue?vue&type=style&index=0&id=304b625c&scoped=true&lang=css
<s> [webpack.Progress] 43% building 280/322 modules 42 active D:\Java_project\HYPBlog\blog-cms\node_modules\vue-loader\lib\loaders\pitcher.js??ref--4!D:\Java_project\HYPBlog\blog-cms\node_modules\cache-loader\dist\cjs.js??ref--12-0!D:\Java_project\HYPBlog\blog-cms\node_modules\babel-loader\lib\index.js!D:\Java_project\HYPBlog\blog-cms\node_modules\cache-loader\dist\cjs.js??ref--0-0!D:\Java_project\HYPBlog\blog-cms\node_modules\vue-loader\lib\index.js??vue-loader-options!D:\Java_project\HYPBlog\blog-cms\src\views\page\FriendList.vue?vue&type=script&lang=js
<s> [webpack.Progress] 43% building 281/322 modules 41 active D:\Java_project\HYPBlog\blog-cms\node_modules\css-loader\dist\cjs.js??ref--6-oneOf-1-1!D:\Java_project\HYPBlog\blog-cms\node_modules\vue-loader\lib\loaders\stylePostLoader.js!D:\Java_project\HYPBlog\blog-cms\node_modules\postcss-loader\src\index.js??ref--6-oneOf-1-2!D:\Java_project\HYPBlog\blog-cms\node_modules\cache-loader\dist\cjs.js??ref--0-0!D:\Java_project\HYPBlog\blog-cms\node_modules\vue-loader\lib\index.js??vue-loader-options!D:\Java_project\HYPBlog\blog-cms\src\views\page\FriendList.vue?vue&type=style&index=0&id=304b625c&scoped=true&lang=css
<s> [webpack.Progress] 43% building 281/323 modules 42 active D:\Java_project\HYPBlog\blog-cms\node_modules\cache-loader\dist\cjs.js??ref--12-0!D:\Java_project\HYPBlog\blog-cms\node_modules\babel-loader\lib\index.js!D:\Java_project\HYPBlog\blog-cms\node_modules\cache-loader\dist\cjs.js??ref--0-0!D:\Java_project\HYPBlog\blog-cms\node_modules\vue-loader\lib\index.js??vue-loader-options!D:\Java_project\HYPBlog\blog-cms\src\views\page\FriendList.vue?vue&type=script&lang=js
<s> [webpack.Progress] 43% building 281/324 modules 43 active D:\Java_project\HYPBlog\blog-cms\node_modules\vue-loader\lib\loaders\pitcher.js??ref--4!D:\Java_project\HYPBlog\blog-cms\node_modules\cache-loader\dist\cjs.js??ref--12-0!D:\Java_project\HYPBlog\blog-cms\node_modules\babel-loader\lib\index.js!D:\Java_project\HYPBlog\blog-cms\node_modules\cache-loader\dist\cjs.js??ref--0-0!D:\Java_project\HYPBlog\blog-cms\node_modules\vue-loader\lib\index.js??vue-loader-options!D:\Java_project\HYPBlog\blog-cms\src\views\page\SiteSetting.vue?vue&type=script&lang=js
<s> [webpack.Progress] 43% building 282/324 modules 42 active D:\Java_project\HYPBlog\blog-cms\node_modules\cache-loader\dist\cjs.js??ref--12-0!D:\Java_project\HYPBlog\blog-cms\node_modules\babel-loader\lib\index.js!D:\Java_project\HYPBlog\blog-cms\node_modules\cache-loader\dist\cjs.js??ref--0-0!D:\Java_project\HYPBlog\blog-cms\node_modules\vue-loader\lib\index.js??vue-loader-options!D:\Java_project\HYPBlog\blog-cms\src\views\page\FriendList.vue?vue&type=script&lang=js
<s> [webpack.Progress] 43% building 282/325 modules 43 active D:\Java_project\HYPBlog\blog-cms\node_modules\cache-loader\dist\cjs.js??ref--12-0!D:\Java_project\HYPBlog\blog-cms\node_modules\babel-loader\lib\index.js!D:\Java_project\HYPBlog\blog-cms\node_modules\cache-loader\dist\cjs.js??ref--0-0!D:\Java_project\HYPBlog\blog-cms\node_modules\vue-loader\lib\index.js??vue-loader-options!D:\Java_project\HYPBlog\blog-cms\src\views\page\SiteSetting.vue?vue&type=script&lang=js
<s> [webpack.Progress] 43% building 283/325 modules 42 active D:\Java_project\HYPBlog\blog-cms\node_modules\cache-loader\dist\cjs.js??ref--12-0!D:\Java_project\HYPBlog\blog-cms\node_modules\babel-loader\lib\index.js!D:\Java_project\HYPBlog\blog-cms\node_modules\cache-loader\dist\cjs.js??ref--0-0!D:\Java_project\HYPBlog\blog-cms\node_modules\vue-loader\lib\index.js??vue-loader-options!D:\Java_project\HYPBlog\blog-cms\src\views\page\SiteSetting.vue?vue&type=script&lang=js
<s> [webpack.Progress] 43% building 283/326 modules 43 active D:\Java_project\HYPBlog\blog-cms\node_modules\element-ui\lib\utils\popup\index.js
<s> [webpack.Progress] 44% building 284/326 modules 42 active D:\Java_project\HYPBlog\blog-cms\node_modules\element-ui\lib\utils\popup\index.js
<s> [webpack.Progress] 44% building 284/327 modules 43 active D:\Java_project\HYPBlog\blog-cms\node_modules\vue-loader\lib\loaders\pitcher.js??ref--4!D:\Java_project\HYPBlog\blog-cms\node_modules\vue-style-loader\index.js??ref--6-oneOf-1-0!D:\Java_project\HYPBlog\blog-cms\node_modules\css-loader\dist\cjs.js??ref--6-oneOf-1-1!D:\Java_project\HYPBlog\blog-cms\node_modules\postcss-loader\src\index.js??ref--6-oneOf-1-2!D:\Java_project\HYPBlog\blog-cms\node_modules\cache-loader\dist\cjs.js??ref--0-0!D:\Java_project\HYPBlog\blog-cms\node_modules\vue-loader\lib\index.js??vue-loader-options!D:\Java_project\HYPBlog\blog-cms\src\views\pictureHosting\Setting.vue?vue&type=style&index=0&id=6aa5d597&scoped=true&lang=css
<s> [webpack.Progress] 44% building 285/327 modules 42 active D:\Java_project\HYPBlog\blog-cms\node_modules\element-ui\lib\utils\popup\index.js
<s> [webpack.Progress] 44% building 285/328 modules 43 active D:\Java_project\HYPBlog\blog-cms\node_modules\vue-style-loader\index.js??ref--6-oneOf-1-0!D:\Java_project\HYPBlog\blog-cms\node_modules\css-loader\dist\cjs.js??ref--6-oneOf-1-1!D:\Java_project\HYPBlog\blog-cms\node_modules\vue-loader\lib\loaders\stylePostLoader.js!D:\Java_project\HYPBlog\blog-cms\node_modules\postcss-loader\src\index.js??ref--6-oneOf-1-2!D:\Java_project\HYPBlog\blog-cms\node_modules\cache-loader\dist\cjs.js??ref--0-0!D:\Java_project\HYPBlog\blog-cms\node_modules\vue-loader\lib\index.js??vue-loader-options!D:\Java_project\HYPBlog\blog-cms\src\views\pictureHosting\Setting.vue?vue&type=style&index=0&id=6aa5d597&scoped=true&lang=css
<s> [webpack.Progress] 44% building 286/328 modules 42 active D:\Java_project\HYPBlog\blog-cms\node_modules\element-ui\lib\utils\popup\index.js
<s> [webpack.Progress] 44% building 286/329 modules 43 active D:\Java_project\HYPBlog\blog-cms\node_modules\css-loader\dist\cjs.js??ref--6-oneOf-1-1!D:\Java_project\HYPBlog\blog-cms\node_modules\vue-loader\lib\loaders\stylePostLoader.js!D:\Java_project\HYPBlog\blog-cms\node_modules\postcss-loader\src\index.js??ref--6-oneOf-1-2!D:\Java_project\HYPBlog\blog-cms\node_modules\cache-loader\dist\cjs.js??ref--0-0!D:\Java_project\HYPBlog\blog-cms\node_modules\vue-loader\lib\index.js??vue-loader-options!D:\Java_project\HYPBlog\blog-cms\src\views\pictureHosting\Setting.vue?vue&type=style&index=0&id=6aa5d597&scoped=true&lang=css
<s> [webpack.Progress] 44% building 287/329 modules 42 active D:\Java_project\HYPBlog\blog-cms\node_modules\css-loader\dist\cjs.js??ref--6-oneOf-1-1!D:\Java_project\HYPBlog\blog-cms\node_modules\vue-loader\lib\loaders\stylePostLoader.js!D:\Java_project\HYPBlog\blog-cms\node_modules\postcss-loader\src\index.js??ref--6-oneOf-1-2!D:\Java_project\HYPBlog\blog-cms\node_modules\cache-loader\dist\cjs.js??ref--0-0!D:\Java_project\HYPBlog\blog-cms\node_modules\vue-loader\lib\index.js??vue-loader-options!D:\Java_project\HYPBlog\blog-cms\src\views\pictureHosting\Setting.vue?vue&type=style&index=0&id=6aa5d597&scoped=true&lang=css
<s> [webpack.Progress] 44% building 288/329 modules 41 active D:\Java_project\HYPBlog\blog-cms\node_modules\css-loader\dist\cjs.js??ref--6-oneOf-1-1!D:\Java_project\HYPBlog\blog-cms\node_modules\vue-loader\lib\loaders\stylePostLoader.js!D:\Java_project\HYPBlog\blog-cms\node_modules\postcss-loader\src\index.js??ref--6-oneOf-1-2!D:\Java_project\HYPBlog\blog-cms\node_modules\cache-loader\dist\cjs.js??ref--0-0!D:\Java_project\HYPBlog\blog-cms\node_modules\vue-loader\lib\index.js??vue-loader-options!D:\Java_project\HYPBlog\blog-cms\src\views\pictureHosting\Setting.vue?vue&type=style&index=0&id=6aa5d597&scoped=true&lang=css
<s> [webpack.Progress] 44% building 289/329 modules 40 active D:\Java_project\HYPBlog\blog-cms\node_modules\css-loader\dist\cjs.js??ref--6-oneOf-1-1!D:\Java_project\HYPBlog\blog-cms\node_modules\vue-loader\lib\loaders\stylePostLoader.js!D:\Java_project\HYPBlog\blog-cms\node_modules\postcss-loader\src\index.js??ref--6-oneOf-1-2!D:\Java_project\HYPBlog\blog-cms\node_modules\cache-loader\dist\cjs.js??ref--0-0!D:\Java_project\HYPBlog\blog-cms\node_modules\vue-loader\lib\index.js??vue-loader-options!D:\Java_project\HYPBlog\blog-cms\src\views\pictureHosting\Setting.vue?vue&type=style&index=0&id=6aa5d597&scoped=true&lang=css
<s> [webpack.Progress] 44% building 290/329 modules 39 active D:\Java_project\HYPBlog\blog-cms\node_modules\css-loader\dist\cjs.js??ref--6-oneOf-1-1!D:\Java_project\HYPBlog\blog-cms\node_modules\vue-loader\lib\loaders\stylePostLoader.js!D:\Java_project\HYPBlog\blog-cms\node_modules\postcss-loader\src\index.js??ref--6-oneOf-1-2!D:\Java_project\HYPBlog\blog-cms\node_modules\cache-loader\dist\cjs.js??ref--0-0!D:\Java_project\HYPBlog\blog-cms\node_modules\vue-loader\lib\index.js??vue-loader-options!D:\Java_project\HYPBlog\blog-cms\src\views\pictureHosting\Setting.vue?vue&type=style&index=0&id=6aa5d597&scoped=true&lang=css
<s> [webpack.Progress] 44% building 291/329 modules 38 active D:\Java_project\HYPBlog\blog-cms\node_modules\css-loader\dist\cjs.js??ref--6-oneOf-1-1!D:\Java_project\HYPBlog\blog-cms\node_modules\vue-loader\lib\loaders\stylePostLoader.js!D:\Java_project\HYPBlog\blog-cms\node_modules\postcss-loader\src\index.js??ref--6-oneOf-1-2!D:\Java_project\HYPBlog\blog-cms\node_modules\cache-loader\dist\cjs.js??ref--0-0!D:\Java_project\HYPBlog\blog-cms\node_modules\vue-loader\lib\index.js??vue-loader-options!D:\Java_project\HYPBlog\blog-cms\src\views\pictureHosting\Setting.vue?vue&type=style&index=0&id=6aa5d597&scoped=true&lang=css
<s> [webpack.Progress] 45% building 292/329 modules 37 active D:\Java_project\HYPBlog\blog-cms\node_modules\css-loader\dist\cjs.js??ref--6-oneOf-1-1!D:\Java_project\HYPBlog\blog-cms\node_modules\vue-loader\lib\loaders\stylePostLoader.js!D:\Java_project\HYPBlog\blog-cms\node_modules\postcss-loader\src\index.js??ref--6-oneOf-1-2!D:\Java_project\HYPBlog\blog-cms\node_modules\cache-loader\dist\cjs.js??ref--0-0!D:\Java_project\HYPBlog\blog-cms\node_modules\vue-loader\lib\index.js??vue-loader-options!D:\Java_project\HYPBlog\blog-cms\src\views\pictureHosting\Setting.vue?vue&type=style&index=0&id=6aa5d597&scoped=true&lang=css
<s> [webpack.Progress] 45% building 293/329 modules 36 active D:\Java_project\HYPBlog\blog-cms\node_modules\css-loader\dist\cjs.js??ref--6-oneOf-1-1!D:\Java_project\HYPBlog\blog-cms\node_modules\vue-loader\lib\loaders\stylePostLoader.js!D:\Java_project\HYPBlog\blog-cms\node_modules\postcss-loader\src\index.js??ref--6-oneOf-1-2!D:\Java_project\HYPBlog\blog-cms\node_modules\cache-loader\dist\cjs.js??ref--0-0!D:\Java_project\HYPBlog\blog-cms\node_modules\vue-loader\lib\index.js??vue-loader-options!D:\Java_project\HYPBlog\blog-cms\src\views\pictureHosting\Setting.vue?vue&type=style&index=0&id=6aa5d597&scoped=true&lang=css
<s> [webpack.Progress] 45% building 294/329 modules 35 active D:\Java_project\HYPBlog\blog-cms\node_modules\css-loader\dist\cjs.js??ref--6-oneOf-1-1!D:\Java_project\HYPBlog\blog-cms\node_modules\vue-loader\lib\loaders\stylePostLoader.js!D:\Java_project\HYPBlog\blog-cms\node_modules\postcss-loader\src\index.js??ref--6-oneOf-1-2!D:\Java_project\HYPBlog\blog-cms\node_modules\cache-loader\dist\cjs.js??ref--0-0!D:\Java_project\HYPBlog\blog-cms\node_modules\vue-loader\lib\index.js??vue-loader-options!D:\Java_project\HYPBlog\blog-cms\src\views\pictureHosting\Setting.vue?vue&type=style&index=0&id=6aa5d597&scoped=true&lang=css
<s> [webpack.Progress] 45% building 295/329 modules 34 active D:\Java_project\HYPBlog\blog-cms\node_modules\css-loader\dist\cjs.js??ref--6-oneOf-1-1!D:\Java_project\HYPBlog\blog-cms\node_modules\vue-loader\lib\loaders\stylePostLoader.js!D:\Java_project\HYPBlog\blog-cms\node_modules\postcss-loader\src\index.js??ref--6-oneOf-1-2!D:\Java_project\HYPBlog\blog-cms\node_modules\cache-loader\dist\cjs.js??ref--0-0!D:\Java_project\HYPBlog\blog-cms\node_modules\vue-loader\lib\index.js??vue-loader-options!D:\Java_project\HYPBlog\blog-cms\src\views\pictureHosting\Setting.vue?vue&type=style&index=0&id=6aa5d597&scoped=true&lang=css
<s> [webpack.Progress] 45% building 296/329 modules 33 active D:\Java_project\HYPBlog\blog-cms\node_modules\css-loader\dist\cjs.js??ref--6-oneOf-1-1!D:\Java_project\HYPBlog\blog-cms\node_modules\vue-loader\lib\loaders\stylePostLoader.js!D:\Java_project\HYPBlog\blog-cms\node_modules\postcss-loader\src\index.js??ref--6-oneOf-1-2!D:\Java_project\HYPBlog\blog-cms\node_modules\cache-loader\dist\cjs.js??ref--0-0!D:\Java_project\HYPBlog\blog-cms\node_modules\vue-loader\lib\index.js??vue-loader-options!D:\Java_project\HYPBlog\blog-cms\src\views\pictureHosting\Setting.vue?vue&type=style&index=0&id=6aa5d597&scoped=true&lang=css
<s> [webpack.Progress] 45% building 297/329 modules 32 active D:\Java_project\HYPBlog\blog-cms\node_modules\css-loader\dist\cjs.js??ref--6-oneOf-1-1!D:\Java_project\HYPBlog\blog-cms\node_modules\vue-loader\lib\loaders\stylePostLoader.js!D:\Java_project\HYPBlog\blog-cms\node_modules\postcss-loader\src\index.js??ref--6-oneOf-1-2!D:\Java_project\HYPBlog\blog-cms\node_modules\cache-loader\dist\cjs.js??ref--0-0!D:\Java_project\HYPBlog\blog-cms\node_modules\vue-loader\lib\index.js??vue-loader-options!D:\Java_project\HYPBlog\blog-cms\src\views\pictureHosting\Setting.vue?vue&type=style&index=0&id=6aa5d597&scoped=true&lang=css
<s> [webpack.Progress] 45% building 298/329 modules 31 active D:\Java_project\HYPBlog\blog-cms\node_modules\css-loader\dist\cjs.js??ref--6-oneOf-1-1!D:\Java_project\HYPBlog\blog-cms\node_modules\vue-loader\lib\loaders\stylePostLoader.js!D:\Java_project\HYPBlog\blog-cms\node_modules\postcss-loader\src\index.js??ref--6-oneOf-1-2!D:\Java_project\HYPBlog\blog-cms\node_modules\cache-loader\dist\cjs.js??ref--0-0!D:\Java_project\HYPBlog\blog-cms\node_modules\vue-loader\lib\index.js??vue-loader-options!D:\Java_project\HYPBlog\blog-cms\src\views\pictureHosting\Setting.vue?vue&type=style&index=0&id=6aa5d597&scoped=true&lang=css
<s> [webpack.Progress] 45% building 299/329 modules 30 active D:\Java_project\HYPBlog\blog-cms\node_modules\css-loader\dist\cjs.js??ref--6-oneOf-1-1!D:\Java_project\HYPBlog\blog-cms\node_modules\vue-loader\lib\loaders\stylePostLoader.js!D:\Java_project\HYPBlog\blog-cms\node_modules\postcss-loader\src\index.js??ref--6-oneOf-1-2!D:\Java_project\HYPBlog\blog-cms\node_modules\cache-loader\dist\cjs.js??ref--0-0!D:\Java_project\HYPBlog\blog-cms\node_modules\vue-loader\lib\index.js??vue-loader-options!D:\Java_project\HYPBlog\blog-cms\src\views\pictureHosting\Setting.vue?vue&type=style&index=0&id=6aa5d597&scoped=true&lang=css
<s> [webpack.Progress] 46% building 300/329 modules 29 active D:\Java_project\HYPBlog\blog-cms\node_modules\css-loader\dist\cjs.js??ref--6-oneOf-1-1!D:\Java_project\HYPBlog\blog-cms\node_modules\vue-loader\lib\loaders\stylePostLoader.js!D:\Java_project\HYPBlog\blog-cms\node_modules\postcss-loader\src\index.js??ref--6-oneOf-1-2!D:\Java_project\HYPBlog\blog-cms\node_modules\cache-loader\dist\cjs.js??ref--0-0!D:\Java_project\HYPBlog\blog-cms\node_modules\vue-loader\lib\index.js??vue-loader-options!D:\Java_project\HYPBlog\blog-cms\src\views\pictureHosting\Setting.vue?vue&type=style&index=0&id=6aa5d597&scoped=true&lang=css
<s> [webpack.Progress] 46% building 301/329 modules 28 active D:\Java_project\HYPBlog\blog-cms\node_modules\css-loader\dist\cjs.js??ref--6-oneOf-1-1!D:\Java_project\HYPBlog\blog-cms\node_modules\vue-loader\lib\loaders\stylePostLoader.js!D:\Java_project\HYPBlog\blog-cms\node_modules\postcss-loader\src\index.js??ref--6-oneOf-1-2!D:\Java_project\HYPBlog\blog-cms\node_modules\cache-loader\dist\cjs.js??ref--0-0!D:\Java_project\HYPBlog\blog-cms\node_modules\vue-loader\lib\index.js??vue-loader-options!D:\Java_project\HYPBlog\blog-cms\src\views\pictureHosting\Setting.vue?vue&type=style&index=0&id=6aa5d597&scoped=true&lang=css
<s> [webpack.Progress] 46% building 302/329 modules 27 active D:\Java_project\HYPBlog\blog-cms\node_modules\css-loader\dist\cjs.js??ref--6-oneOf-1-1!D:\Java_project\HYPBlog\blog-cms\node_modules\vue-loader\lib\loaders\stylePostLoader.js!D:\Java_project\HYPBlog\blog-cms\node_modules\postcss-loader\src\index.js??ref--6-oneOf-1-2!D:\Java_project\HYPBlog\blog-cms\node_modules\cache-loader\dist\cjs.js??ref--0-0!D:\Java_project\HYPBlog\blog-cms\node_modules\vue-loader\lib\index.js??vue-loader-options!D:\Java_project\HYPBlog\blog-cms\src\views\pictureHosting\Setting.vue?vue&type=style&index=0&id=6aa5d597&scoped=true&lang=css
<s> [webpack.Progress] 46% building 303/329 modules 26 active D:\Java_project\HYPBlog\blog-cms\node_modules\css-loader\dist\cjs.js??ref--6-oneOf-1-1!D:\Java_project\HYPBlog\blog-cms\node_modules\vue-loader\lib\loaders\stylePostLoader.js!D:\Java_project\HYPBlog\blog-cms\node_modules\postcss-loader\src\index.js??ref--6-oneOf-1-2!D:\Java_project\HYPBlog\blog-cms\node_modules\cache-loader\dist\cjs.js??ref--0-0!D:\Java_project\HYPBlog\blog-cms\node_modules\vue-loader\lib\index.js??vue-loader-options!D:\Java_project\HYPBlog\blog-cms\src\views\pictureHosting\Setting.vue?vue&type=style&index=0&id=6aa5d597&scoped=true&lang=css
<s> [webpack.Progress] 46% building 304/329 modules 25 active D:\Java_project\HYPBlog\blog-cms\node_modules\css-loader\dist\cjs.js??ref--6-oneOf-1-1!D:\Java_project\HYPBlog\blog-cms\node_modules\vue-loader\lib\loaders\stylePostLoader.js!D:\Java_project\HYPBlog\blog-cms\node_modules\postcss-loader\src\index.js??ref--6-oneOf-1-2!D:\Java_project\HYPBlog\blog-cms\node_modules\cache-loader\dist\cjs.js??ref--0-0!D:\Java_project\HYPBlog\blog-cms\node_modules\vue-loader\lib\index.js??vue-loader-options!D:\Java_project\HYPBlog\blog-cms\src\views\pictureHosting\Setting.vue?vue&type=style&index=0&id=6aa5d597&scoped=true&lang=css
<s> [webpack.Progress] 46% building 305/329 modules 24 active D:\Java_project\HYPBlog\blog-cms\node_modules\css-loader\dist\cjs.js??ref--6-oneOf-1-1!D:\Java_project\HYPBlog\blog-cms\node_modules\vue-loader\lib\loaders\stylePostLoader.js!D:\Java_project\HYPBlog\blog-cms\node_modules\postcss-loader\src\index.js??ref--6-oneOf-1-2!D:\Java_project\HYPBlog\blog-cms\node_modules\cache-loader\dist\cjs.js??ref--0-0!D:\Java_project\HYPBlog\blog-cms\node_modules\vue-loader\lib\index.js??vue-loader-options!D:\Java_project\HYPBlog\blog-cms\src\views\pictureHosting\Setting.vue?vue&type=style&index=0&id=6aa5d597&scoped=true&lang=css
<s> [webpack.Progress] 46% building 306/329 modules 23 active D:\Java_project\HYPBlog\blog-cms\node_modules\css-loader\dist\cjs.js??ref--6-oneOf-1-1!D:\Java_project\HYPBlog\blog-cms\node_modules\vue-loader\lib\loaders\stylePostLoader.js!D:\Java_project\HYPBlog\blog-cms\node_modules\postcss-loader\src\index.js??ref--6-oneOf-1-2!D:\Java_project\HYPBlog\blog-cms\node_modules\cache-loader\dist\cjs.js??ref--0-0!D:\Java_project\HYPBlog\blog-cms\node_modules\vue-loader\lib\index.js??vue-loader-options!D:\Java_project\HYPBlog\blog-cms\src\views\pictureHosting\Setting.vue?vue&type=style&index=0&id=6aa5d597&scoped=true&lang=css
<s> [webpack.Progress] 46% building 307/329 modules 22 active D:\Java_project\HYPBlog\blog-cms\node_modules\css-loader\dist\cjs.js??ref--6-oneOf-1-1!D:\Java_project\HYPBlog\blog-cms\node_modules\vue-loader\lib\loaders\stylePostLoader.js!D:\Java_project\HYPBlog\blog-cms\node_modules\postcss-loader\src\index.js??ref--6-oneOf-1-2!D:\Java_project\HYPBlog\blog-cms\node_modules\cache-loader\dist\cjs.js??ref--0-0!D:\Java_project\HYPBlog\blog-cms\node_modules\vue-loader\lib\index.js??vue-loader-options!D:\Java_project\HYPBlog\blog-cms\src\views\pictureHosting\Setting.vue?vue&type=style&index=0&id=6aa5d597&scoped=true&lang=css
<s> [webpack.Progress] 46% building 308/329 modules 21 active D:\Java_project\HYPBlog\blog-cms\node_modules\css-loader\dist\cjs.js??ref--6-oneOf-1-1!D:\Java_project\HYPBlog\blog-cms\node_modules\vue-loader\lib\loaders\stylePostLoader.js!D:\Java_project\HYPBlog\blog-cms\node_modules\postcss-loader\src\index.js??ref--6-oneOf-1-2!D:\Java_project\HYPBlog\blog-cms\node_modules\cache-loader\dist\cjs.js??ref--0-0!D:\Java_project\HYPBlog\blog-cms\node_modules\vue-loader\lib\index.js??vue-loader-options!D:\Java_project\HYPBlog\blog-cms\src\views\pictureHosting\Setting.vue?vue&type=style&index=0&id=6aa5d597&scoped=true&lang=css
<s> [webpack.Progress] 46% building 308/330 modules 22 active D:\Java_project\HYPBlog\blog-cms\node_modules\cache-loader\dist\cjs.js??ref--0-0!D:\Java_project\HYPBlog\blog-cms\node_modules\vue-loader\lib\index.js??vue-loader-options!D:\Java_project\HYPBlog\blog-cms\src\layout\index.vue
<s> [webpack.Progress] 46% building 308/331 modules 23 active D:\Java_project\HYPBlog\blog-cms\node_modules\url-loader\dist\cjs.js??ref--1-0!D:\Java_project\HYPBlog\blog-cms\src\assets\404_images\404_cloud.png
<s> [webpack.Progress] 46% building 308/332 modules 24 active D:\Java_project\HYPBlog\blog-cms\node_modules\url-loader\dist\cjs.js??ref--1-0!D:\Java_project\HYPBlog\blog-cms\src\assets\404_images\404.png
<s> [webpack.Progress] 47% building 309/332 modules 23 active D:\Java_project\HYPBlog\blog-cms\node_modules\url-loader\dist\cjs.js??ref--1-0!D:\Java_project\HYPBlog\blog-cms\src\assets\404_images\404.png
<s> [webpack.Progress] 47% building 309/333 modules 24 active D:\Java_project\HYPBlog\blog-cms\node_modules\html-entities\lib\surrogate-pairs.js
<s> [webpack.Progress] 47% building 309/334 modules 25 active D:\Java_project\HYPBlog\blog-cms\node_modules\cache-loader\dist\cjs.js??ref--0-0!D:\Java_project\HYPBlog\blog-cms\node_modules\vue-loader\lib\index.js??vue-loader-options!D:\Java_project\HYPBlog\blog-cms\src\views\login\index.vue
<s> [webpack.Progress] 47% building 309/335 modules 26 active D:\Java_project\HYPBlog\blog-cms\node_modules\cache-loader\dist\cjs.js??ref--0-0!D:\Java_project\HYPBlog\blog-cms\node_modules\vue-loader\lib\index.js??vue-loader-options!D:\Java_project\HYPBlog\blog-cms\src\views\dashboard\index.vue
<s> [webpack.Progress] 47% building 310/335 modules 25 active D:\Java_project\HYPBlog\blog-cms\node_modules\cache-loader\dist\cjs.js??ref--0-0!D:\Java_project\HYPBlog\blog-cms\node_modules\vue-loader\lib\index.js??vue-loader-options!D:\Java_project\HYPBlog\blog-cms\src\views\dashboard\index.vue
<s> [webpack.Progress] 47% building 311/335 modules 24 active D:\Java_project\HYPBlog\blog-cms\node_modules\cache-loader\dist\cjs.js??ref--0-0!D:\Java_project\HYPBlog\blog-cms\node_modules\vue-loader\lib\index.js??vue-loader-options!D:\Java_project\HYPBlog\blog-cms\src\views\dashboard\index.vue
<s> [webpack.Progress] 47% building 312/335 modules 23 active D:\Java_project\HYPBlog\blog-cms\node_modules\cache-loader\dist\cjs.js??ref--0-0!D:\Java_project\HYPBlog\blog-cms\node_modules\vue-loader\lib\index.js??vue-loader-options!D:\Java_project\HYPBlog\blog-cms\src\views\dashboard\index.vue
<s> [webpack.Progress] 47% building 313/335 modules 22 active D:\Java_project\HYPBlog\blog-cms\node_modules\cache-loader\dist\cjs.js??ref--0-0!D:\Java_project\HYPBlog\blog-cms\node_modules\vue-loader\lib\index.js??vue-loader-options!D:\Java_project\HYPBlog\blog-cms\src\views\dashboard\index.vue
<s> [webpack.Progress] 47% building 314/335 modules 21 active D:\Java_project\HYPBlog\blog-cms\node_modules\cache-loader\dist\cjs.js??ref--0-0!D:\Java_project\HYPBlog\blog-cms\node_modules\vue-loader\lib\index.js??vue-loader-options!D:\Java_project\HYPBlog\blog-cms\src\views\dashboard\index.vue
<s> [webpack.Progress] 47% building 315/335 modules 20 active D:\Java_project\HYPBlog\blog-cms\node_modules\cache-loader\dist\cjs.js??ref--0-0!D:\Java_project\HYPBlog\blog-cms\node_modules\vue-loader\lib\index.js??vue-loader-options!D:\Java_project\HYPBlog\blog-cms\src\views\dashboard\index.vue
<s> [webpack.Progress] 47% building 316/335 modules 19 active D:\Java_project\HYPBlog\blog-cms\node_modules\cache-loader\dist\cjs.js??ref--0-0!D:\Java_project\HYPBlog\blog-cms\node_modules\vue-loader\lib\index.js??vue-loader-options!D:\Java_project\HYPBlog\blog-cms\src\views\dashboard\index.vue
<s> [webpack.Progress] 48% building 317/335 modules 18 active D:\Java_project\HYPBlog\blog-cms\node_modules\cache-loader\dist\cjs.js??ref--0-0!D:\Java_project\HYPBlog\blog-cms\node_modules\vue-loader\lib\index.js??vue-loader-options!D:\Java_project\HYPBlog\blog-cms\src\views\dashboard\index.vue
<s> [webpack.Progress] 48% building 318/335 modules 17 active D:\Java_project\HYPBlog\blog-cms\node_modules\cache-loader\dist\cjs.js??ref--0-0!D:\Java_project\HYPBlog\blog-cms\node_modules\vue-loader\lib\index.js??vue-loader-options!D:\Java_project\HYPBlog\blog-cms\src\views\dashboard\index.vue
<s> [webpack.Progress] 48% building 319/335 modules 16 active D:\Java_project\HYPBlog\blog-cms\node_modules\cache-loader\dist\cjs.js??ref--0-0!D:\Java_project\HYPBlog\blog-cms\node_modules\vue-loader\lib\index.js??vue-loader-options!D:\Java_project\HYPBlog\blog-cms\src\views\dashboard\index.vue
<s> [webpack.Progress] 48% building 320/335 modules 15 active D:\Java_project\HYPBlog\blog-cms\node_modules\cache-loader\dist\cjs.js??ref--0-0!D:\Java_project\HYPBlog\blog-cms\node_modules\vue-loader\lib\index.js??vue-loader-options!D:\Java_project\HYPBlog\blog-cms\src\views\dashboard\index.vue
<s> [webpack.Progress] 48% building 321/335 modules 14 active D:\Java_project\HYPBlog\blog-cms\node_modules\cache-loader\dist\cjs.js??ref--0-0!D:\Java_project\HYPBlog\blog-cms\node_modules\vue-loader\lib\index.js??vue-loader-options!D:\Java_project\HYPBlog\blog-cms\src\views\dashboard\index.vue
<s> [webpack.Progress] 48% building 321/336 modules 15 active D:\Java_project\HYPBlog\blog-cms\node_modules\cache-loader\dist\cjs.js??ref--0-0!D:\Java_project\HYPBlog\blog-cms\node_modules\vue-loader\lib\index.js??vue-loader-options!D:\Java_project\HYPBlog\blog-cms\src\components\SvgIcon\index.vue
<s> [webpack.Progress] 48% building 322/336 modules 14 active D:\Java_project\HYPBlog\blog-cms\node_modules\cache-loader\dist\cjs.js??ref--0-0!D:\Java_project\HYPBlog\blog-cms\node_modules\vue-loader\lib\index.js??vue-loader-options!D:\Java_project\HYPBlog\blog-cms\src\components\SvgIcon\index.vue
<s> [webpack.Progress] 48% building 322/337 modules 15 active D:\Java_project\HYPBlog\blog-cms\node_modules\core-js\internals\ie8-dom-define.js
<s> [webpack.Progress] 48% building 322/338 modules 16 active D:\Java_project\HYPBlog\blog-cms\node_modules\core-js\modules\esnext.iterator.for-each.js
<s> [webpack.Progress] 48% building 322/339 modules 17 active D:\Java_project\HYPBlog\blog-cms\node_modules\core-js\internals\own-keys.js
<s> [webpack.Progress] 48% building 322/340 modules 18 active D:\Java_project\HYPBlog\blog-cms\node_modules\core-js\internals\inspect-source.js
<s> [webpack.Progress] 48% building 322/341 modules 19 active D:\Java_project\HYPBlog\blog-cms\node_modules\core-js\internals\to-primitive.js
<s> [webpack.Progress] 48% building 322/342 modules 20 active D:\Java_project\HYPBlog\blog-cms\node_modules\core-js\internals\to-indexed-object.js
<s> [webpack.Progress] 48% building 322/343 modules 21 active D:\Java_project\HYPBlog\blog-cms\node_modules\core-js\internals\object-property-is-enumerable.js
<s> [webpack.Progress] 48% building 322/344 modules 22 active D:\Java_project\HYPBlog\blog-cms\node_modules\core-js\internals\correct-prototype-getter.js
<s> [webpack.Progress] 48% building 322/345 modules 23 active D:\Java_project\HYPBlog\blog-cms\node_modules\core-js\internals\shared-key.js
<s> [webpack.Progress] 48% building 323/345 modules 22 active D:\Java_project\HYPBlog\blog-cms\node_modules\core-js\internals\shared-key.js
<s> [webpack.Progress] 48% building 323/346 modules 23 active D:\Java_project\HYPBlog\blog-cms\node_modules\core-js\internals\to-object.js
<s> [webpack.Progress] 48% building 323/347 modules 24 active D:\Java_project\HYPBlog\blog-cms\node_modules\core-js\modules\es.json.stringify.js
<s> [webpack.Progress] 48% building 324/347 modules 23 active D:\Java_project\HYPBlog\blog-cms\node_modules\core-js\modules\es.json.stringify.js
<s> [webpack.Progress] 49% building 325/347 modules 22 active D:\Java_project\HYPBlog\blog-cms\node_modules\core-js\modules\es.json.stringify.js
<s> [webpack.Progress] 49% building 326/347 modules 21 active D:\Java_project\HYPBlog\blog-cms\node_modules\core-js\modules\es.json.stringify.js
<s> [webpack.Progress] 49% building 327/347 modules 20 active D:\Java_project\HYPBlog\blog-cms\node_modules\core-js\modules\es.json.stringify.js
<s> [webpack.Progress] 49% building 328/347 modules 19 active D:\Java_project\HYPBlog\blog-cms\node_modules\core-js\modules\es.json.stringify.js
<s> [webpack.Progress] 49% building 328/348 modules 20 active D:\Java_project\HYPBlog\blog-cms\node_modules\webpack-dev-server\node_modules\ansi-regex\index.js
<s> [webpack.Progress] 49% building 328/349 modules 21 active D:\Java_project\HYPBlog\blog-cms\node_modules\core-js\internals\native-weak-map.js
<s> [webpack.Progress] 49% building 328/350 modules 22 active D:\Java_project\HYPBlog\blog-cms\node_modules\core-js\internals\hidden-keys.js
<s> [webpack.Progress] 49% building 328/351 modules 23 active D:\Java_project\HYPBlog\blog-cms\node_modules\core-js\internals\document-create-element.js
<s> [webpack.Progress] 49% building 328/352 modules 24 active D:\Java_project\HYPBlog\blog-cms\node_modules\core-js\internals\html.js
<s> [webpack.Progress] 49% building 328/353 modules 25 active D:\Java_project\HYPBlog\blog-cms\node_modules\core-js\internals\shared-store.js
<s> [webpack.Progress] 49% building 328/354 modules 26 active D:\Java_project\HYPBlog\blog-cms\node_modules\core-js\internals\enum-bug-keys.js
<s> [webpack.Progress] 49% building 329/354 modules 25 active D:\Java_project\HYPBlog\blog-cms\node_modules\core-js\internals\enum-bug-keys.js
<s> [webpack.Progress] 49% building 329/355 modules 26 active D:\Java_project\HYPBlog\blog-cms\node_modules\core-js\internals\object-define-properties.js
<s> [webpack.Progress] 49% building 330/355 modules 25 active D:\Java_project\HYPBlog\blog-cms\node_modules\core-js\internals\object-define-properties.js
<s> [webpack.Progress] 49% building 330/356 modules 26 active D:\Java_project\HYPBlog\blog-cms\node_modules\async-validator\es\index.js
<s> [webpack.Progress] 49% building 331/356 modules 25 active D:\Java_project\HYPBlog\blog-cms\node_modules\async-validator\es\index.js
<s> [webpack.Progress] 49% building 332/356 modules 24 active D:\Java_project\HYPBlog\blog-cms\node_modules\async-validator\es\index.js
<s> [webpack.Progress] 49% building 332/357 modules 25 active D:\Java_project\HYPBlog\blog-cms\node_modules\vue-loader\lib\loaders\pitcher.js??ref--4!D:\Java_project\HYPBlog\blog-cms\node_modules\cache-loader\dist\cjs.js??ref--0-0!D:\Java_project\HYPBlog\blog-cms\node_modules\vue-loader\lib\index.js??vue-loader-options!D:\Java_project\HYPBlog\blog-cms\src\layout\index.vue?vue&type=template&id=13877386&scoped=true
<s> [webpack.Progress] 49% building 333/357 modules 24 active D:\Java_project\HYPBlog\blog-cms\node_modules\async-validator\es\index.js
<s> [webpack.Progress] 49% building 333/358 modules 25 active D:\Java_project\HYPBlog\blog-cms\node_modules\vue-loader\lib\loaders\pitcher.js??ref--4!D:\Java_project\HYPBlog\blog-cms\node_modules\vue-style-loader\index.js??ref--8-oneOf-1-0!D:\Java_project\HYPBlog\blog-cms\node_modules\css-loader\dist\cjs.js??ref--8-oneOf-1-1!D:\Java_project\HYPBlog\blog-cms\node_modules\postcss-loader\src\index.js??ref--8-oneOf-1-2!D:\Java_project\HYPBlog\blog-cms\node_modules\sass-loader\dist\cjs.js??ref--8-oneOf-1-3!D:\Java_project\HYPBlog\blog-cms\node_modules\cache-loader\dist\cjs.js??ref--0-0!D:\Java_project\HYPBlog\blog-cms\node_modules\vue-loader\lib\index.js??vue-loader-options!D:\Java_project\HYPBlog\blog-cms\src\layout\index.vue?vue&type=style&index=0&id=13877386&lang=scss&scoped=true
<s> [webpack.Progress] 50% building 334/358 modules 24 active D:\Java_project\HYPBlog\blog-cms\node_modules\async-validator\es\index.js
<s> [webpack.Progress] 50% building 334/359 modules 25 active D:\Java_project\HYPBlog\blog-cms\node_modules\vue-loader\lib\loaders\pitcher.js??ref--4!D:\Java_project\HYPBlog\blog-cms\node_modules\cache-loader\dist\cjs.js??ref--12-0!D:\Java_project\HYPBlog\blog-cms\node_modules\babel-loader\lib\index.js!D:\Java_project\HYPBlog\blog-cms\node_modules\cache-loader\dist\cjs.js??ref--0-0!D:\Java_project\HYPBlog\blog-cms\node_modules\vue-loader\lib\index.js??vue-loader-options!D:\Java_project\HYPBlog\blog-cms\src\layout\index.vue?vue&type=script&lang=js
<s> [webpack.Progress] 50% building 335/359 modules 24 active D:\Java_project\HYPBlog\blog-cms\node_modules\async-validator\es\index.js
<s> [webpack.Progress] 50% building 335/360 modules 25 active D:\Java_project\HYPBlog\blog-cms\node_modules\cache-loader\dist\cjs.js??ref--12-0!D:\Java_project\HYPBlog\blog-cms\node_modules\babel-loader\lib\index.js!D:\Java_project\HYPBlog\blog-cms\node_modules\cache-loader\dist\cjs.js??ref--0-0!D:\Java_project\HYPBlog\blog-cms\node_modules\vue-loader\lib\index.js??vue-loader-options!D:\Java_project\HYPBlog\blog-cms\src\layout\index.vue?vue&type=script&lang=js
<s> [webpack.Progress] 50% building 335/361 modules 26 active D:\Java_project\HYPBlog\blog-cms\node_modules\cache-loader\dist\cjs.js?{"cacheDirectory":"node_modules/.cache/vue-loader","cacheIdentifier":"b828289e-vue-loader-template"}!D:\Java_project\HYPBlog\blog-cms\node_modules\vue-loader\lib\loaders\templateLoader.js??vue-loader-options!D:\Java_project\HYPBlog\blog-cms\node_modules\cache-loader\dist\cjs.js??ref--0-0!D:\Java_project\HYPBlog\blog-cms\node_modules\vue-loader\lib\index.js??vue-loader-options!D:\Java_project\HYPBlog\blog-cms\src\layout\index.vue?vue&type=template&id=13877386&scoped=true
<s> [webpack.Progress] 50% building 335/362 modules 27 active D:\Java_project\HYPBlog\blog-cms\node_modules\vue-style-loader\index.js??ref--8-oneOf-1-0!D:\Java_project\HYPBlog\blog-cms\node_modules\css-loader\dist\cjs.js??ref--8-oneOf-1-1!D:\Java_project\HYPBlog\blog-cms\node_modules\vue-loader\lib\loaders\stylePostLoader.js!D:\Java_project\HYPBlog\blog-cms\node_modules\postcss-loader\src\index.js??ref--8-oneOf-1-2!D:\Java_project\HYPBlog\blog-cms\node_modules\sass-loader\dist\cjs.js??ref--8-oneOf-1-3!D:\Java_project\HYPBlog\blog-cms\node_modules\cache-loader\dist\cjs.js??ref--0-0!D:\Java_project\HYPBlog\blog-cms\node_modules\vue-loader\lib\index.js??vue-loader-options!D:\Java_project\HYPBlog\blog-cms\src\layout\index.vue?vue&type=style&index=0&id=13877386&lang=scss&scoped=true
<s> [webpack.Progress] 50% building 336/362 modules 26 active D:\Java_project\HYPBlog\blog-cms\node_modules\cache-loader\dist\cjs.js?{"cacheDirectory":"node_modules/.cache/vue-loader","cacheIdentifier":"b828289e-vue-loader-template"}!D:\Java_project\HYPBlog\blog-cms\node_modules\vue-loader\lib\loaders\templateLoader.js??vue-loader-options!D:\Java_project\HYPBlog\blog-cms\node_modules\cache-loader\dist\cjs.js??ref--0-0!D:\Java_project\HYPBlog\blog-cms\node_modules\vue-loader\lib\index.js??vue-loader-options!D:\Java_project\HYPBlog\blog-cms\src\layout\index.vue?vue&type=template&id=13877386&scoped=true
<s> [webpack.Progress] 50% building 336/363 modules 27 active D:\Java_project\HYPBlog\blog-cms\node_modules\css-loader\dist\cjs.js??ref--8-oneOf-1-1!D:\Java_project\HYPBlog\blog-cms\node_modules\vue-loader\lib\loaders\stylePostLoader.js!D:\Java_project\HYPBlog\blog-cms\node_modules\postcss-loader\src\index.js??ref--8-oneOf-1-2!D:\Java_project\HYPBlog\blog-cms\node_modules\sass-loader\dist\cjs.js??ref--8-oneOf-1-3!D:\Java_project\HYPBlog\blog-cms\node_modules\cache-loader\dist\cjs.js??ref--0-0!D:\Java_project\HYPBlog\blog-cms\node_modules\vue-loader\lib\index.js??vue-loader-options!D:\Java_project\HYPBlog\blog-cms\src\layout\index.vue?vue&type=style&index=0&id=13877386&lang=scss&scoped=true
<s> [webpack.Progress] 50% building 337/363 modules 26 active D:\Java_project\HYPBlog\blog-cms\node_modules\css-loader\dist\cjs.js??ref--8-oneOf-1-1!D:\Java_project\HYPBlog\blog-cms\node_modules\vue-loader\lib\loaders\stylePostLoader.js!D:\Java_project\HYPBlog\blog-cms\node_modules\postcss-loader\src\index.js??ref--8-oneOf-1-2!D:\Java_project\HYPBlog\blog-cms\node_modules\sass-loader\dist\cjs.js??ref--8-oneOf-1-3!D:\Java_project\HYPBlog\blog-cms\node_modules\cache-loader\dist\cjs.js??ref--0-0!D:\Java_project\HYPBlog\blog-cms\node_modules\vue-loader\lib\index.js??vue-loader-options!D:\Java_project\HYPBlog\blog-cms\src\layout\index.vue?vue&type=style&index=0&id=13877386&lang=scss&scoped=true
<s> [webpack.Progress] 50% building 338/363 modules 25 active D:\Java_project\HYPBlog\blog-cms\node_modules\css-loader\dist\cjs.js??ref--8-oneOf-1-1!D:\Java_project\HYPBlog\blog-cms\node_modules\vue-loader\lib\loaders\stylePostLoader.js!D:\Java_project\HYPBlog\blog-cms\node_modules\postcss-loader\src\index.js??ref--8-oneOf-1-2!D:\Java_project\HYPBlog\blog-cms\node_modules\sass-loader\dist\cjs.js??ref--8-oneOf-1-3!D:\Java_project\HYPBlog\blog-cms\node_modules\cache-loader\dist\cjs.js??ref--0-0!D:\Java_project\HYPBlog\blog-cms\node_modules\vue-loader\lib\index.js??vue-loader-options!D:\Java_project\HYPBlog\blog-cms\src\layout\index.vue?vue&type=style&index=0&id=13877386&lang=scss&scoped=true
<s> [webpack.Progress] 50% building 338/364 modules 26 active D:\Java_project\HYPBlog\blog-cms\node_modules\svg-sprite-loader\lib\loader.js??ref--13-0!D:\Java_project\HYPBlog\blog-cms\src\icons\svg\article.svg
<s> [webpack.Progress] 50% building 338/365 modules 27 active D:\Java_project\HYPBlog\blog-cms\node_modules\svg-sprite-loader\lib\loader.js??ref--13-0!D:\Java_project\HYPBlog\blog-cms\src\icons\svg\yonghu.svg
<s> [webpack.Progress] 50% building 338/366 modules 28 active D:\Java_project\HYPBlog\blog-cms\node_modules\svg-sprite-loader\lib\loader.js??ref--13-0!D:\Java_project\HYPBlog\blog-cms\src\icons\svg\user.svg
<s> [webpack.Progress] 50% building 338/367 modules 29 active D:\Java_project\HYPBlog\blog-cms\node_modules\svg-sprite-loader\lib\loader.js??ref--13-0!D:\Java_project\HYPBlog\blog-cms\src\icons\svg\pv.svg
<s> [webpack.Progress] 50% building 338/368 modules 30 active D:\Java_project\HYPBlog\blog-cms\node_modules\svg-sprite-loader\lib\loader.js??ref--13-0!D:\Java_project\HYPBlog\blog-cms\src\icons\svg\pinglun-blue.svg
<s> [webpack.Progress] 50% building 338/369 modules 31 active D:\Java_project\HYPBlog\blog-cms\node_modules\svg-sprite-loader\lib\loader.js??ref--13-0!D:\Java_project\HYPBlog\blog-cms\src\icons\svg\password.svg
<s> [webpack.Progress] 50% building 338/370 modules 32 active D:\Java_project\HYPBlog\blog-cms\node_modules\svg-sprite-loader\lib\loader.js??ref--13-0!D:\Java_project\HYPBlog\blog-cms\src\icons\svg\markdown.svg
<s> [webpack.Progress] 50% building 338/371 modules 33 active D:\Java_project\HYPBlog\blog-cms\node_modules\svg-sprite-loader\lib\loader.js??ref--13-0!D:\Java_project\HYPBlog\blog-cms\src\icons\svg\logout.svg
<s> [webpack.Progress] 50% building 338/372 modules 34 active D:\Java_project\HYPBlog\blog-cms\node_modules\svg-sprite-loader\lib\loader.js??ref--13-0!D:\Java_project\HYPBlog\blog-cms\src\icons\svg\github.svg
<s> [webpack.Progress] 50% building 338/373 modules 35 active D:\Java_project\HYPBlog\blog-cms\node_modules\svg-sprite-loader\lib\loader.js??ref--13-0!D:\Java_project\HYPBlog\blog-cms\src\icons\svg\friend.svg
<s> [webpack.Progress] 50% building 338/374 modules 36 active D:\Java_project\HYPBlog\blog-cms\node_modules\svg-sprite-loader\lib\loader.js??ref--13-0!D:\Java_project\HYPBlog\blog-cms\src\icons\svg\eye.svg
<s> [webpack.Progress] 50% building 338/375 modules 37 active D:\Java_project\HYPBlog\blog-cms\node_modules\svg-sprite-loader\lib\loader.js??ref--13-0!D:\Java_project\HYPBlog\blog-cms\src\icons\svg\eye-open.svg
<s> [webpack.Progress] 50% building 338/376 modules 38 active D:\Java_project\HYPBlog\blog-cms\node_modules\svg-sprite-loader\lib\loader.js??ref--13-0!D:\Java_project\HYPBlog\blog-cms\src\icons\svg\dashboard.svg
<s> [webpack.Progress] 50% building 338/377 modules 39 active D:\Java_project\HYPBlog\blog-cms\node_modules\cache-loader\dist\cjs.js??ref--12-0!D:\Java_project\HYPBlog\blog-cms\node_modules\babel-loader\lib\index.js!D:\Java_project\HYPBlog\blog-cms\src\api\visitor.js
<s> [webpack.Progress] 50% building 338/378 modules 40 active D:\Java_project\HYPBlog\blog-cms\node_modules\cache-loader\dist\cjs.js??ref--12-0!D:\Java_project\HYPBlog\blog-cms\node_modules\babel-loader\lib\index.js!D:\Java_project\HYPBlog\blog-cms\src\api\moment.js
<s> [webpack.Progress] 50% building 338/379 modules 41 active D:\Java_project\HYPBlog\blog-cms\node_modules\cache-loader\dist\cjs.js??ref--12-0!D:\Java_project\HYPBlog\blog-cms\node_modules\babel-loader\lib\index.js!D:\Java_project\HYPBlog\blog-cms\src\api\tag.js
<s> [webpack.Progress] 50% building 338/380 modules 42 active D:\Java_project\HYPBlog\blog-cms\node_modules\cache-loader\dist\cjs.js??ref--12-0!D:\Java_project\HYPBlog\blog-cms\node_modules\babel-loader\lib\index.js!D:\Java_project\HYPBlog\blog-cms\src\api\blog.js
<s> [webpack.Progress] 50% building 339/380 modules 41 active D:\Java_project\HYPBlog\blog-cms\node_modules\cache-loader\dist\cjs.js??ref--12-0!D:\Java_project\HYPBlog\blog-cms\node_modules\babel-loader\lib\index.js!D:\Java_project\HYPBlog\blog-cms\src\api\blog.js
<s> [webpack.Progress] 50% building 339/381 modules 42 active D:\Java_project\HYPBlog\blog-cms\node_modules\cache-loader\dist\cjs.js??ref--12-0!D:\Java_project\HYPBlog\blog-cms\node_modules\babel-loader\lib\index.js!D:\Java_project\HYPBlog\blog-cms\src\util\reg.js
<s> [webpack.Progress] 50% building 340/381 modules 41 active D:\Java_project\HYPBlog\blog-cms\node_modules\cache-loader\dist\cjs.js??ref--12-0!D:\Java_project\HYPBlog\blog-cms\node_modules\babel-loader\lib\index.js!D:\Java_project\HYPBlog\blog-cms\src\util\reg.js
<s> [webpack.Progress] 50% building 341/381 modules 40 active D:\Java_project\HYPBlog\blog-cms\node_modules\cache-loader\dist\cjs.js??ref--12-0!D:\Java_project\HYPBlog\blog-cms\node_modules\babel-loader\lib\index.js!D:\Java_project\HYPBlog\blog-cms\src\util\reg.js
<s> [webpack.Progress] 50% building 341/382 modules 41 active D:\Java_project\HYPBlog\blog-cms\node_modules\cache-loader\dist\cjs.js??ref--12-0!D:\Java_project\HYPBlog\blog-cms\node_modules\babel-loader\lib\index.js!D:\Java_project\HYPBlog\blog-cms\src\api\category.js
<s> [webpack.Progress] 51% building 342/382 modules 40 active D:\Java_project\HYPBlog\blog-cms\node_modules\cache-loader\dist\cjs.js??ref--12-0!D:\Java_project\HYPBlog\blog-cms\node_modules\babel-loader\lib\index.js!D:\Java_project\HYPBlog\blog-cms\src\api\category.js
<s> [webpack.Progress] 51% building 343/382 modules 39 active D:\Java_project\HYPBlog\blog-cms\node_modules\cache-loader\dist\cjs.js??ref--12-0!D:\Java_project\HYPBlog\blog-cms\node_modules\babel-loader\lib\index.js!D:\Java_project\HYPBlog\blog-cms\src\api\category.js
<s> [webpack.Progress] 51% building 344/382 modules 38 active D:\Java_project\HYPBlog\blog-cms\node_modules\cache-loader\dist\cjs.js??ref--12-0!D:\Java_project\HYPBlog\blog-cms\node_modules\babel-loader\lib\index.js!D:\Java_project\HYPBlog\blog-cms\src\api\category.js
<s> [webpack.Progress] 51% building 345/382 modules 37 active D:\Java_project\HYPBlog\blog-cms\node_modules\cache-loader\dist\cjs.js??ref--12-0!D:\Java_project\HYPBlog\blog-cms\node_modules\babel-loader\lib\index.js!D:\Java_project\HYPBlog\blog-cms\src\api\category.js
<s> [webpack.Progress] 51% building 346/382 modules 36 active D:\Java_project\HYPBlog\blog-cms\node_modules\cache-loader\dist\cjs.js??ref--12-0!D:\Java_project\HYPBlog\blog-cms\node_modules\babel-loader\lib\index.js!D:\Java_project\HYPBlog\blog-cms\src\api\category.js
<s> [webpack.Progress] 51% building 346/383 modules 37 active D:\Java_project\HYPBlog\blog-cms\node_modules\cache-loader\dist\cjs.js??ref--12-0!D:\Java_project\HYPBlog\blog-cms\node_modules\babel-loader\lib\index.js!D:\Java_project\HYPBlog\blog-cms\src\api\comment.js
<s> [webpack.Progress] 51% building 347/383 modules 36 active D:\Java_project\HYPBlog\blog-cms\node_modules\cache-loader\dist\cjs.js??ref--12-0!D:\Java_project\HYPBlog\blog-cms\node_modules\babel-loader\lib\index.js!D:\Java_project\HYPBlog\blog-cms\src\api\comment.js
<s> [webpack.Progress] 51% building 348/383 modules 35 active D:\Java_project\HYPBlog\blog-cms\node_modules\cache-loader\dist\cjs.js??ref--12-0!D:\Java_project\HYPBlog\blog-cms\node_modules\babel-loader\lib\index.js!D:\Java_project\HYPBlog\blog-cms\src\api\comment.js
<s> [webpack.Progress] 51% building 349/383 modules 34 active D:\Java_project\HYPBlog\blog-cms\node_modules\cache-loader\dist\cjs.js??ref--12-0!D:\Java_project\HYPBlog\blog-cms\node_modules\babel-loader\lib\index.js!D:\Java_project\HYPBlog\blog-cms\src\api\comment.js
<s> [webpack.Progress] 51% building 349/384 modules 35 active D:\Java_project\HYPBlog\blog-cms\node_modules\vue-loader\lib\loaders\pitcher.js??ref--4!D:\Java_project\HYPBlog\blog-cms\node_modules\cache-loader\dist\cjs.js??ref--0-0!D:\Java_project\HYPBlog\blog-cms\node_modules\vue-loader\lib\index.js??vue-loader-options!D:\Java_project\HYPBlog\blog-cms\src\views\login\index.vue?vue&type=template&id=37dfd6fc&scoped=true
<s> [webpack.Progress] 52% building 350/384 modules 34 active D:\Java_project\HYPBlog\blog-cms\node_modules\cache-loader\dist\cjs.js??ref--12-0!D:\Java_project\HYPBlog\blog-cms\node_modules\babel-loader\lib\index.js!D:\Java_project\HYPBlog\blog-cms\src\api\comment.js
<s> [webpack.Progress] 52% building 350/385 modules 35 active D:\Java_project\HYPBlog\blog-cms\node_modules\cache-loader\dist\cjs.js?{"cacheDirectory":"node_modules/.cache/vue-loader","cacheIdentifier":"b828289e-vue-loader-template"}!D:\Java_project\HYPBlog\blog-cms\node_modules\vue-loader\lib\loaders\templateLoader.js??vue-loader-options!D:\Java_project\HYPBlog\blog-cms\node_modules\cache-loader\dist\cjs.js??ref--0-0!D:\Java_project\HYPBlog\blog-cms\node_modules\vue-loader\lib\index.js??vue-loader-options!D:\Java_project\HYPBlog\blog-cms\src\views\login\index.vue?vue&type=template&id=37dfd6fc&scoped=true
<s> [webpack.Progress] 52% building 350/386 modules 36 active D:\Java_project\HYPBlog\blog-cms\node_modules\vue-loader\lib\loaders\pitcher.js??ref--4!D:\Java_project\HYPBlog\blog-cms\node_modules\cache-loader\dist\cjs.js??ref--0-0!D:\Java_project\HYPBlog\blog-cms\node_modules\vue-loader\lib\index.js??vue-loader-options!D:\Java_project\HYPBlog\blog-cms\src\views\dashboard\index.vue?vue&type=template&id=106c86ed&scoped=true
<s> [webpack.Progress] 52% building 351/386 modules 35 active D:\Java_project\HYPBlog\blog-cms\node_modules\cache-loader\dist\cjs.js?{"cacheDirectory":"node_modules/.cache/vue-loader","cacheIdentifier":"b828289e-vue-loader-template"}!D:\Java_project\HYPBlog\blog-cms\node_modules\vue-loader\lib\loaders\templateLoader.js??vue-loader-options!D:\Java_project\HYPBlog\blog-cms\node_modules\cache-loader\dist\cjs.js??ref--0-0!D:\Java_project\HYPBlog\blog-cms\node_modules\vue-loader\lib\index.js??vue-loader-options!D:\Java_project\HYPBlog\blog-cms\src\views\login\index.vue?vue&type=template&id=37dfd6fc&scoped=true
<s> [webpack.Progress] 52% building 351/387 modules 36 active D:\Java_project\HYPBlog\blog-cms\node_modules\vue-loader\lib\loaders\pitcher.js??ref--4!D:\Java_project\HYPBlog\blog-cms\node_modules\vue-style-loader\index.js??ref--6-oneOf-1-0!D:\Java_project\HYPBlog\blog-cms\node_modules\css-loader\dist\cjs.js??ref--6-oneOf-1-1!D:\Java_project\HYPBlog\blog-cms\node_modules\postcss-loader\src\index.js??ref--6-oneOf-1-2!D:\Java_project\HYPBlog\blog-cms\node_modules\cache-loader\dist\cjs.js??ref--0-0!D:\Java_project\HYPBlog\blog-cms\node_modules\vue-loader\lib\index.js??vue-loader-options!D:\Java_project\HYPBlog\blog-cms\src\views\dashboard\index.vue?vue&type=style&index=0&id=106c86ed&scoped=true&lang=css
<s> [webpack.Progress] 52% building 352/387 modules 35 active D:\Java_project\HYPBlog\blog-cms\node_modules\cache-loader\dist\cjs.js?{"cacheDirectory":"node_modules/.cache/vue-loader","cacheIdentifier":"b828289e-vue-loader-template"}!D:\Java_project\HYPBlog\blog-cms\node_modules\vue-loader\lib\loaders\templateLoader.js??vue-loader-options!D:\Java_project\HYPBlog\blog-cms\node_modules\cache-loader\dist\cjs.js??ref--0-0!D:\Java_project\HYPBlog\blog-cms\node_modules\vue-loader\lib\index.js??vue-loader-options!D:\Java_project\HYPBlog\blog-cms\src\views\login\index.vue?vue&type=template&id=37dfd6fc&scoped=true
<s> [webpack.Progress] 52% building 352/388 modules 36 active D:\Java_project\HYPBlog\blog-cms\node_modules\cache-loader\dist\cjs.js?{"cacheDirectory":"node_modules/.cache/vue-loader","cacheIdentifier":"b828289e-vue-loader-template"}!D:\Java_project\HYPBlog\blog-cms\node_modules\vue-loader\lib\loaders\templateLoader.js??vue-loader-options!D:\Java_project\HYPBlog\blog-cms\node_modules\cache-loader\dist\cjs.js??ref--0-0!D:\Java_project\HYPBlog\blog-cms\node_modules\vue-loader\lib\index.js??vue-loader-options!D:\Java_project\HYPBlog\blog-cms\src\views\dashboard\index.vue?vue&type=template&id=106c86ed&scoped=true
<s> [webpack.Progress] 52% building 352/389 modules 37 active D:\Java_project\HYPBlog\blog-cms\node_modules\vue-style-loader\index.js??ref--6-oneOf-1-0!D:\Java_project\HYPBlog\blog-cms\node_modules\css-loader\dist\cjs.js??ref--6-oneOf-1-1!D:\Java_project\HYPBlog\blog-cms\node_modules\vue-loader\lib\loaders\stylePostLoader.js!D:\Java_project\HYPBlog\blog-cms\node_modules\postcss-loader\src\index.js??ref--6-oneOf-1-2!D:\Java_project\HYPBlog\blog-cms\node_modules\cache-loader\dist\cjs.js??ref--0-0!D:\Java_project\HYPBlog\blog-cms\node_modules\vue-loader\lib\index.js??vue-loader-options!D:\Java_project\HYPBlog\blog-cms\src\views\dashboard\index.vue?vue&type=style&index=0&id=106c86ed&scoped=true&lang=css
<s> [webpack.Progress] 52% building 353/389 modules 36 active D:\Java_project\HYPBlog\blog-cms\node_modules\cache-loader\dist\cjs.js?{"cacheDirectory":"node_modules/.cache/vue-loader","cacheIdentifier":"b828289e-vue-loader-template"}!D:\Java_project\HYPBlog\blog-cms\node_modules\vue-loader\lib\loaders\templateLoader.js??vue-loader-options!D:\Java_project\HYPBlog\blog-cms\node_modules\cache-loader\dist\cjs.js??ref--0-0!D:\Java_project\HYPBlog\blog-cms\node_modules\vue-loader\lib\index.js??vue-loader-options!D:\Java_project\HYPBlog\blog-cms\src\views\dashboard\index.vue?vue&type=template&id=106c86ed&scoped=true
<s> [webpack.Progress] 52% building 353/390 modules 37 active D:\Java_project\HYPBlog\blog-cms\node_modules\css-loader\dist\cjs.js??ref--6-oneOf-1-1!D:\Java_project\HYPBlog\blog-cms\node_modules\vue-loader\lib\loaders\stylePostLoader.js!D:\Java_project\HYPBlog\blog-cms\node_modules\postcss-loader\src\index.js??ref--6-oneOf-1-2!D:\Java_project\HYPBlog\blog-cms\node_modules\cache-loader\dist\cjs.js??ref--0-0!D:\Java_project\HYPBlog\blog-cms\node_modules\vue-loader\lib\index.js??vue-loader-options!D:\Java_project\HYPBlog\blog-cms\src\views\dashboard\index.vue?vue&type=style&index=0&id=106c86ed&scoped=true&lang=css
<s> [webpack.Progress] 52% building 353/391 modules 38 active D:\Java_project\HYPBlog\blog-cms\node_modules\cache-loader\dist\cjs.js??ref--12-0!D:\Java_project\HYPBlog\blog-cms\node_modules\babel-loader\lib\index.js!D:\Java_project\HYPBlog\blog-cms\src\api\visitLog.js
<s> [webpack.Progress] 52% building 353/392 modules 39 active D:\Java_project\HYPBlog\blog-cms\node_modules\url\node_modules\qs\lib\formats.js
<s> [webpack.Progress] 52% building 354/392 modules 38 active D:\Java_project\HYPBlog\blog-cms\node_modules\url\node_modules\qs\lib\formats.js
<s> [webpack.Progress] 52% building 354/393 modules 39 active D:\Java_project\HYPBlog\blog-cms\node_modules\url\node_modules\qs\lib\stringify.js
<s> [webpack.Progress] 52% building 354/394 modules 40 active D:\Java_project\HYPBlog\blog-cms\node_modules\vue-loader\lib\loaders\pitcher.js??ref--4!D:\Java_project\HYPBlog\blog-cms\node_modules\cache-loader\dist\cjs.js??ref--12-0!D:\Java_project\HYPBlog\blog-cms\node_modules\babel-loader\lib\index.js!D:\Java_project\HYPBlog\blog-cms\node_modules\cache-loader\dist\cjs.js??ref--0-0!D:\Java_project\HYPBlog\blog-cms\node_modules\vue-loader\lib\index.js??vue-loader-options!D:\Java_project\HYPBlog\blog-cms\src\views\dashboard\index.vue?vue&type=script&lang=js
<s> [webpack.Progress] 52% building 355/394 modules 39 active D:\Java_project\HYPBlog\blog-cms\node_modules\url\node_modules\qs\lib\stringify.js
<s> [webpack.Progress] 52% building 355/395 modules 40 active D:\Java_project\HYPBlog\blog-cms\node_modules\cache-loader\dist\cjs.js??ref--12-0!D:\Java_project\HYPBlog\blog-cms\node_modules\babel-loader\lib\index.js!D:\Java_project\HYPBlog\blog-cms\node_modules\cache-loader\dist\cjs.js??ref--0-0!D:\Java_project\HYPBlog\blog-cms\node_modules\vue-loader\lib\index.js??vue-loader-options!D:\Java_project\HYPBlog\blog-cms\src\views\dashboard\index.vue?vue&type=script&lang=js
<s> [webpack.Progress] 52% building 355/396 modules 41 active D:\Java_project\HYPBlog\blog-cms\node_modules\vue-loader\lib\loaders\pitcher.js??ref--4!D:\Java_project\HYPBlog\blog-cms\node_modules\cache-loader\dist\cjs.js??ref--0-0!D:\Java_project\HYPBlog\blog-cms\node_modules\vue-loader\lib\index.js??vue-loader-options!D:\Java_project\HYPBlog\blog-cms\src\components\SvgIcon\index.vue?vue&type=template&id=c8a70580&scoped=true
<s> [webpack.Progress] 52% building 356/396 modules 40 active D:\Java_project\HYPBlog\blog-cms\node_modules\cache-loader\dist\cjs.js??ref--12-0!D:\Java_project\HYPBlog\blog-cms\node_modules\babel-loader\lib\index.js!D:\Java_project\HYPBlog\blog-cms\node_modules\cache-loader\dist\cjs.js??ref--0-0!D:\Java_project\HYPBlog\blog-cms\node_modules\vue-loader\lib\index.js??vue-loader-options!D:\Java_project\HYPBlog\blog-cms\src\views\dashboard\index.vue?vue&type=script&lang=js
<s> [webpack.Progress] 52% building 356/397 modules 41 active D:\Java_project\HYPBlog\blog-cms\node_modules\vue-loader\lib\loaders\pitcher.js??ref--4!D:\Java_project\HYPBlog\blog-cms\node_modules\vue-style-loader\index.js??ref--6-oneOf-1-0!D:\Java_project\HYPBlog\blog-cms\node_modules\css-loader\dist\cjs.js??ref--6-oneOf-1-1!D:\Java_project\HYPBlog\blog-cms\node_modules\postcss-loader\src\index.js??ref--6-oneOf-1-2!D:\Java_project\HYPBlog\blog-cms\node_modules\cache-loader\dist\cjs.js??ref--0-0!D:\Java_project\HYPBlog\blog-cms\node_modules\vue-loader\lib\index.js??vue-loader-options!D:\Java_project\HYPBlog\blog-cms\src\components\SvgIcon\index.vue?vue&type=style&index=0&id=c8a70580&scoped=true&lang=css
<s> [webpack.Progress] 52% building 357/397 modules 40 active D:\Java_project\HYPBlog\blog-cms\node_modules\cache-loader\dist\cjs.js??ref--12-0!D:\Java_project\HYPBlog\blog-cms\node_modules\babel-loader\lib\index.js!D:\Java_project\HYPBlog\blog-cms\node_modules\cache-loader\dist\cjs.js??ref--0-0!D:\Java_project\HYPBlog\blog-cms\node_modules\vue-loader\lib\index.js??vue-loader-options!D:\Java_project\HYPBlog\blog-cms\src\views\dashboard\index.vue?vue&type=script&lang=js
<s> [webpack.Progress] 52% building 357/398 modules 41 active D:\Java_project\HYPBlog\blog-cms\node_modules\vue-loader\lib\loaders\pitcher.js??ref--4!D:\Java_project\HYPBlog\blog-cms\node_modules\cache-loader\dist\cjs.js??ref--12-0!D:\Java_project\HYPBlog\blog-cms\node_modules\babel-loader\lib\index.js!D:\Java_project\HYPBlog\blog-cms\node_modules\cache-loader\dist\cjs.js??ref--0-0!D:\Java_project\HYPBlog\blog-cms\node_modules\vue-loader\lib\index.js??vue-loader-options!D:\Java_project\HYPBlog\blog-cms\src\components\SvgIcon\index.vue?vue&type=script&lang=js
<s> [webpack.Progress] 52% building 358/398 modules 40 active D:\Java_project\HYPBlog\blog-cms\node_modules\cache-loader\dist\cjs.js??ref--12-0!D:\Java_project\HYPBlog\blog-cms\node_modules\babel-loader\lib\index.js!D:\Java_project\HYPBlog\blog-cms\node_modules\cache-loader\dist\cjs.js??ref--0-0!D:\Java_project\HYPBlog\blog-cms\node_modules\vue-loader\lib\index.js??vue-loader-options!D:\Java_project\HYPBlog\blog-cms\src\views\dashboard\index.vue?vue&type=script&lang=js
<s> [webpack.Progress] 52% building 358/399 modules 41 active D:\Java_project\HYPBlog\blog-cms\node_modules\cache-loader\dist\cjs.js??ref--12-0!D:\Java_project\HYPBlog\blog-cms\node_modules\babel-loader\lib\index.js!D:\Java_project\HYPBlog\blog-cms\node_modules\cache-loader\dist\cjs.js??ref--0-0!D:\Java_project\HYPBlog\blog-cms\node_modules\vue-loader\lib\index.js??vue-loader-options!D:\Java_project\HYPBlog\blog-cms\src\components\SvgIcon\index.vue?vue&type=script&lang=js
<s> [webpack.Progress] 52% building 358/400 modules 42 active D:\Java_project\HYPBlog\blog-cms\node_modules\cache-loader\dist\cjs.js?{"cacheDirectory":"node_modules/.cache/vue-loader","cacheIdentifier":"b828289e-vue-loader-template"}!D:\Java_project\HYPBlog\blog-cms\node_modules\vue-loader\lib\loaders\templateLoader.js??vue-loader-options!D:\Java_project\HYPBlog\blog-cms\node_modules\cache-loader\dist\cjs.js??ref--0-0!D:\Java_project\HYPBlog\blog-cms\node_modules\vue-loader\lib\index.js??vue-loader-options!D:\Java_project\HYPBlog\blog-cms\src\components\SvgIcon\index.vue?vue&type=template&id=c8a70580&scoped=true
<s> [webpack.Progress] 52% building 358/401 modules 43 active D:\Java_project\HYPBlog\blog-cms\node_modules\vue-style-loader\index.js??ref--6-oneOf-1-0!D:\Java_project\HYPBlog\blog-cms\node_modules\css-loader\dist\cjs.js??ref--6-oneOf-1-1!D:\Java_project\HYPBlog\blog-cms\node_modules\vue-loader\lib\loaders\stylePostLoader.js!D:\Java_project\HYPBlog\blog-cms\node_modules\postcss-loader\src\index.js??ref--6-oneOf-1-2!D:\Java_project\HYPBlog\blog-cms\node_modules\cache-loader\dist\cjs.js??ref--0-0!D:\Java_project\HYPBlog\blog-cms\node_modules\vue-loader\lib\index.js??vue-loader-options!D:\Java_project\HYPBlog\blog-cms\src\components\SvgIcon\index.vue?vue&type=style&index=0&id=c8a70580&scoped=true&lang=css
<s> [webpack.Progress] 53% building 359/401 modules 42 active D:\Java_project\HYPBlog\blog-cms\node_modules\cache-loader\dist\cjs.js?{"cacheDirectory":"node_modules/.cache/vue-loader","cacheIdentifier":"b828289e-vue-loader-template"}!D:\Java_project\HYPBlog\blog-cms\node_modules\vue-loader\lib\loaders\templateLoader.js??vue-loader-options!D:\Java_project\HYPBlog\blog-cms\node_modules\cache-loader\dist\cjs.js??ref--0-0!D:\Java_project\HYPBlog\blog-cms\node_modules\vue-loader\lib\index.js??vue-loader-options!D:\Java_project\HYPBlog\blog-cms\src\components\SvgIcon\index.vue?vue&type=template&id=c8a70580&scoped=true
<s> [webpack.Progress] 53% building 359/402 modules 43 active D:\Java_project\HYPBlog\blog-cms\node_modules\css-loader\dist\cjs.js??ref--6-oneOf-1-1!D:\Java_project\HYPBlog\blog-cms\node_modules\vue-loader\lib\loaders\stylePostLoader.js!D:\Java_project\HYPBlog\blog-cms\node_modules\postcss-loader\src\index.js??ref--6-oneOf-1-2!D:\Java_project\HYPBlog\blog-cms\node_modules\cache-loader\dist\cjs.js??ref--0-0!D:\Java_project\HYPBlog\blog-cms\node_modules\vue-loader\lib\index.js??vue-loader-options!D:\Java_project\HYPBlog\blog-cms\src\components\SvgIcon\index.vue?vue&type=style&index=0&id=c8a70580&scoped=true&lang=css
<s> [webpack.Progress] 53% building 360/402 modules 42 active D:\Java_project\HYPBlog\blog-cms\node_modules\css-loader\dist\cjs.js??ref--6-oneOf-1-1!D:\Java_project\HYPBlog\blog-cms\node_modules\vue-loader\lib\loaders\stylePostLoader.js!D:\Java_project\HYPBlog\blog-cms\node_modules\postcss-loader\src\index.js??ref--6-oneOf-1-2!D:\Java_project\HYPBlog\blog-cms\node_modules\cache-loader\dist\cjs.js??ref--0-0!D:\Java_project\HYPBlog\blog-cms\node_modules\vue-loader\lib\index.js??vue-loader-options!D:\Java_project\HYPBlog\blog-cms\src\components\SvgIcon\index.vue?vue&type=style&index=0&id=c8a70580&scoped=true&lang=css
<s> [webpack.Progress] 53% building 360/403 modules 43 active D:\Java_project\HYPBlog\blog-cms\node_modules\vue-loader\lib\loaders\pitcher.js??ref--4!D:\Java_project\HYPBlog\blog-cms\node_modules\vue-style-loader\index.js??ref--8-oneOf-1-0!D:\Java_project\HYPBlog\blog-cms\node_modules\css-loader\dist\cjs.js??ref--8-oneOf-1-1!D:\Java_project\HYPBlog\blog-cms\node_modules\postcss-loader\src\index.js??ref--8-oneOf-1-2!D:\Java_project\HYPBlog\blog-cms\node_modules\sass-loader\dist\cjs.js??ref--8-oneOf-1-3!D:\Java_project\HYPBlog\blog-cms\node_modules\cache-loader\dist\cjs.js??ref--0-0!D:\Java_project\HYPBlog\blog-cms\node_modules\vue-loader\lib\index.js??vue-loader-options!D:\Java_project\HYPBlog\blog-cms\src\views\login\index.vue?vue&type=style&index=1&id=37dfd6fc&lang=scss&scoped=true
<s> [webpack.Progress] 53% building 361/403 modules 42 active D:\Java_project\HYPBlog\blog-cms\node_modules\css-loader\dist\cjs.js??ref--6-oneOf-1-1!D:\Java_project\HYPBlog\blog-cms\node_modules\vue-loader\lib\loaders\stylePostLoader.js!D:\Java_project\HYPBlog\blog-cms\node_modules\postcss-loader\src\index.js??ref--6-oneOf-1-2!D:\Java_project\HYPBlog\blog-cms\node_modules\cache-loader\dist\cjs.js??ref--0-0!D:\Java_project\HYPBlog\blog-cms\node_modules\vue-loader\lib\index.js??vue-loader-options!D:\Java_project\HYPBlog\blog-cms\src\components\SvgIcon\index.vue?vue&type=style&index=0&id=c8a70580&scoped=true&lang=css
<s> [webpack.Progress] 53% building 361/404 modules 43 active D:\Java_project\HYPBlog\blog-cms\node_modules\vue-style-loader\index.js??ref--8-oneOf-1-0!D:\Java_project\HYPBlog\blog-cms\node_modules\css-loader\dist\cjs.js??ref--8-oneOf-1-1!D:\Java_project\HYPBlog\blog-cms\node_modules\vue-loader\lib\loaders\stylePostLoader.js!D:\Java_project\HYPBlog\blog-cms\node_modules\postcss-loader\src\index.js??ref--8-oneOf-1-2!D:\Java_project\HYPBlog\blog-cms\node_modules\sass-loader\dist\cjs.js??ref--8-oneOf-1-3!D:\Java_project\HYPBlog\blog-cms\node_modules\cache-loader\dist\cjs.js??ref--0-0!D:\Java_project\HYPBlog\blog-cms\node_modules\vue-loader\lib\index.js??vue-loader-options!D:\Java_project\HYPBlog\blog-cms\src\views\login\index.vue?vue&type=style&index=1&id=37dfd6fc&lang=scss&scoped=true
<s> [webpack.Progress] 53% building 362/404 modules 42 active D:\Java_project\HYPBlog\blog-cms\node_modules\css-loader\dist\cjs.js??ref--6-oneOf-1-1!D:\Java_project\HYPBlog\blog-cms\node_modules\vue-loader\lib\loaders\stylePostLoader.js!D:\Java_project\HYPBlog\blog-cms\node_modules\postcss-loader\src\index.js??ref--6-oneOf-1-2!D:\Java_project\HYPBlog\blog-cms\node_modules\cache-loader\dist\cjs.js??ref--0-0!D:\Java_project\HYPBlog\blog-cms\node_modules\vue-loader\lib\index.js??vue-loader-options!D:\Java_project\HYPBlog\blog-cms\src\components\SvgIcon\index.vue?vue&type=style&index=0&id=c8a70580&scoped=true&lang=css
<s> [webpack.Progress] 53% building 362/405 modules 43 active D:\Java_project\HYPBlog\blog-cms\node_modules\css-loader\dist\cjs.js??ref--8-oneOf-1-1!D:\Java_project\HYPBlog\blog-cms\node_modules\vue-loader\lib\loaders\stylePostLoader.js!D:\Java_project\HYPBlog\blog-cms\node_modules\postcss-loader\src\index.js??ref--8-oneOf-1-2!D:\Java_project\HYPBlog\blog-cms\node_modules\sass-loader\dist\cjs.js??ref--8-oneOf-1-3!D:\Java_project\HYPBlog\blog-cms\node_modules\cache-loader\dist\cjs.js??ref--0-0!D:\Java_project\HYPBlog\blog-cms\node_modules\vue-loader\lib\index.js??vue-loader-options!D:\Java_project\HYPBlog\blog-cms\src\views\login\index.vue?vue&type=style&index=1&id=37dfd6fc&lang=scss&scoped=true
<s> [webpack.Progress] 53% building 363/405 modules 42 active D:\Java_project\HYPBlog\blog-cms\node_modules\css-loader\dist\cjs.js??ref--8-oneOf-1-1!D:\Java_project\HYPBlog\blog-cms\node_modules\vue-loader\lib\loaders\stylePostLoader.js!D:\Java_project\HYPBlog\blog-cms\node_modules\postcss-loader\src\index.js??ref--8-oneOf-1-2!D:\Java_project\HYPBlog\blog-cms\node_modules\sass-loader\dist\cjs.js??ref--8-oneOf-1-3!D:\Java_project\HYPBlog\blog-cms\node_modules\cache-loader\dist\cjs.js??ref--0-0!D:\Java_project\HYPBlog\blog-cms\node_modules\vue-loader\lib\index.js??vue-loader-options!D:\Java_project\HYPBlog\blog-cms\src\views\login\index.vue?vue&type=style&index=1&id=37dfd6fc&lang=scss&scoped=true
<s> [webpack.Progress] 53% building 363/406 modules 43 active D:\Java_project\HYPBlog\blog-cms\node_modules\vue-loader\lib\loaders\pitcher.js??ref--4!D:\Java_project\HYPBlog\blog-cms\node_modules\vue-style-loader\index.js??ref--8-oneOf-1-0!D:\Java_project\HYPBlog\blog-cms\node_modules\css-loader\dist\cjs.js??ref--8-oneOf-1-1!D:\Java_project\HYPBlog\blog-cms\node_modules\postcss-loader\src\index.js??ref--8-oneOf-1-2!D:\Java_project\HYPBlog\blog-cms\node_modules\sass-loader\dist\cjs.js??ref--8-oneOf-1-3!D:\Java_project\HYPBlog\blog-cms\node_modules\cache-loader\dist\cjs.js??ref--0-0!D:\Java_project\HYPBlog\blog-cms\node_modules\vue-loader\lib\index.js??vue-loader-options!D:\Java_project\HYPBlog\blog-cms\src\views\login\index.vue?vue&type=style&index=0&id=37dfd6fc&lang=scss
<s> [webpack.Progress] 53% building 364/406 modules 42 active D:\Java_project\HYPBlog\blog-cms\node_modules\css-loader\dist\cjs.js??ref--8-oneOf-1-1!D:\Java_project\HYPBlog\blog-cms\node_modules\vue-loader\lib\loaders\stylePostLoader.js!D:\Java_project\HYPBlog\blog-cms\node_modules\postcss-loader\src\index.js??ref--8-oneOf-1-2!D:\Java_project\HYPBlog\blog-cms\node_modules\sass-loader\dist\cjs.js??ref--8-oneOf-1-3!D:\Java_project\HYPBlog\blog-cms\node_modules\cache-loader\dist\cjs.js??ref--0-0!D:\Java_project\HYPBlog\blog-cms\node_modules\vue-loader\lib\index.js??vue-loader-options!D:\Java_project\HYPBlog\blog-cms\src\views\login\index.vue?vue&type=style&index=1&id=37dfd6fc&lang=scss&scoped=true
<s> [webpack.Progress] 53% building 364/407 modules 43 active D:\Java_project\HYPBlog\blog-cms\node_modules\vue-style-loader\index.js??ref--8-oneOf-1-0!D:\Java_project\HYPBlog\blog-cms\node_modules\css-loader\dist\cjs.js??ref--8-oneOf-1-1!D:\Java_project\HYPBlog\blog-cms\node_modules\vue-loader\lib\loaders\stylePostLoader.js!D:\Java_project\HYPBlog\blog-cms\node_modules\postcss-loader\src\index.js??ref--8-oneOf-1-2!D:\Java_project\HYPBlog\blog-cms\node_modules\sass-loader\dist\cjs.js??ref--8-oneOf-1-3!D:\Java_project\HYPBlog\blog-cms\node_modules\cache-loader\dist\cjs.js??ref--0-0!D:\Java_project\HYPBlog\blog-cms\node_modules\vue-loader\lib\index.js??vue-loader-options!D:\Java_project\HYPBlog\blog-cms\src\views\login\index.vue?vue&type=style&index=0&id=37dfd6fc&lang=scss
<s> [webpack.Progress] 53% building 365/407 modules 42 active D:\Java_project\HYPBlog\blog-cms\node_modules\css-loader\dist\cjs.js??ref--8-oneOf-1-1!D:\Java_project\HYPBlog\blog-cms\node_modules\vue-loader\lib\loaders\stylePostLoader.js!D:\Java_project\HYPBlog\blog-cms\node_modules\postcss-loader\src\index.js??ref--8-oneOf-1-2!D:\Java_project\HYPBlog\blog-cms\node_modules\sass-loader\dist\cjs.js??ref--8-oneOf-1-3!D:\Java_project\HYPBlog\blog-cms\node_modules\cache-loader\dist\cjs.js??ref--0-0!D:\Java_project\HYPBlog\blog-cms\node_modules\vue-loader\lib\index.js??vue-loader-options!D:\Java_project\HYPBlog\blog-cms\src\views\login\index.vue?vue&type=style&index=1&id=37dfd6fc&lang=scss&scoped=true
<s> [webpack.Progress] 53% building 365/408 modules 43 active D:\Java_project\HYPBlog\blog-cms\node_modules\css-loader\dist\cjs.js??ref--8-oneOf-1-1!D:\Java_project\HYPBlog\blog-cms\node_modules\vue-loader\lib\loaders\stylePostLoader.js!D:\Java_project\HYPBlog\blog-cms\node_modules\postcss-loader\src\index.js??ref--8-oneOf-1-2!D:\Java_project\HYPBlog\blog-cms\node_modules\sass-loader\dist\cjs.js??ref--8-oneOf-1-3!D:\Java_project\HYPBlog\blog-cms\node_modules\cache-loader\dist\cjs.js??ref--0-0!D:\Java_project\HYPBlog\blog-cms\node_modules\vue-loader\lib\index.js??vue-loader-options!D:\Java_project\HYPBlog\blog-cms\src\views\login\index.vue?vue&type=style&index=0&id=37dfd6fc&lang=scss
<s> [webpack.Progress] 53% building 365/409 modules 44 active D:\Java_project\HYPBlog\blog-cms\node_modules\cache-loader\dist\cjs.js??ref--0-0!D:\Java_project\HYPBlog\blog-cms\node_modules\vue-loader\lib\index.js??vue-loader-options!D:\Java_project\HYPBlog\blog-cms\src\components\DateTimeRangePicker.vue
<s> [webpack.Progress] 53% building 365/410 modules 45 active D:\Java_project\HYPBlog\blog-cms\node_modules\vue-loader\lib\loaders\pitcher.js??ref--4!D:\Java_project\HYPBlog\blog-cms\node_modules\cache-loader\dist\cjs.js??ref--12-0!D:\Java_project\HYPBlog\blog-cms\node_modules\babel-loader\lib\index.js!D:\Java_project\HYPBlog\blog-cms\node_modules\cache-loader\dist\cjs.js??ref--0-0!D:\Java_project\HYPBlog\blog-cms\node_modules\vue-loader\lib\index.js??vue-loader-options!D:\Java_project\HYPBlog\blog-cms\src\views\login\index.vue?vue&type=script&lang=js
<s> [webpack.Progress] 53% building 366/410 modules 44 active D:\Java_project\HYPBlog\blog-cms\node_modules\cache-loader\dist\cjs.js??ref--0-0!D:\Java_project\HYPBlog\blog-cms\node_modules\vue-loader\lib\index.js??vue-loader-options!D:\Java_project\HYPBlog\blog-cms\src\components\DateTimeRangePicker.vue
<s> [webpack.Progress] 53% building 366/411 modules 45 active D:\Java_project\HYPBlog\blog-cms\node_modules\cache-loader\dist\cjs.js??ref--12-0!D:\Java_project\HYPBlog\blog-cms\node_modules\babel-loader\lib\index.js!D:\Java_project\HYPBlog\blog-cms\node_modules\cache-loader\dist\cjs.js??ref--0-0!D:\Java_project\HYPBlog\blog-cms\node_modules\vue-loader\lib\index.js??vue-loader-options!D:\Java_project\HYPBlog\blog-cms\src\views\login\index.vue?vue&type=script&lang=js
<s> [webpack.Progress] 54% building 367/411 modules 44 active D:\Java_project\HYPBlog\blog-cms\node_modules\cache-loader\dist\cjs.js??ref--12-0!D:\Java_project\HYPBlog\blog-cms\node_modules\babel-loader\lib\index.js!D:\Java_project\HYPBlog\blog-cms\node_modules\cache-loader\dist\cjs.js??ref--0-0!D:\Java_project\HYPBlog\blog-cms\node_modules\vue-loader\lib\index.js??vue-loader-options!D:\Java_project\HYPBlog\blog-cms\src\views\login\index.vue?vue&type=script&lang=js
<s> [webpack.Progress] 54% building 367/412 modules 45 active D:\Java_project\HYPBlog\blog-cms\node_modules\vue-loader\lib\loaders\pitcher.js??ref--4!D:\Java_project\HYPBlog\blog-cms\node_modules\cache-loader\dist\cjs.js??ref--12-0!D:\Java_project\HYPBlog\blog-cms\node_modules\babel-loader\lib\index.js!D:\Java_project\HYPBlog\blog-cms\node_modules\cache-loader\dist\cjs.js??ref--0-0!D:\Java_project\HYPBlog\blog-cms\node_modules\vue-loader\lib\index.js??vue-loader-options!D:\Java_project\HYPBlog\blog-cms\src\views\pictureHosting\Setting.vue?vue&type=script&lang=js
<s> [webpack.Progress] 54% building 368/412 modules 44 active D:\Java_project\HYPBlog\blog-cms\node_modules\cache-loader\dist\cjs.js??ref--12-0!D:\Java_project\HYPBlog\blog-cms\node_modules\babel-loader\lib\index.js!D:\Java_project\HYPBlog\blog-cms\node_modules\cache-loader\dist\cjs.js??ref--0-0!D:\Java_project\HYPBlog\blog-cms\node_modules\vue-loader\lib\index.js??vue-loader-options!D:\Java_project\HYPBlog\blog-cms\src\views\login\index.vue?vue&type=script&lang=js
<s> [webpack.Progress] 54% building 368/413 modules 45 active D:\Java_project\HYPBlog\blog-cms\node_modules\cache-loader\dist\cjs.js??ref--12-0!D:\Java_project\HYPBlog\blog-cms\node_modules\babel-loader\lib\index.js!D:\Java_project\HYPBlog\blog-cms\node_modules\cache-loader\dist\cjs.js??ref--0-0!D:\Java_project\HYPBlog\blog-cms\node_modules\vue-loader\lib\index.js??vue-loader-options!D:\Java_project\HYPBlog\blog-cms\src\views\pictureHosting\Setting.vue?vue&type=script&lang=js
<s> [webpack.Progress] 54% building 369/413 modules 44 active D:\Java_project\HYPBlog\blog-cms\node_modules\cache-loader\dist\cjs.js??ref--12-0!D:\Java_project\HYPBlog\blog-cms\node_modules\babel-loader\lib\index.js!D:\Java_project\HYPBlog\blog-cms\node_modules\cache-loader\dist\cjs.js??ref--0-0!D:\Java_project\HYPBlog\blog-cms\node_modules\vue-loader\lib\index.js??vue-loader-options!D:\Java_project\HYPBlog\blog-cms\src\views\pictureHosting\Setting.vue?vue&type=script&lang=js
<s> [webpack.Progress] 54% building 369/414 modules 45 active D:\Java_project\HYPBlog\blog-cms\node_modules\vue-loader\lib\loaders\pitcher.js??ref--4!D:\Java_project\HYPBlog\blog-cms\node_modules\vue-style-loader\index.js??ref--8-oneOf-1-0!D:\Java_project\HYPBlog\blog-cms\node_modules\css-loader\dist\cjs.js??ref--8-oneOf-1-1!D:\Java_project\HYPBlog\blog-cms\node_modules\postcss-loader\src\index.js??ref--8-oneOf-1-2!D:\Java_project\HYPBlog\blog-cms\node_modules\sass-loader\dist\cjs.js??ref--8-oneOf-1-3!D:\Java_project\HYPBlog\blog-cms\node_modules\cache-loader\dist\cjs.js??ref--0-0!D:\Java_project\HYPBlog\blog-cms\node_modules\vue-loader\lib\index.js??vue-loader-options!D:\Java_project\HYPBlog\blog-cms\src\views\404.vue?vue&type=style&index=0&id=6b3aeb0e&lang=scss&scoped=true
<s> [webpack.Progress] 54% building 370/414 modules 44 active D:\Java_project\HYPBlog\blog-cms\node_modules\cache-loader\dist\cjs.js??ref--12-0!D:\Java_project\HYPBlog\blog-cms\node_modules\babel-loader\lib\index.js!D:\Java_project\HYPBlog\blog-cms\node_modules\cache-loader\dist\cjs.js??ref--0-0!D:\Java_project\HYPBlog\blog-cms\node_modules\vue-loader\lib\index.js??vue-loader-options!D:\Java_project\HYPBlog\blog-cms\src\views\pictureHosting\Setting.vue?vue&type=script&lang=js
<s> [webpack.Progress] 54% building 370/415 modules 45 active D:\Java_project\HYPBlog\blog-cms\node_modules\vue-style-loader\index.js??ref--8-oneOf-1-0!D:\Java_project\HYPBlog\blog-cms\node_modules\css-loader\dist\cjs.js??ref--8-oneOf-1-1!D:\Java_project\HYPBlog\blog-cms\node_modules\vue-loader\lib\loaders\stylePostLoader.js!D:\Java_project\HYPBlog\blog-cms\node_modules\postcss-loader\src\index.js??ref--8-oneOf-1-2!D:\Java_project\HYPBlog\blog-cms\node_modules\sass-loader\dist\cjs.js??ref--8-oneOf-1-3!D:\Java_project\HYPBlog\blog-cms\node_modules\cache-loader\dist\cjs.js??ref--0-0!D:\Java_project\HYPBlog\blog-cms\node_modules\vue-loader\lib\index.js??vue-loader-options!D:\Java_project\HYPBlog\blog-cms\src\views\404.vue?vue&type=style&index=0&id=6b3aeb0e&lang=scss&scoped=true
<s> [webpack.Progress] 54% building 371/415 modules 44 active D:\Java_project\HYPBlog\blog-cms\node_modules\cache-loader\dist\cjs.js??ref--12-0!D:\Java_project\HYPBlog\blog-cms\node_modules\babel-loader\lib\index.js!D:\Java_project\HYPBlog\blog-cms\node_modules\cache-loader\dist\cjs.js??ref--0-0!D:\Java_project\HYPBlog\blog-cms\node_modules\vue-loader\lib\index.js??vue-loader-options!D:\Java_project\HYPBlog\blog-cms\src\views\pictureHosting\Setting.vue?vue&type=script&lang=js
<s> [webpack.Progress] 54% building 371/416 modules 45 active D:\Java_project\HYPBlog\blog-cms\node_modules\css-loader\dist\cjs.js??ref--8-oneOf-1-1!D:\Java_project\HYPBlog\blog-cms\node_modules\vue-loader\lib\loaders\stylePostLoader.js!D:\Java_project\HYPBlog\blog-cms\node_modules\postcss-loader\src\index.js??ref--8-oneOf-1-2!D:\Java_project\HYPBlog\blog-cms\node_modules\sass-loader\dist\cjs.js??ref--8-oneOf-1-3!D:\Java_project\HYPBlog\blog-cms\node_modules\cache-loader\dist\cjs.js??ref--0-0!D:\Java_project\HYPBlog\blog-cms\node_modules\vue-loader\lib\index.js??vue-loader-options!D:\Java_project\HYPBlog\blog-cms\src\views\404.vue?vue&type=style&index=0&id=6b3aeb0e&lang=scss&scoped=true
<s> [webpack.Progress] 54% building 372/416 modules 44 active D:\Java_project\HYPBlog\blog-cms\node_modules\css-loader\dist\cjs.js??ref--8-oneOf-1-1!D:\Java_project\HYPBlog\blog-cms\node_modules\vue-loader\lib\loaders\stylePostLoader.js!D:\Java_project\HYPBlog\blog-cms\node_modules\postcss-loader\src\index.js??ref--8-oneOf-1-2!D:\Java_project\HYPBlog\blog-cms\node_modules\sass-loader\dist\cjs.js??ref--8-oneOf-1-3!D:\Java_project\HYPBlog\blog-cms\node_modules\cache-loader\dist\cjs.js??ref--0-0!D:\Java_project\HYPBlog\blog-cms\node_modules\vue-loader\lib\index.js??vue-loader-options!D:\Java_project\HYPBlog\blog-cms\src\views\404.vue?vue&type=style&index=0&id=6b3aeb0e&lang=scss&scoped=true
<s> [webpack.Progress] 54% building 373/416 modules 43 active D:\Java_project\HYPBlog\blog-cms\node_modules\css-loader\dist\cjs.js??ref--8-oneOf-1-1!D:\Java_project\HYPBlog\blog-cms\node_modules\vue-loader\lib\loaders\stylePostLoader.js!D:\Java_project\HYPBlog\blog-cms\node_modules\postcss-loader\src\index.js??ref--8-oneOf-1-2!D:\Java_project\HYPBlog\blog-cms\node_modules\sass-loader\dist\cjs.js??ref--8-oneOf-1-3!D:\Java_project\HYPBlog\blog-cms\node_modules\cache-loader\dist\cjs.js??ref--0-0!D:\Java_project\HYPBlog\blog-cms\node_modules\vue-loader\lib\index.js??vue-loader-options!D:\Java_project\HYPBlog\blog-cms\src\views\404.vue?vue&type=style&index=0&id=6b3aeb0e&lang=scss&scoped=true
<s> [webpack.Progress] 54% building 373/417 modules 44 active D:\Java_project\HYPBlog\blog-cms\node_modules\vue-loader\lib\loaders\pitcher.js??ref--4!D:\Java_project\HYPBlog\blog-cms\node_modules\cache-loader\dist\cjs.js??ref--12-0!D:\Java_project\HYPBlog\blog-cms\node_modules\babel-loader\lib\index.js!D:\Java_project\HYPBlog\blog-cms\node_modules\cache-loader\dist\cjs.js??ref--0-0!D:\Java_project\HYPBlog\blog-cms\node_modules\vue-loader\lib\index.js??vue-loader-options!D:\Java_project\HYPBlog\blog-cms\src\views\404.vue?vue&type=script&lang=js
<s> [webpack.Progress] 54% building 374/417 modules 43 active D:\Java_project\HYPBlog\blog-cms\node_modules\css-loader\dist\cjs.js??ref--8-oneOf-1-1!D:\Java_project\HYPBlog\blog-cms\node_modules\vue-loader\lib\loaders\stylePostLoader.js!D:\Java_project\HYPBlog\blog-cms\node_modules\postcss-loader\src\index.js??ref--8-oneOf-1-2!D:\Java_project\HYPBlog\blog-cms\node_modules\sass-loader\dist\cjs.js??ref--8-oneOf-1-3!D:\Java_project\HYPBlog\blog-cms\node_modules\cache-loader\dist\cjs.js??ref--0-0!D:\Java_project\HYPBlog\blog-cms\node_modules\vue-loader\lib\index.js??vue-loader-options!D:\Java_project\HYPBlog\blog-cms\src\views\404.vue?vue&type=style&index=0&id=6b3aeb0e&lang=scss&scoped=true
<s> [webpack.Progress] 54% building 374/418 modules 44 active D:\Java_project\HYPBlog\blog-cms\node_modules\cache-loader\dist\cjs.js??ref--12-0!D:\Java_project\HYPBlog\blog-cms\node_modules\babel-loader\lib\index.js!D:\Java_project\HYPBlog\blog-cms\node_modules\cache-loader\dist\cjs.js??ref--0-0!D:\Java_project\HYPBlog\blog-cms\node_modules\vue-loader\lib\index.js??vue-loader-options!D:\Java_project\HYPBlog\blog-cms\src\views\404.vue?vue&type=script&lang=js
<s> [webpack.Progress] 54% building 374/419 modules 45 active D:\Java_project\HYPBlog\blog-cms\node_modules\cache-loader\dist\cjs.js??ref--12-0!D:\Java_project\HYPBlog\blog-cms\node_modules\babel-loader\lib\index.js!D:\Java_project\HYPBlog\blog-cms\src\util\copy.js
<s> [webpack.Progress] 54% building 374/420 modules 46 active D:\Java_project\HYPBlog\blog-cms\node_modules\cache-loader\dist\cjs.js??ref--12-0!D:\Java_project\HYPBlog\blog-cms\node_modules\babel-loader\lib\index.js!D:\Java_project\HYPBlog\blog-cms\src\api\ExceptionLog.js
<s> [webpack.Progress] 54% building 375/420 modules 45 active D:\Java_project\HYPBlog\blog-cms\node_modules\cache-loader\dist\cjs.js??ref--12-0!D:\Java_project\HYPBlog\blog-cms\node_modules\babel-loader\lib\index.js!D:\Java_project\HYPBlog\blog-cms\src\api\ExceptionLog.js
<s> [webpack.Progress] 54% building 375/421 modules 46 active D:\Java_project\HYPBlog\blog-cms\node_modules\cache-loader\dist\cjs.js??ref--12-0!D:\Java_project\HYPBlog\blog-cms\node_modules\babel-loader\lib\index.js!D:\Java_project\HYPBlog\blog-cms\src\util\uuid.js
<s> [webpack.Progress] 55% building 376/421 modules 45 active D:\Java_project\HYPBlog\blog-cms\node_modules\cache-loader\dist\cjs.js??ref--12-0!D:\Java_project\HYPBlog\blog-cms\node_modules\babel-loader\lib\index.js!D:\Java_project\HYPBlog\blog-cms\src\util\uuid.js
<s> [webpack.Progress] 55% building 376/422 modules 46 active D:\Java_project\HYPBlog\blog-cms\node_modules\cache-loader\dist\cjs.js??ref--12-0!D:\Java_project\HYPBlog\blog-cms\node_modules\babel-loader\lib\index.js!D:\Java_project\HYPBlog\blog-cms\src\util\validate.js
<s> [webpack.Progress] 55% building 377/422 modules 45 active D:\Java_project\HYPBlog\blog-cms\node_modules\cache-loader\dist\cjs.js??ref--12-0!D:\Java_project\HYPBlog\blog-cms\node_modules\babel-loader\lib\index.js!D:\Java_project\HYPBlog\blog-cms\src\util\validate.js
<s> [webpack.Progress] 55% building 377/423 modules 46 active D:\Java_project\HYPBlog\blog-cms\node_modules\cache-loader\dist\cjs.js??ref--12-0!D:\Java_project\HYPBlog\blog-cms\node_modules\babel-loader\lib\index.js!D:\Java_project\HYPBlog\blog-cms\src\api\schedule.js
<s> [webpack.Progress] 55% building 377/424 modules 47 active D:\Java_project\HYPBlog\blog-cms\node_modules\cache-loader\dist\cjs.js??ref--12-0!D:\Java_project\HYPBlog\blog-cms\node_modules\babel-loader\lib\index.js!D:\Java_project\HYPBlog\blog-cms\src\api\upyun.js
<s> [webpack.Progress] 55% building 377/425 modules 48 active D:\Java_project\HYPBlog\blog-cms\node_modules\cache-loader\dist\cjs.js??ref--12-0!D:\Java_project\HYPBlog\blog-cms\node_modules\babel-loader\lib\index.js!D:\Java_project\HYPBlog\blog-cms\src\util\task-queue.js
<s> [webpack.Progress] 55% building 377/426 modules 49 active D:\Java_project\HYPBlog\blog-cms\node_modules\cache-loader\dist\cjs.js??ref--12-0!D:\Java_project\HYPBlog\blog-cms\node_modules\babel-loader\lib\index.js!D:\Java_project\HYPBlog\blog-cms\src\api\account.js
<s> [webpack.Progress] 55% building 377/427 modules 50 active D:\Java_project\HYPBlog\blog-cms\node_modules\cache-loader\dist\cjs.js??ref--12-0!D:\Java_project\HYPBlog\blog-cms\node_modules\babel-loader\lib\index.js!D:\Java_project\HYPBlog\blog-cms\src\api\about.js
<s> [webpack.Progress] 55% building 377/428 modules 51 active D:\Java_project\HYPBlog\blog-cms\node_modules\element-ui\lib\locale\format.js
<s> [webpack.Progress] 55% building 378/428 modules 50 active D:\Java_project\HYPBlog\blog-cms\node_modules\element-ui\lib\locale\format.js
<s> [webpack.Progress] 55% building 379/428 modules 49 active D:\Java_project\HYPBlog\blog-cms\node_modules\element-ui\lib\locale\format.js
<s> [webpack.Progress] 55% building 380/428 modules 48 active D:\Java_project\HYPBlog\blog-cms\node_modules\element-ui\lib\locale\format.js
<s> [webpack.Progress] 55% building 381/428 modules 47 active D:\Java_project\HYPBlog\blog-cms\node_modules\element-ui\lib\locale\format.js
<s> [webpack.Progress] 55% building 381/429 modules 48 active D:\Java_project\HYPBlog\blog-cms\node_modules\cache-loader\dist\cjs.js??ref--12-0!D:\Java_project\HYPBlog\blog-cms\node_modules\babel-loader\lib\index.js!D:\Java_project\HYPBlog\blog-cms\src\api\friend.js
<s> [webpack.Progress] 55% building 382/429 modules 47 active D:\Java_project\HYPBlog\blog-cms\node_modules\cache-loader\dist\cjs.js??ref--12-0!D:\Java_project\HYPBlog\blog-cms\node_modules\babel-loader\lib\index.js!D:\Java_project\HYPBlog\blog-cms\src\api\friend.js
<s> [webpack.Progress] 55% building 383/429 modules 46 active D:\Java_project\HYPBlog\blog-cms\node_modules\cache-loader\dist\cjs.js??ref--12-0!D:\Java_project\HYPBlog\blog-cms\node_modules\babel-loader\lib\index.js!D:\Java_project\HYPBlog\blog-cms\src\api\friend.js
<s> [webpack.Progress] 55% building 383/430 modules 47 active D:\Java_project\HYPBlog\blog-cms\node_modules\cache-loader\dist\cjs.js??ref--12-0!D:\Java_project\HYPBlog\blog-cms\node_modules\babel-loader\lib\index.js!D:\Java_project\HYPBlog\blog-cms\src\api\siteSetting.js
<s> [webpack.Progress] 55% building 383/431 modules 48 active D:\Java_project\HYPBlog\blog-cms\node_modules\element-ui\lib\utils\popup\popup-manager.js
<s> [webpack.Progress] 56% building 384/431 modules 47 active D:\Java_project\HYPBlog\blog-cms\node_modules\element-ui\lib\utils\popup\popup-manager.js
<s> [webpack.Progress] 56% building 385/431 modules 46 active D:\Java_project\HYPBlog\blog-cms\node_modules\element-ui\lib\utils\popup\popup-manager.js
<s> [webpack.Progress] 56% building 386/431 modules 45 active D:\Java_project\HYPBlog\blog-cms\node_modules\element-ui\lib\utils\popup\popup-manager.js
<s> [webpack.Progress] 56% building 387/431 modules 44 active D:\Java_project\HYPBlog\blog-cms\node_modules\element-ui\lib\utils\popup\popup-manager.js
<s> [webpack.Progress] 56% building 388/431 modules 43 active D:\Java_project\HYPBlog\blog-cms\node_modules\element-ui\lib\utils\popup\popup-manager.js
<s> [webpack.Progress] 56% building 388/432 modules 44 active D:\Java_project\HYPBlog\blog-cms\node_modules\moment\locale\ur.js
<s> [webpack.Progress] 56% building 389/432 modules 43 active D:\Java_project\HYPBlog\blog-cms\node_modules\moment\locale\ur.js
<s> [webpack.Progress] 56% building 389/433 modules 44 active D:\Java_project\HYPBlog\blog-cms\node_modules\moment\locale\uk.js
<s> [webpack.Progress] 56% building 389/434 modules 45 active D:\Java_project\HYPBlog\blog-cms\node_modules\moment\locale\ug-cn.js
<s> [webpack.Progress] 56% building 389/435 modules 46 active D:\Java_project\HYPBlog\blog-cms\node_modules\moment\locale\tzm.js
<s> [webpack.Progress] 56% building 390/435 modules 45 active D:\Java_project\HYPBlog\blog-cms\node_modules\moment\locale\tzm.js
<s> [webpack.Progress] 56% building 391/435 modules 44 active D:\Java_project\HYPBlog\blog-cms\node_modules\moment\locale\tzm.js
<s> [webpack.Progress] 57% building 392/435 modules 43 active D:\Java_project\HYPBlog\blog-cms\node_modules\moment\locale\tzm.js
<s> [webpack.Progress] 57% building 393/435 modules 42 active D:\Java_project\HYPBlog\blog-cms\node_modules\moment\locale\tzm.js
<s> [webpack.Progress] 57% building 394/435 modules 41 active D:\Java_project\HYPBlog\blog-cms\node_modules\moment\locale\tzm.js
<s> [webpack.Progress] 57% building 395/435 modules 40 active D:\Java_project\HYPBlog\blog-cms\node_modules\moment\locale\tzm.js
<s> [webpack.Progress] 57% building 396/435 modules 39 active D:\Java_project\HYPBlog\blog-cms\node_modules\moment\locale\tzm.js
<s> [webpack.Progress] 57% building 397/435 modules 38 active D:\Java_project\HYPBlog\blog-cms\node_modules\moment\locale\tzm.js
<s> [webpack.Progress] 57% building 397/436 modules 39 active D:\Java_project\HYPBlog\blog-cms\node_modules\cache-loader\dist\cjs.js??ref--12-0!D:\Java_project\HYPBlog\blog-cms\node_modules\babel-loader\lib\index.js!D:\Java_project\HYPBlog\blog-cms\src\api\github.js
<s> [webpack.Progress] 57% building 398/436 modules 38 active D:\Java_project\HYPBlog\blog-cms\node_modules\cache-loader\dist\cjs.js??ref--12-0!D:\Java_project\HYPBlog\blog-cms\node_modules\babel-loader\lib\index.js!D:\Java_project\HYPBlog\blog-cms\src\api\github.js
<s> [webpack.Progress] 57% building 399/436 modules 37 active D:\Java_project\HYPBlog\blog-cms\node_modules\cache-loader\dist\cjs.js??ref--12-0!D:\Java_project\HYPBlog\blog-cms\node_modules\babel-loader\lib\index.js!D:\Java_project\HYPBlog\blog-cms\src\api\github.js
<s> [webpack.Progress] 57% building 399/437 modules 38 active D:\Java_project\HYPBlog\blog-cms\node_modules\element-ui\lib\locale\lang\zh-CN.js
<s> [webpack.Progress] 57% building 400/437 modules 37 active D:\Java_project\HYPBlog\blog-cms\node_modules\element-ui\lib\locale\lang\zh-CN.js
<s> [webpack.Progress] 58% building 401/437 modules 36 active D:\Java_project\HYPBlog\blog-cms\node_modules\element-ui\lib\locale\lang\zh-CN.js
<s> [webpack.Progress] 58% building 402/437 modules 35 active D:\Java_project\HYPBlog\blog-cms\node_modules\element-ui\lib\locale\lang\zh-CN.js
<s> [webpack.Progress] 58% building 403/437 modules 34 active D:\Java_project\HYPBlog\blog-cms\node_modules\element-ui\lib\locale\lang\zh-CN.js
<s> [webpack.Progress] 58% building 404/437 modules 33 active D:\Java_project\HYPBlog\blog-cms\node_modules\element-ui\lib\locale\lang\zh-CN.js
<s> [webpack.Progress] 58% building 405/437 modules 32 active D:\Java_project\HYPBlog\blog-cms\node_modules\element-ui\lib\locale\lang\zh-CN.js
<s> [webpack.Progress] 58% building 406/437 modules 31 active D:\Java_project\HYPBlog\blog-cms\node_modules\element-ui\lib\locale\lang\zh-CN.js
<s> [webpack.Progress] 58% building 407/437 modules 30 active D:\Java_project\HYPBlog\blog-cms\node_modules\element-ui\lib\locale\lang\zh-CN.js
<s> [webpack.Progress] 58% building 408/437 modules 29 active D:\Java_project\HYPBlog\blog-cms\node_modules\element-ui\lib\locale\lang\zh-CN.js
<s> [webpack.Progress] 59% building 409/437 modules 28 active D:\Java_project\HYPBlog\blog-cms\node_modules\element-ui\lib\locale\lang\zh-CN.js
<s> [webpack.Progress] 59% building 410/437 modules 27 active D:\Java_project\HYPBlog\blog-cms\node_modules\element-ui\lib\locale\lang\zh-CN.js
<s> [webpack.Progress] 59% building 411/437 modules 26 active D:\Java_project\HYPBlog\blog-cms\node_modules\element-ui\lib\locale\lang\zh-CN.js
<s> [webpack.Progress] 59% building 412/437 modules 25 active D:\Java_project\HYPBlog\blog-cms\node_modules\element-ui\lib\locale\lang\zh-CN.js
<s> [webpack.Progress] 59% building 412/438 modules 26 active D:\Java_project\HYPBlog\blog-cms\node_modules\resize-observer-polyfill\dist\ResizeObserver.es.js
<s> [webpack.Progress] 59% building 413/438 modules 25 active D:\Java_project\HYPBlog\blog-cms\node_modules\resize-observer-polyfill\dist\ResizeObserver.es.js
<s> [webpack.Progress] 59% building 414/438 modules 24 active D:\Java_project\HYPBlog\blog-cms\node_modules\resize-observer-polyfill\dist\ResizeObserver.es.js
<s> [webpack.Progress] 59% building 415/438 modules 23 active D:\Java_project\HYPBlog\blog-cms\node_modules\resize-observer-polyfill\dist\ResizeObserver.es.js
<s> [webpack.Progress] 59% building 416/438 modules 22 active D:\Java_project\HYPBlog\blog-cms\node_modules\resize-observer-polyfill\dist\ResizeObserver.es.js
<s> [webpack.Progress] 60% building 417/438 modules 21 active D:\Java_project\HYPBlog\blog-cms\node_modules\resize-observer-polyfill\dist\ResizeObserver.es.js
<s> [webpack.Progress] 60% building 418/438 modules 20 active D:\Java_project\HYPBlog\blog-cms\node_modules\resize-observer-polyfill\dist\ResizeObserver.es.js
<s> [webpack.Progress] 60% building 418/439 modules 21 active D:\Java_project\HYPBlog\blog-cms\node_modules\vue-loader\lib\loaders\pitcher.js??ref--4!D:\Java_project\HYPBlog\blog-cms\node_modules\cache-loader\dist\cjs.js??ref--0-0!D:\Java_project\HYPBlog\blog-cms\node_modules\vue-loader\lib\index.js??vue-loader-options!D:\Java_project\HYPBlog\blog-cms\src\components\DateTimeRangePicker.vue?vue&type=template&id=5791d390&scoped=true
<s> [webpack.Progress] 60% building 419/439 modules 20 active D:\Java_project\HYPBlog\blog-cms\node_modules\resize-observer-polyfill\dist\ResizeObserver.es.js
<s> [webpack.Progress] 60% building 419/440 modules 21 active D:\Java_project\HYPBlog\blog-cms\node_modules\vue-loader\lib\loaders\pitcher.js??ref--4!D:\Java_project\HYPBlog\blog-cms\node_modules\cache-loader\dist\cjs.js??ref--12-0!D:\Java_project\HYPBlog\blog-cms\node_modules\babel-loader\lib\index.js!D:\Java_project\HYPBlog\blog-cms\node_modules\cache-loader\dist\cjs.js??ref--0-0!D:\Java_project\HYPBlog\blog-cms\node_modules\vue-loader\lib\index.js??vue-loader-options!D:\Java_project\HYPBlog\blog-cms\src\components\DateTimeRangePicker.vue?vue&type=script&lang=js
<s> [webpack.Progress] 60% building 420/440 modules 20 active D:\Java_project\HYPBlog\blog-cms\node_modules\resize-observer-polyfill\dist\ResizeObserver.es.js
<s> [webpack.Progress] 60% building 420/441 modules 21 active D:\Java_project\HYPBlog\blog-cms\node_modules\cache-loader\dist\cjs.js??ref--12-0!D:\Java_project\HYPBlog\blog-cms\node_modules\babel-loader\lib\index.js!D:\Java_project\HYPBlog\blog-cms\node_modules\cache-loader\dist\cjs.js??ref--0-0!D:\Java_project\HYPBlog\blog-cms\node_modules\vue-loader\lib\index.js??vue-loader-options!D:\Java_project\HYPBlog\blog-cms\src\components\DateTimeRangePicker.vue?vue&type=script&lang=js
<s> [webpack.Progress] 60% building 420/442 modules 22 active D:\Java_project\HYPBlog\blog-cms\node_modules\cache-loader\dist\cjs.js?{"cacheDirectory":"node_modules/.cache/vue-loader","cacheIdentifier":"b828289e-vue-loader-template"}!D:\Java_project\HYPBlog\blog-cms\node_modules\vue-loader\lib\loaders\templateLoader.js??vue-loader-options!D:\Java_project\HYPBlog\blog-cms\node_modules\cache-loader\dist\cjs.js??ref--0-0!D:\Java_project\HYPBlog\blog-cms\node_modules\vue-loader\lib\index.js??vue-loader-options!D:\Java_project\HYPBlog\blog-cms\src\components\DateTimeRangePicker.vue?vue&type=template&id=5791d390&scoped=true
<s> [webpack.Progress] 60% building 421/442 modules 21 active D:\Java_project\HYPBlog\blog-cms\node_modules\cache-loader\dist\cjs.js?{"cacheDirectory":"node_modules/.cache/vue-loader","cacheIdentifier":"b828289e-vue-loader-template"}!D:\Java_project\HYPBlog\blog-cms\node_modules\vue-loader\lib\loaders\templateLoader.js??vue-loader-options!D:\Java_project\HYPBlog\blog-cms\node_modules\cache-loader\dist\cjs.js??ref--0-0!D:\Java_project\HYPBlog\blog-cms\node_modules\vue-loader\lib\index.js??vue-loader-options!D:\Java_project\HYPBlog\blog-cms\src\components\DateTimeRangePicker.vue?vue&type=template&id=5791d390&scoped=true
<s> [webpack.Progress] 60% building 422/442 modules 20 active D:\Java_project\HYPBlog\blog-cms\node_modules\cache-loader\dist\cjs.js?{"cacheDirectory":"node_modules/.cache/vue-loader","cacheIdentifier":"b828289e-vue-loader-template"}!D:\Java_project\HYPBlog\blog-cms\node_modules\vue-loader\lib\loaders\templateLoader.js??vue-loader-options!D:\Java_project\HYPBlog\blog-cms\node_modules\cache-loader\dist\cjs.js??ref--0-0!D:\Java_project\HYPBlog\blog-cms\node_modules\vue-loader\lib\index.js??vue-loader-options!D:\Java_project\HYPBlog\blog-cms\src\components\DateTimeRangePicker.vue?vue&type=template&id=5791d390&scoped=true
<s> [webpack.Progress] 60% building 423/442 modules 19 active D:\Java_project\HYPBlog\blog-cms\node_modules\cache-loader\dist\cjs.js?{"cacheDirectory":"node_modules/.cache/vue-loader","cacheIdentifier":"b828289e-vue-loader-template"}!D:\Java_project\HYPBlog\blog-cms\node_modules\vue-loader\lib\loaders\templateLoader.js??vue-loader-options!D:\Java_project\HYPBlog\blog-cms\node_modules\cache-loader\dist\cjs.js??ref--0-0!D:\Java_project\HYPBlog\blog-cms\node_modules\vue-loader\lib\index.js??vue-loader-options!D:\Java_project\HYPBlog\blog-cms\src\components\DateTimeRangePicker.vue?vue&type=template&id=5791d390&scoped=true
<s> [webpack.Progress] 60% building 424/442 modules 18 active D:\Java_project\HYPBlog\blog-cms\node_modules\cache-loader\dist\cjs.js?{"cacheDirectory":"node_modules/.cache/vue-loader","cacheIdentifier":"b828289e-vue-loader-template"}!D:\Java_project\HYPBlog\blog-cms\node_modules\vue-loader\lib\loaders\templateLoader.js??vue-loader-options!D:\Java_project\HYPBlog\blog-cms\node_modules\cache-loader\dist\cjs.js??ref--0-0!D:\Java_project\HYPBlog\blog-cms\node_modules\vue-loader\lib\index.js??vue-loader-options!D:\Java_project\HYPBlog\blog-cms\src\components\DateTimeRangePicker.vue?vue&type=template&id=5791d390&scoped=true
<s> [webpack.Progress] 61% building 425/442 modules 17 active D:\Java_project\HYPBlog\blog-cms\node_modules\cache-loader\dist\cjs.js?{"cacheDirectory":"node_modules/.cache/vue-loader","cacheIdentifier":"b828289e-vue-loader-template"}!D:\Java_project\HYPBlog\blog-cms\node_modules\vue-loader\lib\loaders\templateLoader.js??vue-loader-options!D:\Java_project\HYPBlog\blog-cms\node_modules\cache-loader\dist\cjs.js??ref--0-0!D:\Java_project\HYPBlog\blog-cms\node_modules\vue-loader\lib\index.js??vue-loader-options!D:\Java_project\HYPBlog\blog-cms\src\components\DateTimeRangePicker.vue?vue&type=template&id=5791d390&scoped=true
<s> [webpack.Progress] 61% building 426/442 modules 16 active D:\Java_project\HYPBlog\blog-cms\node_modules\cache-loader\dist\cjs.js?{"cacheDirectory":"node_modules/.cache/vue-loader","cacheIdentifier":"b828289e-vue-loader-template"}!D:\Java_project\HYPBlog\blog-cms\node_modules\vue-loader\lib\loaders\templateLoader.js??vue-loader-options!D:\Java_project\HYPBlog\blog-cms\node_modules\cache-loader\dist\cjs.js??ref--0-0!D:\Java_project\HYPBlog\blog-cms\node_modules\vue-loader\lib\index.js??vue-loader-options!D:\Java_project\HYPBlog\blog-cms\src\components\DateTimeRangePicker.vue?vue&type=template&id=5791d390&scoped=true
<s> [webpack.Progress] 61% building 427/442 modules 15 active D:\Java_project\HYPBlog\blog-cms\node_modules\cache-loader\dist\cjs.js?{"cacheDirectory":"node_modules/.cache/vue-loader","cacheIdentifier":"b828289e-vue-loader-template"}!D:\Java_project\HYPBlog\blog-cms\node_modules\vue-loader\lib\loaders\templateLoader.js??vue-loader-options!D:\Java_project\HYPBlog\blog-cms\node_modules\cache-loader\dist\cjs.js??ref--0-0!D:\Java_project\HYPBlog\blog-cms\node_modules\vue-loader\lib\index.js??vue-loader-options!D:\Java_project\HYPBlog\blog-cms\src\components\DateTimeRangePicker.vue?vue&type=template&id=5791d390&scoped=true
<s> [webpack.Progress] 61% building 427/443 modules 16 active D:\Java_project\HYPBlog\blog-cms\node_modules\core-js\internals\get-built-in.js
<s> [webpack.Progress] 61% building 428/443 modules 15 active D:\Java_project\HYPBlog\blog-cms\node_modules\core-js\internals\get-built-in.js
<s> [webpack.Progress] 61% building 428/444 modules 16 active D:\Java_project\HYPBlog\blog-cms\node_modules\core-js\internals\iterate.js
<s> [webpack.Progress] 61% building 428/445 modules 17 active D:\Java_project\HYPBlog\blog-cms\node_modules\core-js\internals\object-get-own-property-names.js
<s> [webpack.Progress] 61% building 428/446 modules 18 active D:\Java_project\HYPBlog\blog-cms\node_modules\core-js\internals\object-get-own-property-symbols.js
<s> [webpack.Progress] 61% building 428/447 modules 19 active D:\Java_project\HYPBlog\blog-cms\node_modules\core-js\internals\require-object-coercible.js
<s> [webpack.Progress] 61% building 428/448 modules 20 active D:\Java_project\HYPBlog\blog-cms\node_modules\core-js\internals\indexed-object.js
<s> [webpack.Progress] 61% building 428/449 modules 21 active D:\Java_project\HYPBlog\blog-cms\src\util\city2coord.json
<s> [webpack.Progress] 61% building 429/449 modules 20 active D:\Java_project\HYPBlog\blog-cms\src\util\city2coord.json
<s> [webpack.Progress] 61% building 430/449 modules 19 active D:\Java_project\HYPBlog\blog-cms\src\util\city2coord.json
<s> [webpack.Progress] 61% building 431/449 modules 18 active D:\Java_project\HYPBlog\blog-cms\src\util\city2coord.json
<s> [webpack.Progress] 61% building 432/449 modules 17 active D:\Java_project\HYPBlog\blog-cms\src\util\city2coord.json
<s> [webpack.Progress] 61% building 433/449 modules 16 active D:\Java_project\HYPBlog\blog-cms\src\util\city2coord.json
<s> [webpack.Progress] 62% building 434/449 modules 15 active D:\Java_project\HYPBlog\blog-cms\src\util\city2coord.json
<s> [webpack.Progress] 62% building 434/450 modules 16 active D:\Java_project\HYPBlog\blog-cms\node_modules\url\node_modules\qs\lib\parse.js
<s> [webpack.Progress] 62% building 434/451 modules 17 active D:\Java_project\HYPBlog\blog-cms\node_modules\cache-loader\dist\cjs.js??ref--12-0!D:\Java_project\HYPBlog\blog-cms\node_modules\babel-loader\lib\index.js!D:\Java_project\HYPBlog\blog-cms\src\api\loginLog.js
<s> [webpack.Progress] 62% building 434/452 modules 18 active D:\Java_project\HYPBlog\blog-cms\node_modules\cache-loader\dist\cjs.js??ref--12-0!D:\Java_project\HYPBlog\blog-cms\node_modules\babel-loader\lib\index.js!D:\Java_project\HYPBlog\blog-cms\src\api\operationLog.js
<s> [webpack.Progress] 62% building 435/452 modules 17 active D:\Java_project\HYPBlog\blog-cms\node_modules\cache-loader\dist\cjs.js??ref--12-0!D:\Java_project\HYPBlog\blog-cms\node_modules\babel-loader\lib\index.js!D:\Java_project\HYPBlog\blog-cms\src\api\operationLog.js
<s> [webpack.Progress] 62% building 436/452 modules 16 active D:\Java_project\HYPBlog\blog-cms\node_modules\cache-loader\dist\cjs.js??ref--12-0!D:\Java_project\HYPBlog\blog-cms\node_modules\babel-loader\lib\index.js!D:\Java_project\HYPBlog\blog-cms\src\api\operationLog.js
<s> [webpack.Progress] 62% building 437/452 modules 15 active D:\Java_project\HYPBlog\blog-cms\node_modules\cache-loader\dist\cjs.js??ref--12-0!D:\Java_project\HYPBlog\blog-cms\node_modules\babel-loader\lib\index.js!D:\Java_project\HYPBlog\blog-cms\src\api\operationLog.js
<s> [webpack.Progress] 62% building 437/453 modules 16 active D:\Java_project\HYPBlog\blog-cms\node_modules\moment\locale\tzm-latn.js
<s> [webpack.Progress] 62% building 437/454 modules 17 active D:\Java_project\HYPBlog\blog-cms\node_modules\core-js\internals\object-keys.js
<s> [webpack.Progress] 62% building 437/455 modules 18 active D:\Java_project\HYPBlog\blog-cms\node_modules\async-validator\es\messages.js
<s> [webpack.Progress] 62% building 437/456 modules 19 active D:\Java_project\HYPBlog\blog-cms\node_modules\lodash\lodash.js
<s> [webpack.Progress] 62% building 438/456 modules 18 active D:\Java_project\HYPBlog\blog-cms\node_modules\async-validator\es\messages.js
<s> [webpack.Progress] 62% building 439/456 modules 17 active D:\Java_project\HYPBlog\blog-cms\node_modules\async-validator\es\messages.js
<s> [webpack.Progress] 62% building 439/457 modules 18 active D:\Java_project\HYPBlog\blog-cms\node_modules\moment\locale\tzl.js
<s> [webpack.Progress] 62% building 439/458 modules 19 active D:\Java_project\HYPBlog\blog-cms\node_modules\moment\locale\tr.js
<s> [webpack.Progress] 62% building 440/458 modules 18 active D:\Java_project\HYPBlog\blog-cms\node_modules\moment\locale\tr.js
<s> [webpack.Progress] 62% building 441/458 modules 17 active D:\Java_project\HYPBlog\blog-cms\node_modules\moment\locale\tr.js
<s> [webpack.Progress] 62% building 441/459 modules 18 active D:\Java_project\HYPBlog\blog-cms\node_modules\cache-loader\dist\cjs.js??ref--12-0!D:\Java_project\HYPBlog\blog-cms\node_modules\babel-loader\lib\index.js!D:\Java_project\HYPBlog\blog-cms\src\util\request.js
<s> [webpack.Progress] 63% building 442/459 modules 17 active D:\Java_project\HYPBlog\blog-cms\node_modules\cache-loader\dist\cjs.js??ref--12-0!D:\Java_project\HYPBlog\blog-cms\node_modules\babel-loader\lib\index.js!D:\Java_project\HYPBlog\blog-cms\src\util\request.js
<s> [webpack.Progress] 63% building 443/459 modules 16 active D:\Java_project\HYPBlog\blog-cms\node_modules\cache-loader\dist\cjs.js??ref--12-0!D:\Java_project\HYPBlog\blog-cms\node_modules\babel-loader\lib\index.js!D:\Java_project\HYPBlog\blog-cms\src\util\request.js
<s> [webpack.Progress] 63% building 444/459 modules 15 active D:\Java_project\HYPBlog\blog-cms\node_modules\cache-loader\dist\cjs.js??ref--12-0!D:\Java_project\HYPBlog\blog-cms\node_modules\babel-loader\lib\index.js!D:\Java_project\HYPBlog\blog-cms\src\util\request.js
<s> [webpack.Progress] 63% building 445/459 modules 14 active D:\Java_project\HYPBlog\blog-cms\node_modules\cache-loader\dist\cjs.js??ref--12-0!D:\Java_project\HYPBlog\blog-cms\node_modules\babel-loader\lib\index.js!D:\Java_project\HYPBlog\blog-cms\src\util\request.js
<s> [webpack.Progress] 63% building 446/459 modules 13 active D:\Java_project\HYPBlog\blog-cms\node_modules\cache-loader\dist\cjs.js??ref--12-0!D:\Java_project\HYPBlog\blog-cms\node_modules\babel-loader\lib\index.js!D:\Java_project\HYPBlog\blog-cms\src\util\request.js
<s> [webpack.Progress] 63% building 447/459 modules 12 active D:\Java_project\HYPBlog\blog-cms\node_modules\cache-loader\dist\cjs.js??ref--12-0!D:\Java_project\HYPBlog\blog-cms\node_modules\babel-loader\lib\index.js!D:\Java_project\HYPBlog\blog-cms\src\util\request.js
<s> [webpack.Progress] 63% building 447/460 modules 13 active D:\Java_project\HYPBlog\blog-cms\node_modules\async-validator\es\util.js
<s> [webpack.Progress] 63% building 448/460 modules 12 active D:\Java_project\HYPBlog\blog-cms\node_modules\async-validator\es\util.js
<s> [webpack.Progress] 63% building 448/461 modules 13 active D:\Java_project\HYPBlog\blog-cms\node_modules\moment\locale\tlh.js
<s> [webpack.Progress] 63% building 448/462 modules 14 active D:\Java_project\HYPBlog\blog-cms\node_modules\cache-loader\dist\cjs.js??ref--12-0!D:\Java_project\HYPBlog\blog-cms\node_modules\babel-loader\lib\index.js!D:\Java_project\HYPBlog\blog-cms\src\api\dashboard.js
<s> [webpack.Progress] 63% building 449/462 modules 13 active D:\Java_project\HYPBlog\blog-cms\node_modules\cache-loader\dist\cjs.js??ref--12-0!D:\Java_project\HYPBlog\blog-cms\node_modules\babel-loader\lib\index.js!D:\Java_project\HYPBlog\blog-cms\src\api\dashboard.js
<s> [webpack.Progress] 63% building 449/463 modules 14 active D:\Java_project\HYPBlog\blog-cms\node_modules\moment\locale\tl-ph.js
<s> [webpack.Progress] 64% building 450/463 modules 13 active D:\Java_project\HYPBlog\blog-cms\node_modules\moment\locale\tl-ph.js
<s> [webpack.Progress] 64% building 450/464 modules 14 active D:\Java_project\HYPBlog\blog-cms\node_modules\cache-loader\dist\cjs.js??ref--12-0!D:\Java_project\HYPBlog\blog-cms\node_modules\babel-loader\lib\index.js!D:\Java_project\HYPBlog\blog-cms\src\api\login.js
<s> [webpack.Progress] 64% building 451/464 modules 13 active D:\Java_project\HYPBlog\blog-cms\node_modules\cache-loader\dist\cjs.js??ref--12-0!D:\Java_project\HYPBlog\blog-cms\node_modules\babel-loader\lib\index.js!D:\Java_project\HYPBlog\blog-cms\src\api\login.js
<s> [webpack.Progress] 64% building 451/465 modules 14 active D:\Java_project\HYPBlog\blog-cms\node_modules\moment\locale\tk.js
<s> [webpack.Progress] 64% building 451/466 modules 15 active D:\Java_project\HYPBlog\blog-cms\node_modules\moment\locale\th.js
<s> [webpack.Progress] 64% building 451/467 modules 16 active D:\Java_project\HYPBlog\blog-cms\node_modules\moment\locale\tg.js
<s> [webpack.Progress] 64% building 451/468 modules 17 active D:\Java_project\HYPBlog\blog-cms\node_modules\moment\locale\tet.js
<s> [webpack.Progress] 64% building 451/469 modules 18 active D:\Java_project\HYPBlog\blog-cms\node_modules\moment\locale\te.js
<s> [webpack.Progress] 64% building 451/470 modules 19 active D:\Java_project\HYPBlog\blog-cms\node_modules\moment\locale\ta.js
<s> [webpack.Progress] 64% building 451/471 modules 20 active D:\Java_project\HYPBlog\blog-cms\node_modules\cache-loader\dist\cjs.js??ref--12-0!D:\Java_project\HYPBlog\blog-cms\node_modules\babel-loader\lib\index.js!D:\Java_project\HYPBlog\blog-cms\src\layout\mixin\ResizeHandler.js
<s> [webpack.Progress] 64% building 451/472 modules 21 active D:\Java_project\HYPBlog\blog-cms\node_modules\async-validator\es\validator\index.js
<s> [webpack.Progress] 64% building 452/472 modules 20 active D:\Java_project\HYPBlog\blog-cms\node_modules\async-validator\es\validator\index.js
<s> [webpack.Progress] 64% building 453/472 modules 19 active D:\Java_project\HYPBlog\blog-cms\node_modules\async-validator\es\validator\index.js
<s> [webpack.Progress] 64% building 454/472 modules 18 active D:\Java_project\HYPBlog\blog-cms\node_modules\async-validator\es\validator\index.js
<s> [webpack.Progress] 64% building 454/473 modules 19 active D:\Java_project\HYPBlog\blog-cms\node_modules\vue-style-loader\index.js??ref--6-oneOf-3-0!D:\Java_project\HYPBlog\blog-cms\node_modules\css-loader\dist\cjs.js??ref--6-oneOf-3-1!D:\Java_project\HYPBlog\blog-cms\node_modules\postcss-loader\src\index.js??ref--6-oneOf-3-2!D:\Java_project\HYPBlog\blog-cms\node_modules\nprogress\nprogress.css
<s> [webpack.Progress] 64% building 455/473 modules 18 active D:\Java_project\HYPBlog\blog-cms\node_modules\async-validator\es\validator\index.js
<s> [webpack.Progress] 64% building 455/474 modules 19 active D:\Java_project\HYPBlog\blog-cms\node_modules\css-loader\dist\cjs.js??ref--6-oneOf-3-1!D:\Java_project\HYPBlog\blog-cms\node_modules\postcss-loader\src\index.js??ref--6-oneOf-3-2!D:\Java_project\HYPBlog\blog-cms\node_modules\nprogress\nprogress.css
<s> [webpack.Progress] 64% building 456/474 modules 18 active D:\Java_project\HYPBlog\blog-cms\node_modules\css-loader\dist\cjs.js??ref--6-oneOf-3-1!D:\Java_project\HYPBlog\blog-cms\node_modules\postcss-loader\src\index.js??ref--6-oneOf-3-2!D:\Java_project\HYPBlog\blog-cms\node_modules\nprogress\nprogress.css
<s> [webpack.Progress] 64% building 457/474 modules 17 active D:\Java_project\HYPBlog\blog-cms\node_modules\css-loader\dist\cjs.js??ref--6-oneOf-3-1!D:\Java_project\HYPBlog\blog-cms\node_modules\postcss-loader\src\index.js??ref--6-oneOf-3-2!D:\Java_project\HYPBlog\blog-cms\node_modules\nprogress\nprogress.css
<s> [webpack.Progress] 64% building 457/475 modules 18 active D:\Java_project\HYPBlog\blog-cms\node_modules\url\node_modules\qs\lib\utils.js
<s> [webpack.Progress] 64% building 457/476 modules 19 active D:\Java_project\HYPBlog\blog-cms\node_modules\moment\locale\sw.js
<s> [webpack.Progress] 64% building 457/477 modules 20 active D:\Java_project\HYPBlog\blog-cms\node_modules\svg-sprite-loader\runtime\browser-sprite.build.js
<s> [webpack.Progress] 64% building 457/478 modules 21 active D:\Java_project\HYPBlog\blog-cms\node_modules\moment\locale\sv.js
<s> [webpack.Progress] 64% building 458/478 modules 20 active D:\Java_project\HYPBlog\blog-cms\node_modules\moment\locale\sv.js
<s> [webpack.Progress] 64% building 458/479 modules 21 active D:\Java_project\HYPBlog\blog-cms\node_modules\moment\locale\ss.js
<s> [webpack.Progress] 64% building 458/480 modules 22 active D:\Java_project\HYPBlog\blog-cms\node_modules\moment\locale\sr.js
<s> [webpack.Progress] 64% building 458/481 modules 23 active D:\Java_project\HYPBlog\blog-cms\node_modules\moment\locale\sr-cyrl.js
<s> [webpack.Progress] 65% building 459/481 modules 22 active D:\Java_project\HYPBlog\blog-cms\node_modules\moment\locale\sr-cyrl.js
<s> [webpack.Progress] 65% building 460/481 modules 21 active D:\Java_project\HYPBlog\blog-cms\node_modules\moment\locale\sr-cyrl.js
<s> [webpack.Progress] 65% building 461/481 modules 20 active D:\Java_project\HYPBlog\blog-cms\node_modules\moment\locale\sr-cyrl.js
<s> [webpack.Progress] 65% building 461/482 modules 21 active D:\Java_project\HYPBlog\blog-cms\node_modules\svg-baker-runtime\browser-symbol.js
<s> [webpack.Progress] 65% building 461/483 modules 22 active D:\Java_project\HYPBlog\blog-cms\node_modules\moment\locale\sq.js
<s> [webpack.Progress] 65% building 462/483 modules 21 active D:\Java_project\HYPBlog\blog-cms\node_modules\moment\locale\sq.js
<s> [webpack.Progress] 65% building 463/483 modules 20 active D:\Java_project\HYPBlog\blog-cms\node_modules\moment\locale\sq.js
<s> [webpack.Progress] 65% building 463/484 modules 21 active D:\Java_project\HYPBlog\blog-cms\node_modules\moment\locale\sl.js
<s> [webpack.Progress] 65% building 463/485 modules 22 active D:\Java_project\HYPBlog\blog-cms\node_modules\moment\locale\sk.js
<s> [webpack.Progress] 65% building 463/486 modules 23 active D:\Java_project\HYPBlog\blog-cms\node_modules\moment\locale\si.js
<s> [webpack.Progress] 65% building 463/487 modules 24 active D:\Java_project\HYPBlog\blog-cms\node_modules\babel-runtime\helpers\extends.js
<s> [webpack.Progress] 65% building 463/488 modules 25 active D:\Java_project\HYPBlog\blog-cms\node_modules\babel-runtime\helpers\typeof.js
<s> [webpack.Progress] 65% building 463/489 modules 26 active D:\Java_project\HYPBlog\blog-cms\node_modules\moment\locale\se.js
<s> [webpack.Progress] 65% building 463/490 modules 27 active D:\Java_project\HYPBlog\blog-cms\node_modules\moment\locale\sd.js
<s> [webpack.Progress] 65% building 463/491 modules 28 active D:\Java_project\HYPBlog\blog-cms\node_modules\moment\locale\ru.js
<s> [webpack.Progress] 65% building 464/491 modules 27 active D:\Java_project\HYPBlog\blog-cms\node_modules\moment\locale\ru.js
<s> [webpack.Progress] 65% building 465/491 modules 26 active D:\Java_project\HYPBlog\blog-cms\node_modules\moment\locale\ru.js
<s> [webpack.Progress] 65% building 466/491 modules 25 active D:\Java_project\HYPBlog\blog-cms\node_modules\moment\locale\ru.js
<s> [webpack.Progress] 66% building 467/491 modules 24 active D:\Java_project\HYPBlog\blog-cms\node_modules\moment\locale\ru.js
<s> [webpack.Progress] 66% building 468/491 modules 23 active D:\Java_project\HYPBlog\blog-cms\node_modules\moment\locale\ru.js
<s> [webpack.Progress] 66% building 468/492 modules 24 active D:\Java_project\HYPBlog\blog-cms\node_modules\cache-loader\dist\cjs.js??ref--0-0!D:\Java_project\HYPBlog\blog-cms\node_modules\vue-loader\lib\index.js??vue-loader-options!D:\Java_project\HYPBlog\blog-cms\src\components\Breadcrumb\index.vue
<s> [webpack.Progress] 66% building 469/492 modules 23 active D:\Java_project\HYPBlog\blog-cms\node_modules\cache-loader\dist\cjs.js??ref--0-0!D:\Java_project\HYPBlog\blog-cms\node_modules\vue-loader\lib\index.js??vue-loader-options!D:\Java_project\HYPBlog\blog-cms\src\components\Breadcrumb\index.vue
<s> [webpack.Progress] 66% building 470/492 modules 22 active D:\Java_project\HYPBlog\blog-cms\node_modules\cache-loader\dist\cjs.js??ref--0-0!D:\Java_project\HYPBlog\blog-cms\node_modules\vue-loader\lib\index.js??vue-loader-options!D:\Java_project\HYPBlog\blog-cms\src\components\Breadcrumb\index.vue
<s> [webpack.Progress] 66% building 471/492 modules 21 active D:\Java_project\HYPBlog\blog-cms\node_modules\cache-loader\dist\cjs.js??ref--0-0!D:\Java_project\HYPBlog\blog-cms\node_modules\vue-loader\lib\index.js??vue-loader-options!D:\Java_project\HYPBlog\blog-cms\src\components\Breadcrumb\index.vue
<s> [webpack.Progress] 66% building 471/493 modules 22 active D:\Java_project\HYPBlog\blog-cms\node_modules\moment\locale\ro.js
<s> [webpack.Progress] 66% building 471/494 modules 23 active D:\Java_project\HYPBlog\blog-cms\node_modules\moment\locale\pt.js
<s> [webpack.Progress] 66% building 471/495 modules 24 active D:\Java_project\HYPBlog\blog-cms\node_modules\moment\locale\pt-br.js
<s> [webpack.Progress] 66% building 471/496 modules 25 active D:\Java_project\HYPBlog\blog-cms\node_modules\moment\locale\pl.js
<s> [webpack.Progress] 66% building 471/497 modules 26 active D:\Java_project\HYPBlog\blog-cms\node_modules\cos-js-sdk-v5\dist\cos-js-sdk-v5.js
<s> [webpack.Progress] 66% building 471/498 modules 27 active D:\Java_project\HYPBlog\blog-cms\node_modules\core-js\internals\object-keys-internal.js
<s> [webpack.Progress] 66% building 471/499 modules 28 active D:\Java_project\HYPBlog\blog-cms\node_modules\echarts\map\js\china.js
<s> [webpack.Progress] 66% building 472/499 modules 27 active D:\Java_project\HYPBlog\blog-cms\node_modules\echarts\map\js\china.js
<s> [webpack.Progress] 66% building 472/500 modules 28 active D:\Java_project\HYPBlog\blog-cms\node_modules\moment\locale\pa-in.js
<s> [webpack.Progress] 66% building 472/501 modules 29 active D:\Java_project\HYPBlog\blog-cms\node_modules\moment\locale\nn.js
<s> [webpack.Progress] 66% building 472/502 modules 30 active D:\Java_project\HYPBlog\blog-cms\node_modules\moment\locale\oc-lnc.js
<s> [webpack.Progress] 66% building 472/503 modules 31 active D:\Java_project\HYPBlog\blog-cms\node_modules\moment\locale\nl.js
<s> [webpack.Progress] 66% building 472/504 modules 32 active D:\Java_project\HYPBlog\blog-cms\node_modules\moment\locale\nl-be.js
<s> [webpack.Progress] 66% building 472/505 modules 33 active D:\Java_project\HYPBlog\blog-cms\node_modules\moment\locale\ne.js
<s> [webpack.Progress] 65% building 472/506 modules 34 active D:\Java_project\HYPBlog\blog-cms\node_modules\core-js\internals\get-iterator-method.js
<s> [webpack.Progress] 65% building 472/507 modules 35 active D:\Java_project\HYPBlog\blog-cms\node_modules\core-js\internals\function-bind-context.js
<s> [webpack.Progress] 65% building 473/507 modules 34 active D:\Java_project\HYPBlog\blog-cms\node_modules\core-js\internals\function-bind-context.js
<s> [webpack.Progress] 66% building 474/507 modules 33 active D:\Java_project\HYPBlog\blog-cms\node_modules\core-js\internals\function-bind-context.js
<s> [webpack.Progress] 65% building 474/508 modules 34 active D:\Java_project\HYPBlog\blog-cms\node_modules\core-js\internals\classof-raw.js
<s> [webpack.Progress] 66% building 475/508 modules 33 active D:\Java_project\HYPBlog\blog-cms\node_modules\core-js\internals\classof-raw.js
<s> [webpack.Progress] 65% building 475/509 modules 34 active D:\Java_project\HYPBlog\blog-cms\node_modules\moment\locale\nb.js
<s> [webpack.Progress] 65% building 475/510 modules 35 active D:\Java_project\HYPBlog\blog-cms\node_modules\moment\locale\my.js
<s> [webpack.Progress] 65% building 475/511 modules 36 active D:\Java_project\HYPBlog\blog-cms\node_modules\core-js\internals\to-length.js
<s> [webpack.Progress] 65% building 476/511 modules 35 active D:\Java_project\HYPBlog\blog-cms\node_modules\core-js\internals\to-length.js
<s> [webpack.Progress] 65% building 476/512 modules 36 active D:\Java_project\HYPBlog\blog-cms\node_modules\moment\locale\mt.js
<s> [webpack.Progress] 65% building 476/513 modules 37 active D:\Java_project\HYPBlog\blog-cms\node_modules\moment\locale\ms.js
<s> [webpack.Progress] 65% building 476/514 modules 38 active D:\Java_project\HYPBlog\blog-cms\node_modules\moment\locale\ms-my.js
<s> [webpack.Progress] 65% building 476/515 modules 39 active D:\Java_project\HYPBlog\blog-cms\node_modules\core-js\internals\is-array-iterator-method.js
<s> [webpack.Progress] 65% building 476/516 modules 40 active D:\Java_project\HYPBlog\blog-cms\node_modules\moment\locale\mr.js
<s> [webpack.Progress] 65% building 476/517 modules 41 active D:\Java_project\HYPBlog\blog-cms\node_modules\moment\locale\ml.js
<s> [webpack.Progress] 65% building 476/518 modules 42 active D:\Java_project\HYPBlog\blog-cms\node_modules\moment\locale\mn.js
<s> [webpack.Progress] 65% building 476/519 modules 43 active D:\Java_project\HYPBlog\blog-cms\node_modules\moment\locale\mk.js
<s> [webpack.Progress] 64% building 476/520 modules 44 active D:\Java_project\HYPBlog\blog-cms\node_modules\moment\locale\me.js
<s> [webpack.Progress] 64% building 476/521 modules 45 active D:\Java_project\HYPBlog\blog-cms\node_modules\moment\locale\mi.js
<s> [webpack.Progress] 64% building 476/522 modules 46 active D:\Java_project\HYPBlog\blog-cms\node_modules\moment\locale\lv.js
<s> [webpack.Progress] 64% building 476/523 modules 47 active D:\Java_project\HYPBlog\blog-cms\node_modules\moment\locale\lt.js
<s> [webpack.Progress] 64% building 476/524 modules 48 active D:\Java_project\HYPBlog\blog-cms\node_modules\moment\locale\lo.js
<s> [webpack.Progress] 64% building 477/524 modules 47 active D:\Java_project\HYPBlog\blog-cms\node_modules\moment\locale\lo.js
<s> [webpack.Progress] 64% building 478/524 modules 46 active D:\Java_project\HYPBlog\blog-cms\node_modules\moment\locale\lo.js
<s> [webpack.Progress] 64% building 479/524 modules 45 active D:\Java_project\HYPBlog\blog-cms\node_modules\moment\locale\lo.js
<s> [webpack.Progress] 64% building 479/525 modules 46 active D:\Java_project\HYPBlog\blog-cms\node_modules\deepmerge\dist\cjs.js
<s> [webpack.Progress] 64% building 480/525 modules 45 active D:\Java_project\HYPBlog\blog-cms\node_modules\deepmerge\dist\cjs.js
<s> [webpack.Progress] 64% building 481/525 modules 44 active D:\Java_project\HYPBlog\blog-cms\node_modules\deepmerge\dist\cjs.js
<s> [webpack.Progress] 65% building 482/525 modules 43 active D:\Java_project\HYPBlog\blog-cms\node_modules\deepmerge\dist\cjs.js
<s> [webpack.Progress] 65% building 483/525 modules 42 active D:\Java_project\HYPBlog\blog-cms\node_modules\deepmerge\dist\cjs.js
<s> [webpack.Progress] 65% building 484/525 modules 41 active D:\Java_project\HYPBlog\blog-cms\node_modules\deepmerge\dist\cjs.js
<s> [webpack.Progress] 65% building 485/525 modules 40 active D:\Java_project\HYPBlog\blog-cms\node_modules\deepmerge\dist\cjs.js
<s> [webpack.Progress] 65% building 486/525 modules 39 active D:\Java_project\HYPBlog\blog-cms\node_modules\deepmerge\dist\cjs.js
<s> [webpack.Progress] 65% building 487/525 modules 38 active D:\Java_project\HYPBlog\blog-cms\node_modules\deepmerge\dist\cjs.js
<s> [webpack.Progress] 65% building 488/525 modules 37 active D:\Java_project\HYPBlog\blog-cms\node_modules\deepmerge\dist\cjs.js
<s> [webpack.Progress] 65% building 489/525 modules 36 active D:\Java_project\HYPBlog\blog-cms\node_modules\deepmerge\dist\cjs.js
<s> [webpack.Progress] 65% building 490/525 modules 35 active D:\Java_project\HYPBlog\blog-cms\node_modules\deepmerge\dist\cjs.js
<s> [webpack.Progress] 65% building 490/526 modules 36 active D:\Java_project\HYPBlog\blog-cms\node_modules\moment\locale\lb.js
<s> [webpack.Progress] 65% building 490/527 modules 37 active D:\Java_project\HYPBlog\blog-cms\node_modules\moment\locale\ky.js
<s> [webpack.Progress] 65% building 490/528 modules 38 active D:\Java_project\HYPBlog\blog-cms\node_modules\moment\locale\ku.js
<s> [webpack.Progress] 65% building 491/528 modules 37 active D:\Java_project\HYPBlog\blog-cms\node_modules\moment\locale\ku.js
<s> [webpack.Progress] 65% building 492/528 modules 36 active D:\Java_project\HYPBlog\blog-cms\node_modules\moment\locale\ku.js
<s> [webpack.Progress] 66% building 493/528 modules 35 active D:\Java_project\HYPBlog\blog-cms\node_modules\moment\locale\ku.js
<s> [webpack.Progress] 65% building 493/529 modules 36 active D:\Java_project\HYPBlog\blog-cms\node_modules\vue-loader\lib\loaders\pitcher.js??ref--4!D:\Java_project\HYPBlog\blog-cms\node_modules\cache-loader\dist\cjs.js??ref--0-0!D:\Java_project\HYPBlog\blog-cms\node_modules\vue-loader\lib\index.js??vue-loader-options!D:\Java_project\HYPBlog\blog-cms\src\components\Breadcrumb\index.vue?vue&type=template&id=b50ef614&scoped=true
<s> [webpack.Progress] 66% building 494/529 modules 35 active D:\Java_project\HYPBlog\blog-cms\node_modules\moment\locale\ku.js
<s> [webpack.Progress] 65% building 494/530 modules 36 active D:\Java_project\HYPBlog\blog-cms\node_modules\vue-loader\lib\loaders\pitcher.js??ref--4!D:\Java_project\HYPBlog\blog-cms\node_modules\vue-style-loader\index.js??ref--8-oneOf-1-0!D:\Java_project\HYPBlog\blog-cms\node_modules\css-loader\dist\cjs.js??ref--8-oneOf-1-1!D:\Java_project\HYPBlog\blog-cms\node_modules\postcss-loader\src\index.js??ref--8-oneOf-1-2!D:\Java_project\HYPBlog\blog-cms\node_modules\sass-loader\dist\cjs.js??ref--8-oneOf-1-3!D:\Java_project\HYPBlog\blog-cms\node_modules\cache-loader\dist\cjs.js??ref--0-0!D:\Java_project\HYPBlog\blog-cms\node_modules\vue-loader\lib\index.js??vue-loader-options!D:\Java_project\HYPBlog\blog-cms\src\components\Breadcrumb\index.vue?vue&type=style&index=0&id=b50ef614&lang=scss&scoped=true
<s> [webpack.Progress] 66% building 495/530 modules 35 active D:\Java_project\HYPBlog\blog-cms\node_modules\moment\locale\ku.js
<s> [webpack.Progress] 65% building 495/531 modules 36 active D:\Java_project\HYPBlog\blog-cms\node_modules\vue-loader\lib\loaders\pitcher.js??ref--4!D:\Java_project\HYPBlog\blog-cms\node_modules\cache-loader\dist\cjs.js??ref--12-0!D:\Java_project\HYPBlog\blog-cms\node_modules\babel-loader\lib\index.js!D:\Java_project\HYPBlog\blog-cms\node_modules\cache-loader\dist\cjs.js??ref--0-0!D:\Java_project\HYPBlog\blog-cms\node_modules\vue-loader\lib\index.js??vue-loader-options!D:\Java_project\HYPBlog\blog-cms\src\components\Breadcrumb\index.vue?vue&type=script&lang=js
<s> [webpack.Progress] 66% building 496/531 modules 35 active D:\Java_project\HYPBlog\blog-cms\node_modules\moment\locale\ku.js
<s> [webpack.Progress] 65% building 496/532 modules 36 active D:\Java_project\HYPBlog\blog-cms\node_modules\cache-loader\dist\cjs.js??ref--12-0!D:\Java_project\HYPBlog\blog-cms\node_modules\babel-loader\lib\index.js!D:\Java_project\HYPBlog\blog-cms\node_modules\cache-loader\dist\cjs.js??ref--0-0!D:\Java_project\HYPBlog\blog-cms\node_modules\vue-loader\lib\index.js??vue-loader-options!D:\Java_project\HYPBlog\blog-cms\src\components\Breadcrumb\index.vue?vue&type=script&lang=js
<s> [webpack.Progress] 65% building 496/533 modules 37 active D:\Java_project\HYPBlog\blog-cms\node_modules\cache-loader\dist\cjs.js?{"cacheDirectory":"node_modules/.cache/vue-loader","cacheIdentifier":"b828289e-vue-loader-template"}!D:\Java_project\HYPBlog\blog-cms\node_modules\vue-loader\lib\loaders\templateLoader.js??vue-loader-options!D:\Java_project\HYPBlog\blog-cms\node_modules\cache-loader\dist\cjs.js??ref--0-0!D:\Java_project\HYPBlog\blog-cms\node_modules\vue-loader\lib\index.js??vue-loader-options!D:\Java_project\HYPBlog\blog-cms\src\components\Breadcrumb\index.vue?vue&type=template&id=b50ef614&scoped=true
<s> [webpack.Progress] 65% building 496/534 modules 38 active D:\Java_project\HYPBlog\blog-cms\node_modules\vue-style-loader\index.js??ref--8-oneOf-1-0!D:\Java_project\HYPBlog\blog-cms\node_modules\css-loader\dist\cjs.js??ref--8-oneOf-1-1!D:\Java_project\HYPBlog\blog-cms\node_modules\vue-loader\lib\loaders\stylePostLoader.js!D:\Java_project\HYPBlog\blog-cms\node_modules\postcss-loader\src\index.js??ref--8-oneOf-1-2!D:\Java_project\HYPBlog\blog-cms\node_modules\sass-loader\dist\cjs.js??ref--8-oneOf-1-3!D:\Java_project\HYPBlog\blog-cms\node_modules\cache-loader\dist\cjs.js??ref--0-0!D:\Java_project\HYPBlog\blog-cms\node_modules\vue-loader\lib\index.js??vue-loader-options!D:\Java_project\HYPBlog\blog-cms\src\components\Breadcrumb\index.vue?vue&type=style&index=0&id=b50ef614&lang=scss&scoped=true
<s> [webpack.Progress] 65% building 497/534 modules 37 active D:\Java_project\HYPBlog\blog-cms\node_modules\cache-loader\dist\cjs.js?{"cacheDirectory":"node_modules/.cache/vue-loader","cacheIdentifier":"b828289e-vue-loader-template"}!D:\Java_project\HYPBlog\blog-cms\node_modules\vue-loader\lib\loaders\templateLoader.js??vue-loader-options!D:\Java_project\HYPBlog\blog-cms\node_modules\cache-loader\dist\cjs.js??ref--0-0!D:\Java_project\HYPBlog\blog-cms\node_modules\vue-loader\lib\index.js??vue-loader-options!D:\Java_project\HYPBlog\blog-cms\src\components\Breadcrumb\index.vue?vue&type=template&id=b50ef614&scoped=true
<s> [webpack.Progress] 65% building 497/535 modules 38 active D:\Java_project\HYPBlog\blog-cms\node_modules\css-loader\dist\cjs.js??ref--8-oneOf-1-1!D:\Java_project\HYPBlog\blog-cms\node_modules\vue-loader\lib\loaders\stylePostLoader.js!D:\Java_project\HYPBlog\blog-cms\node_modules\postcss-loader\src\index.js??ref--8-oneOf-1-2!D:\Java_project\HYPBlog\blog-cms\node_modules\sass-loader\dist\cjs.js??ref--8-oneOf-1-3!D:\Java_project\HYPBlog\blog-cms\node_modules\cache-loader\dist\cjs.js??ref--0-0!D:\Java_project\HYPBlog\blog-cms\node_modules\vue-loader\lib\index.js??vue-loader-options!D:\Java_project\HYPBlog\blog-cms\src\components\Breadcrumb\index.vue?vue&type=style&index=0&id=b50ef614&lang=scss&scoped=true
<s> [webpack.Progress] 65% building 498/535 modules 37 active D:\Java_project\HYPBlog\blog-cms\node_modules\css-loader\dist\cjs.js??ref--8-oneOf-1-1!D:\Java_project\HYPBlog\blog-cms\node_modules\vue-loader\lib\loaders\stylePostLoader.js!D:\Java_project\HYPBlog\blog-cms\node_modules\postcss-loader\src\index.js??ref--8-oneOf-1-2!D:\Java_project\HYPBlog\blog-cms\node_modules\sass-loader\dist\cjs.js??ref--8-oneOf-1-3!D:\Java_project\HYPBlog\blog-cms\node_modules\cache-loader\dist\cjs.js??ref--0-0!D:\Java_project\HYPBlog\blog-cms\node_modules\vue-loader\lib\index.js??vue-loader-options!D:\Java_project\HYPBlog\blog-cms\src\components\Breadcrumb\index.vue?vue&type=style&index=0&id=b50ef614&lang=scss&scoped=true
<s> [webpack.Progress] 65% building 499/535 modules 36 active D:\Java_project\HYPBlog\blog-cms\node_modules\css-loader\dist\cjs.js??ref--8-oneOf-1-1!D:\Java_project\HYPBlog\blog-cms\node_modules\vue-loader\lib\loaders\stylePostLoader.js!D:\Java_project\HYPBlog\blog-cms\node_modules\postcss-loader\src\index.js??ref--8-oneOf-1-2!D:\Java_project\HYPBlog\blog-cms\node_modules\sass-loader\dist\cjs.js??ref--8-oneOf-1-3!D:\Java_project\HYPBlog\blog-cms\node_modules\cache-loader\dist\cjs.js??ref--0-0!D:\Java_project\HYPBlog\blog-cms\node_modules\vue-loader\lib\index.js??vue-loader-options!D:\Java_project\HYPBlog\blog-cms\src\components\Breadcrumb\index.vue?vue&type=style&index=0&id=b50ef614&lang=scss&scoped=true
<s> [webpack.Progress] 66% building 500/535 modules 35 active D:\Java_project\HYPBlog\blog-cms\node_modules\css-loader\dist\cjs.js??ref--8-oneOf-1-1!D:\Java_project\HYPBlog\blog-cms\node_modules\vue-loader\lib\loaders\stylePostLoader.js!D:\Java_project\HYPBlog\blog-cms\node_modules\postcss-loader\src\index.js??ref--8-oneOf-1-2!D:\Java_project\HYPBlog\blog-cms\node_modules\sass-loader\dist\cjs.js??ref--8-oneOf-1-3!D:\Java_project\HYPBlog\blog-cms\node_modules\cache-loader\dist\cjs.js??ref--0-0!D:\Java_project\HYPBlog\blog-cms\node_modules\vue-loader\lib\index.js??vue-loader-options!D:\Java_project\HYPBlog\blog-cms\src\components\Breadcrumb\index.vue?vue&type=style&index=0&id=b50ef614&lang=scss&scoped=true
<s> [webpack.Progress] 65% building 500/536 modules 36 active D:\Java_project\HYPBlog\blog-cms\node_modules\moment\locale\ko.js
<s> [webpack.Progress] 66% building 501/536 modules 35 active D:\Java_project\HYPBlog\blog-cms\node_modules\moment\locale\ko.js
<s> [webpack.Progress] 66% building 502/536 modules 34 active D:\Java_project\HYPBlog\blog-cms\node_modules\moment\locale\ko.js
<s> [webpack.Progress] 66% building 503/536 modules 33 active D:\Java_project\HYPBlog\blog-cms\node_modules\moment\locale\ko.js
<s> [webpack.Progress] 66% building 504/536 modules 32 active D:\Java_project\HYPBlog\blog-cms\node_modules\moment\locale\ko.js
<s> [webpack.Progress] 66% building 505/536 modules 31 active D:\Java_project\HYPBlog\blog-cms\node_modules\moment\locale\ko.js
<s> [webpack.Progress] 66% building 506/536 modules 30 active D:\Java_project\HYPBlog\blog-cms\node_modules\moment\locale\ko.js
<s> [webpack.Progress] 66% building 507/536 modules 29 active D:\Java_project\HYPBlog\blog-cms\node_modules\moment\locale\ko.js
<s> [webpack.Progress] 66% building 508/536 modules 28 active D:\Java_project\HYPBlog\blog-cms\node_modules\moment\locale\ko.js
<s> [webpack.Progress] 66% building 509/536 modules 27 active D:\Java_project\HYPBlog\blog-cms\node_modules\moment\locale\ko.js
<s> [webpack.Progress] 67% building 510/536 modules 26 active D:\Java_project\HYPBlog\blog-cms\node_modules\moment\locale\ko.js
<s> [webpack.Progress] 67% building 511/536 modules 25 active D:\Java_project\HYPBlog\blog-cms\node_modules\moment\locale\ko.js
<s> [webpack.Progress] 67% building 511/537 modules 26 active D:\Java_project\HYPBlog\blog-cms\node_modules\moment\locale\kn.js
<s> [webpack.Progress] 67% building 512/537 modules 25 active D:\Java_project\HYPBlog\blog-cms\node_modules\moment\locale\kn.js
<s> [webpack.Progress] 67% building 512/538 modules 26 active D:\Java_project\HYPBlog\blog-cms\node_modules\moment\locale\km.js
<s> [webpack.Progress] 66% building 512/539 modules 27 active D:\Java_project\HYPBlog\blog-cms\node_modules\moment\locale\kk.js
<s> [webpack.Progress] 67% building 513/539 modules 26 active D:\Java_project\HYPBlog\blog-cms\node_modules\moment\locale\kk.js
<s> [webpack.Progress] 67% building 513/540 modules 27 active D:\Java_project\HYPBlog\blog-cms\node_modules\moment\locale\ka.js
<s> [webpack.Progress] 67% building 514/540 modules 26 active D:\Java_project\HYPBlog\blog-cms\node_modules\moment\locale\ka.js
<s> [webpack.Progress] 67% building 515/540 modules 25 active D:\Java_project\HYPBlog\blog-cms\node_modules\moment\locale\ka.js
<s> [webpack.Progress] 67% building 516/540 modules 24 active D:\Java_project\HYPBlog\blog-cms\node_modules\moment\locale\ka.js
<s> [webpack.Progress] 67% building 517/540 modules 23 active D:\Java_project\HYPBlog\blog-cms\node_modules\moment\locale\ka.js
<s> [webpack.Progress] 67% building 517/541 modules 24 active D:\Java_project\HYPBlog\blog-cms\node_modules\moment\locale\jv.js
<s> [webpack.Progress] 67% building 518/541 modules 23 active D:\Java_project\HYPBlog\blog-cms\node_modules\moment\locale\jv.js
<s> [webpack.Progress] 67% building 519/541 modules 22 active D:\Java_project\HYPBlog\blog-cms\node_modules\moment\locale\jv.js
<s> [webpack.Progress] 67% building 520/541 modules 21 active D:\Java_project\HYPBlog\blog-cms\node_modules\moment\locale\jv.js
<s> [webpack.Progress] 67% building 521/541 modules 20 active D:\Java_project\HYPBlog\blog-cms\node_modules\moment\locale\jv.js
<s> [webpack.Progress] 67% building 522/541 modules 19 active D:\Java_project\HYPBlog\blog-cms\node_modules\moment\locale\jv.js
<s> [webpack.Progress] 68% building 523/541 modules 18 active D:\Java_project\HYPBlog\blog-cms\node_modules\moment\locale\jv.js
<s> [webpack.Progress] 68% building 524/541 modules 17 active D:\Java_project\HYPBlog\blog-cms\node_modules\moment\locale\jv.js
<s> [webpack.Progress] 68% building 525/541 modules 16 active D:\Java_project\HYPBlog\blog-cms\node_modules\moment\locale\jv.js
<s> [webpack.Progress] 68% building 526/541 modules 15 active D:\Java_project\HYPBlog\blog-cms\node_modules\moment\locale\jv.js
<s> [webpack.Progress] 68% building 526/542 modules 16 active D:\Java_project\HYPBlog\blog-cms\node_modules\moment\locale\ja.js
<s> [webpack.Progress] 68% building 526/543 modules 17 active D:\Java_project\HYPBlog\blog-cms\node_modules\moment\locale\it.js
<s> [webpack.Progress] 68% building 526/544 modules 18 active D:\Java_project\HYPBlog\blog-cms\node_modules\moment\locale\it-ch.js
<s> [webpack.Progress] 67% building 526/545 modules 19 active D:\Java_project\HYPBlog\blog-cms\node_modules\moment\locale\is.js
<s> [webpack.Progress] 67% building 526/546 modules 20 active D:\Java_project\HYPBlog\blog-cms\node_modules\moment\locale\id.js
<s> [webpack.Progress] 67% building 526/547 modules 21 active D:\Java_project\HYPBlog\blog-cms\node_modules\moment\locale\hy-am.js
<s> [webpack.Progress] 67% building 527/547 modules 20 active D:\Java_project\HYPBlog\blog-cms\node_modules\moment\locale\hy-am.js
<s> [webpack.Progress] 67% building 527/548 modules 21 active D:\Java_project\HYPBlog\blog-cms\node_modules\moment\locale\hu.js
<s> [webpack.Progress] 67% building 527/549 modules 22 active D:\Java_project\HYPBlog\blog-cms\node_modules\moment\locale\hr.js
<s> [webpack.Progress] 67% building 527/550 modules 23 active D:\Java_project\HYPBlog\blog-cms\node_modules\moment\locale\hi.js
<s> [webpack.Progress] 67% building 527/551 modules 24 active D:\Java_project\HYPBlog\blog-cms\node_modules\moment\locale\he.js
<s> [webpack.Progress] 67% building 527/552 modules 25 active D:\Java_project\HYPBlog\blog-cms\node_modules\moment\locale\gu.js
<s> [webpack.Progress] 67% building 527/553 modules 26 active D:\Java_project\HYPBlog\blog-cms\node_modules\moment\locale\gom-latn.js
<s> [webpack.Progress] 67% building 527/554 modules 27 active D:\Java_project\HYPBlog\blog-cms\node_modules\moment\locale\gom-deva.js
<s> [webpack.Progress] 66% building 527/555 modules 28 active D:\Java_project\HYPBlog\blog-cms\node_modules\async-validator\es\validator\string.js
<s> [webpack.Progress] 66% building 527/556 modules 29 active D:\Java_project\HYPBlog\blog-cms\node_modules\moment\locale\gl.js
<s> [webpack.Progress] 66% building 527/557 modules 30 active D:\Java_project\HYPBlog\blog-cms\node_modules\moment\locale\gd.js
<s> [webpack.Progress] 66% building 527/558 modules 31 active D:\Java_project\HYPBlog\blog-cms\node_modules\async-validator\es\validator\type.js
<s> [webpack.Progress] 66% building 527/559 modules 32 active D:\Java_project\HYPBlog\blog-cms\node_modules\moment\locale\ga.js
<s> [webpack.Progress] 66% building 527/560 modules 33 active D:\Java_project\HYPBlog\blog-cms\node_modules\async-validator\es\validator\required.js
<s> [webpack.Progress] 66% building 527/561 modules 34 active D:\Java_project\HYPBlog\blog-cms\node_modules\moment\locale\fy.js
<s> [webpack.Progress] 66% building 527/562 modules 35 active D:\Java_project\HYPBlog\blog-cms\node_modules\moment\locale\fr.js
<s> [webpack.Progress] 66% building 527/563 modules 36 active D:\Java_project\HYPBlog\blog-cms\node_modules\moment\locale\fr-ch.js
<s> [webpack.Progress] 66% building 527/564 modules 37 active D:\Java_project\HYPBlog\blog-cms\node_modules\moment\locale\fr-ca.js
<s> [webpack.Progress] 65% building 527/565 modules 38 active D:\Java_project\HYPBlog\blog-cms\node_modules\async-validator\es\validator\date.js
<s> [webpack.Progress] 65% building 527/566 modules 39 active D:\Java_project\HYPBlog\blog-cms\node_modules\async-validator\es\validator\pattern.js
<s> [webpack.Progress] 65% building 527/567 modules 40 active D:\Java_project\HYPBlog\blog-cms\node_modules\moment\locale\fo.js
<s> [webpack.Progress] 65% building 527/568 modules 41 active D:\Java_project\HYPBlog\blog-cms\node_modules\async-validator\es\validator\enum.js
<s> [webpack.Progress] 65% building 527/569 modules 42 active D:\Java_project\HYPBlog\blog-cms\node_modules\async-validator\es\validator\object.js
<s> [webpack.Progress] 65% building 527/570 modules 43 active D:\Java_project\HYPBlog\blog-cms\node_modules\async-validator\es\validator\array.js
<s> [webpack.Progress] 65% building 528/570 modules 42 active D:\Java_project\HYPBlog\blog-cms\node_modules\async-validator\es\validator\array.js
<s> [webpack.Progress] 65% building 528/571 modules 43 active D:\Java_project\HYPBlog\blog-cms\node_modules\async-validator\es\validator\float.js
<s> [webpack.Progress] 65% building 529/571 modules 42 active D:\Java_project\HYPBlog\blog-cms\node_modules\async-validator\es\validator\float.js
<s> [webpack.Progress] 65% building 530/571 modules 41 active D:\Java_project\HYPBlog\blog-cms\node_modules\async-validator\es\validator\float.js
<s> [webpack.Progress] 65% building 530/572 modules 42 active D:\Java_project\HYPBlog\blog-cms\node_modules\moment\locale\fil.js
<s> [webpack.Progress] 65% building 531/572 modules 41 active D:\Java_project\HYPBlog\blog-cms\node_modules\moment\locale\fil.js
<s> [webpack.Progress] 65% building 532/572 modules 40 active D:\Java_project\HYPBlog\blog-cms\node_modules\moment\locale\fil.js
<s> [webpack.Progress] 65% building 532/573 modules 41 active D:\Java_project\HYPBlog\blog-cms\node_modules\async-validator\es\validator\integer.js
<s> [webpack.Progress] 65% building 533/573 modules 40 active D:\Java_project\HYPBlog\blog-cms\node_modules\async-validator\es\validator\integer.js
<s> [webpack.Progress] 65% building 533/574 modules 41 active D:\Java_project\HYPBlog\blog-cms\node_modules\async-validator\es\validator\regexp.js
<s> [webpack.Progress] 65% building 533/575 modules 42 active D:\Java_project\HYPBlog\blog-cms\node_modules\async-validator\es\validator\number.js
<s> [webpack.Progress] 65% building 533/576 modules 43 active D:\Java_project\HYPBlog\blog-cms\node_modules\async-validator\es\validator\boolean.js
<s> [webpack.Progress] 65% building 533/577 modules 44 active D:\Java_project\HYPBlog\blog-cms\node_modules\cache-loader\dist\cjs.js??ref--12-0!D:\Java_project\HYPBlog\blog-cms\node_modules\babel-loader\lib\index.js!D:\Java_project\HYPBlog\blog-cms\src\layout\components\index.js
<s> [webpack.Progress] 65% building 533/578 modules 45 active D:\Java_project\HYPBlog\blog-cms\node_modules\async-validator\es\validator\method.js
<s> [webpack.Progress] 65% building 533/579 modules 46 active D:\Java_project\HYPBlog\blog-cms\node_modules\moment\locale\fi.js
<s> [webpack.Progress] 65% building 534/579 modules 45 active D:\Java_project\HYPBlog\blog-cms\node_modules\moment\locale\fi.js
<s> [webpack.Progress] 65% building 535/579 modules 44 active D:\Java_project\HYPBlog\blog-cms\node_modules\moment\locale\fi.js
<s> [webpack.Progress] 65% building 536/579 modules 43 active D:\Java_project\HYPBlog\blog-cms\node_modules\moment\locale\fi.js
<s> [webpack.Progress] 65% building 537/579 modules 42 active D:\Java_project\HYPBlog\blog-cms\node_modules\moment\locale\fi.js
<s> [webpack.Progress] 65% building 537/580 modules 43 active D:\Java_project\HYPBlog\blog-cms\node_modules\moment\locale\fa.js
<s> [webpack.Progress] 65% building 538/580 modules 42 active D:\Java_project\HYPBlog\blog-cms\node_modules\moment\locale\fa.js
<s> [webpack.Progress] 65% building 538/581 modules 43 active D:\Java_project\HYPBlog\blog-cms\node_modules\side-channel\index.js
<s> [webpack.Progress] 65% building 539/581 modules 42 active D:\Java_project\HYPBlog\blog-cms\node_modules\side-channel\index.js
<s> [webpack.Progress] 65% building 540/581 modules 41 active D:\Java_project\HYPBlog\blog-cms\node_modules\side-channel\index.js
<s> [webpack.Progress] 65% building 541/581 modules 40 active D:\Java_project\HYPBlog\blog-cms\node_modules\side-channel\index.js
<s> [webpack.Progress] 65% building 541/582 modules 41 active D:\Java_project\HYPBlog\blog-cms\node_modules\moment\locale\eu.js
<s> [webpack.Progress] 65% building 542/582 modules 40 active D:\Java_project\HYPBlog\blog-cms\node_modules\moment\locale\eu.js
<s> [webpack.Progress] 65% building 542/583 modules 41 active D:\Java_project\HYPBlog\blog-cms\node_modules\moment\locale\et.js
<s> [webpack.Progress] 65% building 543/583 modules 40 active D:\Java_project\HYPBlog\blog-cms\node_modules\moment\locale\et.js
<s> [webpack.Progress] 65% building 543/584 modules 41 active D:\Java_project\HYPBlog\blog-cms\node_modules\moment\locale\es.js
<s> [webpack.Progress] 65% building 543/585 modules 42 active D:\Java_project\HYPBlog\blog-cms\node_modules\moment\locale\es-us.js
<s> [webpack.Progress] 65% building 543/586 modules 43 active D:\Java_project\HYPBlog\blog-cms\node_modules\nprogress\nprogress.js
<s> [webpack.Progress] 65% building 544/586 modules 42 active D:\Java_project\HYPBlog\blog-cms\node_modules\nprogress\nprogress.js
<s> [webpack.Progress] 65% building 545/586 modules 41 active D:\Java_project\HYPBlog\blog-cms\node_modules\nprogress\nprogress.js
<s> [webpack.Progress] 65% building 546/586 modules 40 active D:\Java_project\HYPBlog\blog-cms\node_modules\nprogress\nprogress.js
<s> [webpack.Progress] 65% building 546/587 modules 41 active D:\Java_project\HYPBlog\blog-cms\node_modules\moment\locale\es-do.js
<s> [webpack.Progress] 65% building 547/587 modules 40 active D:\Java_project\HYPBlog\blog-cms\node_modules\moment\locale\es-do.js
<s> [webpack.Progress] 66% building 548/587 modules 39 active D:\Java_project\HYPBlog\blog-cms\node_modules\moment\locale\es-do.js
<s> [webpack.Progress] 66% building 549/587 modules 38 active D:\Java_project\HYPBlog\blog-cms\node_modules\moment\locale\es-do.js
<s> [webpack.Progress] 66% building 550/587 modules 37 active D:\Java_project\HYPBlog\blog-cms\node_modules\moment\locale\es-do.js
<s> [webpack.Progress] 66% building 551/587 modules 36 active D:\Java_project\HYPBlog\blog-cms\node_modules\moment\locale\es-do.js
<s> [webpack.Progress] 66% building 551/588 modules 37 active D:\Java_project\HYPBlog\blog-cms\node_modules\moment\locale\eo.js
<s> [webpack.Progress] 66% building 552/588 modules 36 active D:\Java_project\HYPBlog\blog-cms\node_modules\moment\locale\eo.js
<s> [webpack.Progress] 66% building 553/588 modules 35 active D:\Java_project\HYPBlog\blog-cms\node_modules\moment\locale\eo.js
<s> [webpack.Progress] 66% building 554/588 modules 34 active D:\Java_project\HYPBlog\blog-cms\node_modules\moment\locale\eo.js
<s> [webpack.Progress] 66% building 555/588 modules 33 active D:\Java_project\HYPBlog\blog-cms\node_modules\moment\locale\eo.js
<s> [webpack.Progress] 66% building 555/589 modules 34 active D:\Java_project\HYPBlog\blog-cms\node_modules\moment\locale\en-sg.js
<s> [webpack.Progress] 66% building 556/589 modules 33 active D:\Java_project\HYPBlog\blog-cms\node_modules\moment\locale\en-sg.js
<s> [webpack.Progress] 66% building 556/590 modules 34 active D:\Java_project\HYPBlog\blog-cms\node_modules\moment\locale\en-nz.js
<s> [webpack.Progress] 66% building 556/591 modules 35 active D:\Java_project\HYPBlog\blog-cms\node_modules\moment\locale\en-in.js
<s> [webpack.Progress] 66% building 556/592 modules 36 active D:\Java_project\HYPBlog\blog-cms\node_modules\axios\index.js
<s> [webpack.Progress] 66% building 556/593 modules 37 active D:\Java_project\HYPBlog\blog-cms\node_modules\moment\locale\en-il.js
<s> [webpack.Progress] 66% building 557/593 modules 36 active D:\Java_project\HYPBlog\blog-cms\node_modules\moment\locale\en-il.js
<s> [webpack.Progress] 66% building 558/593 modules 35 active D:\Java_project\HYPBlog\blog-cms\node_modules\moment\locale\en-il.js
<s> [webpack.Progress] 66% building 559/593 modules 34 active D:\Java_project\HYPBlog\blog-cms\node_modules\moment\locale\en-il.js
<s> [webpack.Progress] 66% building 559/594 modules 35 active D:\Java_project\HYPBlog\blog-cms\node_modules\moment\locale\en-ie.js
<s> [webpack.Progress] 66% building 559/595 modules 36 active D:\Java_project\HYPBlog\blog-cms\node_modules\moment\locale\en-gb.js
<s> [webpack.Progress] 66% building 560/595 modules 35 active D:\Java_project\HYPBlog\blog-cms\node_modules\moment\locale\en-gb.js
<s> [webpack.Progress] 66% building 560/596 modules 36 active D:\Java_project\HYPBlog\blog-cms\node_modules\moment\locale\en-ca.js
<s> [webpack.Progress] 66% building 561/596 modules 35 active D:\Java_project\HYPBlog\blog-cms\node_modules\moment\locale\en-ca.js
<s> [webpack.Progress] 66% building 561/597 modules 36 active D:\Java_project\HYPBlog\blog-cms\node_modules\moment\locale\en-au.js
<s> [webpack.Progress] 66% building 561/598 modules 37 active D:\Java_project\HYPBlog\blog-cms\node_modules\core-js\internals\array-includes.js
<s> [webpack.Progress] 66% building 562/598 modules 36 active D:\Java_project\HYPBlog\blog-cms\node_modules\core-js\internals\array-includes.js
<s> [webpack.Progress] 66% building 563/598 modules 35 active D:\Java_project\HYPBlog\blog-cms\node_modules\core-js\internals\array-includes.js
<s> [webpack.Progress] 66% building 563/599 modules 36 active D:\Java_project\HYPBlog\blog-cms\node_modules\moment\locale\el.js
<s> [webpack.Progress] 66% building 564/599 modules 35 active D:\Java_project\HYPBlog\blog-cms\node_modules\moment\locale\el.js
<s> [webpack.Progress] 66% building 565/599 modules 34 active D:\Java_project\HYPBlog\blog-cms\node_modules\moment\locale\el.js
<s> [webpack.Progress] 66% building 565/600 modules 35 active D:\Java_project\HYPBlog\blog-cms\node_modules\core-js\internals\classof.js
<s> [webpack.Progress] 66% building 566/600 modules 34 active D:\Java_project\HYPBlog\blog-cms\node_modules\core-js\internals\classof.js
<s> [webpack.Progress] 66% building 566/601 modules 35 active D:\Java_project\HYPBlog\blog-cms\node_modules\moment\locale\dv.js
<s> [webpack.Progress] 66% building 566/602 modules 36 active D:\Java_project\HYPBlog\blog-cms\node_modules\core-js\internals\iterators.js
<s> [webpack.Progress] 66% building 566/603 modules 37 active D:\Java_project\HYPBlog\blog-cms\node_modules\moment\locale\de.js
<s> [webpack.Progress] 66% building 567/603 modules 36 active D:\Java_project\HYPBlog\blog-cms\node_modules\moment\locale\de.js
<s> [webpack.Progress] 66% building 567/604 modules 37 active D:\Java_project\HYPBlog\blog-cms\node_modules\moment\locale\de-ch.js
<s> [webpack.Progress] 66% building 568/604 modules 36 active D:\Java_project\HYPBlog\blog-cms\node_modules\moment\locale\de-ch.js
<s> [webpack.Progress] 66% building 569/604 modules 35 active D:\Java_project\HYPBlog\blog-cms\node_modules\moment\locale\de-ch.js
<s> [webpack.Progress] 66% building 569/605 modules 36 active D:\Java_project\HYPBlog\blog-cms\node_modules\moment\locale\de-at.js
<s> [webpack.Progress] 66% building 569/606 modules 37 active D:\Java_project\HYPBlog\blog-cms\node_modules\core-js\internals\to-integer.js
<s> [webpack.Progress] 66% building 569/607 modules 38 active D:\Java_project\HYPBlog\blog-cms\node_modules\babel-runtime\core-js\symbol.js
<s> [webpack.Progress] 66% building 569/608 modules 39 active D:\Java_project\HYPBlog\blog-cms\node_modules\babel-runtime\core-js\symbol\iterator.js
<s> [webpack.Progress] 66% building 569/609 modules 40 active D:\Java_project\HYPBlog\blog-cms\node_modules\babel-runtime\core-js\object\assign.js
<s> [webpack.Progress] 66% building 570/609 modules 39 active D:\Java_project\HYPBlog\blog-cms\node_modules\babel-runtime\core-js\object\assign.js
<s> [webpack.Progress] 66% building 570/610 modules 40 active D:\Java_project\HYPBlog\blog-cms\node_modules\moment\locale\da.js
<s> [webpack.Progress] 66% building 571/610 modules 39 active D:\Java_project\HYPBlog\blog-cms\node_modules\moment\locale\da.js
<s> [webpack.Progress] 66% building 571/611 modules 40 active D:\Java_project\HYPBlog\blog-cms\node_modules\moment\locale\cy.js
<s> [webpack.Progress] 65% building 571/612 modules 41 active D:\Java_project\HYPBlog\blog-cms\node_modules\moment\locale\cv.js
<s> [webpack.Progress] 65% building 571/613 modules 42 active D:\Java_project\HYPBlog\blog-cms\node_modules\moment\locale\cs.js
<s> [webpack.Progress] 65% building 571/614 modules 43 active D:\Java_project\HYPBlog\blog-cms\node_modules\moment\locale\ca.js
<s> [webpack.Progress] 65% building 572/614 modules 42 active D:\Java_project\HYPBlog\blog-cms\node_modules\moment\locale\ca.js
<s> [webpack.Progress] 65% building 572/615 modules 43 active D:\Java_project\HYPBlog\blog-cms\node_modules\moment\locale\bs.js
<s> [webpack.Progress] 65% building 572/616 modules 44 active D:\Java_project\HYPBlog\blog-cms\node_modules\moment\locale\br.js
<s> [webpack.Progress] 65% building 572/617 modules 45 active D:\Java_project\HYPBlog\blog-cms\node_modules\moment\locale\bo.js
<s> [webpack.Progress] 65% building 572/618 modules 46 active D:\Java_project\HYPBlog\blog-cms\node_modules\echarts\index.js
<s> [webpack.Progress] 65% building 573/618 modules 45 active D:\Java_project\HYPBlog\blog-cms\node_modules\echarts\index.js
<s> [webpack.Progress] 65% building 574/618 modules 44 active D:\Java_project\HYPBlog\blog-cms\node_modules\echarts\index.js
<s> [webpack.Progress] 65% building 575/618 modules 43 active D:\Java_project\HYPBlog\blog-cms\node_modules\echarts\index.js
<s> [webpack.Progress] 65% building 575/619 modules 44 active D:\Java_project\HYPBlog\blog-cms\node_modules\moment\locale\bn.js
<s> [webpack.Progress] 65% building 576/619 modules 43 active D:\Java_project\HYPBlog\blog-cms\node_modules\moment\locale\bn.js
<s> [webpack.Progress] 65% building 577/619 modules 42 active D:\Java_project\HYPBlog\blog-cms\node_modules\moment\locale\bn.js
<s> [webpack.Progress] 66% building 578/619 modules 41 active D:\Java_project\HYPBlog\blog-cms\node_modules\moment\locale\bn.js
<s> [webpack.Progress] 66% building 579/619 modules 40 active D:\Java_project\HYPBlog\blog-cms\node_modules\moment\locale\bn.js
<s> [webpack.Progress] 66% building 579/620 modules 41 active D:\Java_project\HYPBlog\blog-cms\node_modules\moment\locale\bm.js
<s> [webpack.Progress] 66% building 580/620 modules 40 active D:\Java_project\HYPBlog\blog-cms\node_modules\moment\locale\bm.js
<s> [webpack.Progress] 66% building 580/621 modules 41 active D:\Java_project\HYPBlog\blog-cms\node_modules\moment\locale\bg.js
<s> [webpack.Progress] 65% building 580/622 modules 42 active D:\Java_project\HYPBlog\blog-cms\node_modules\moment\locale\be.js
<s> [webpack.Progress] 65% building 580/623 modules 43 active D:\Java_project\HYPBlog\blog-cms\node_modules\moment\locale\az.js
<s> [webpack.Progress] 65% building 580/624 modules 44 active D:\Java_project\HYPBlog\blog-cms\node_modules\moment\locale\ar.js
<s> [webpack.Progress] 65% building 581/624 modules 43 active D:\Java_project\HYPBlog\blog-cms\node_modules\moment\locale\ar.js
<s> [webpack.Progress] 65% building 581/625 modules 44 active D:\Java_project\HYPBlog\blog-cms\node_modules\moment\locale\ar-tn.js
<s> [webpack.Progress] 65% building 582/625 modules 43 active D:\Java_project\HYPBlog\blog-cms\node_modules\moment\locale\ar-tn.js
<s> [webpack.Progress] 65% building 583/625 modules 42 active D:\Java_project\HYPBlog\blog-cms\node_modules\moment\locale\ar-tn.js
<s> [webpack.Progress] 66% building 584/625 modules 41 active D:\Java_project\HYPBlog\blog-cms\node_modules\moment\locale\ar-tn.js
<s> [webpack.Progress] 65% building 584/626 modules 42 active D:\Java_project\HYPBlog\blog-cms\node_modules\moment\locale\ar-sa.js
<s> [webpack.Progress] 66% building 585/626 modules 41 active D:\Java_project\HYPBlog\blog-cms\node_modules\moment\locale\ar-sa.js
<s> [webpack.Progress] 66% building 586/626 modules 40 active D:\Java_project\HYPBlog\blog-cms\node_modules\moment\locale\ar-sa.js
<s> [webpack.Progress] 66% building 587/626 modules 39 active D:\Java_project\HYPBlog\blog-cms\node_modules\moment\locale\ar-sa.js
<s> [webpack.Progress] 66% building 587/627 modules 40 active D:\Java_project\HYPBlog\blog-cms\node_modules\moment\locale\ar-ma.js
<s> [webpack.Progress] 66% building 588/627 modules 39 active D:\Java_project\HYPBlog\blog-cms\node_modules\moment\locale\ar-ma.js
<s> [webpack.Progress] 66% building 588/628 modules 40 active D:\Java_project\HYPBlog\blog-cms\node_modules\moment\locale\ar-ly.js
<s> [webpack.Progress] 66% building 589/628 modules 39 active D:\Java_project\HYPBlog\blog-cms\node_modules\moment\locale\ar-ly.js
<s> [webpack.Progress] 66% building 590/628 modules 38 active D:\Java_project\HYPBlog\blog-cms\node_modules\moment\locale\ar-ly.js
<s> [webpack.Progress] 66% building 591/628 modules 37 active D:\Java_project\HYPBlog\blog-cms\node_modules\moment\locale\ar-ly.js
<s> [webpack.Progress] 66% building 592/628 modules 36 active D:\Java_project\HYPBlog\blog-cms\node_modules\moment\locale\ar-ly.js
<s> [webpack.Progress] 66% building 593/628 modules 35 active D:\Java_project\HYPBlog\blog-cms\node_modules\moment\locale\ar-ly.js
<s> [webpack.Progress] 66% building 594/628 modules 34 active D:\Java_project\HYPBlog\blog-cms\node_modules\moment\locale\ar-ly.js
<s> [webpack.Progress] 66% building 595/628 modules 33 active D:\Java_project\HYPBlog\blog-cms\node_modules\moment\locale\ar-ly.js
<s> [webpack.Progress] 66% building 596/628 modules 32 active D:\Java_project\HYPBlog\blog-cms\node_modules\moment\locale\ar-ly.js
<s> [webpack.Progress] 67% building 597/628 modules 31 active D:\Java_project\HYPBlog\blog-cms\node_modules\moment\locale\ar-ly.js
<s> [webpack.Progress] 67% building 598/628 modules 30 active D:\Java_project\HYPBlog\blog-cms\node_modules\moment\locale\ar-ly.js
<s> [webpack.Progress] 67% building 599/628 modules 29 active D:\Java_project\HYPBlog\blog-cms\node_modules\moment\locale\ar-ly.js
<s> [webpack.Progress] 67% building 600/628 modules 28 active D:\Java_project\HYPBlog\blog-cms\node_modules\moment\locale\ar-ly.js
<s> [webpack.Progress] 67% building 601/628 modules 27 active D:\Java_project\HYPBlog\blog-cms\node_modules\moment\locale\ar-ly.js
<s> [webpack.Progress] 67% building 602/628 modules 26 active D:\Java_project\HYPBlog\blog-cms\node_modules\moment\locale\ar-ly.js
<s> [webpack.Progress] 67% building 603/628 modules 25 active D:\Java_project\HYPBlog\blog-cms\node_modules\moment\locale\ar-ly.js
<s> [webpack.Progress] 67% building 603/629 modules 26 active D:\Java_project\HYPBlog\blog-cms\node_modules\moment\locale\ar-kw.js
<s> [webpack.Progress] 67% building 604/629 modules 25 active D:\Java_project\HYPBlog\blog-cms\node_modules\moment\locale\ar-kw.js
<s> [webpack.Progress] 67% building 605/629 modules 24 active D:\Java_project\HYPBlog\blog-cms\node_modules\moment\locale\ar-kw.js
<s> [webpack.Progress] 67% building 605/630 modules 25 active D:\Java_project\HYPBlog\blog-cms\node_modules\moment\locale\ar-dz.js
<s> [webpack.Progress] 67% building 606/630 modules 24 active D:\Java_project\HYPBlog\blog-cms\node_modules\moment\locale\ar-dz.js
<s> [webpack.Progress] 67% building 607/630 modules 23 active D:\Java_project\HYPBlog\blog-cms\node_modules\moment\locale\ar-dz.js
<s> [webpack.Progress] 67% building 608/630 modules 22 active D:\Java_project\HYPBlog\blog-cms\node_modules\moment\locale\ar-dz.js
<s> [webpack.Progress] 67% building 608/631 modules 23 active D:\Java_project\HYPBlog\blog-cms\node_modules\svg-sprite-loader\lib\loader.js??ref--13-0!D:\Java_project\HYPBlog\blog-cms\src\icons\svg\bianjizhandian.svg
<s> [webpack.Progress] 67% building 608/632 modules 24 active D:\Java_project\HYPBlog\blog-cms\node_modules\svg-sprite-loader\lib\loader.js??ref--13-0!D:\Java_project\HYPBlog\blog-cms\src\icons\svg\biaoqian.svg
<s> [webpack.Progress] 67% building 609/632 modules 23 active D:\Java_project\HYPBlog\blog-cms\node_modules\svg-sprite-loader\lib\loader.js??ref--13-0!D:\Java_project\HYPBlog\blog-cms\src\icons\svg\biaoqian.svg
<s> [webpack.Progress] 67% building 610/632 modules 22 active D:\Java_project\HYPBlog\blog-cms\node_modules\svg-sprite-loader\lib\loader.js??ref--13-0!D:\Java_project\HYPBlog\blog-cms\src\icons\svg\biaoqian.svg
<s> [webpack.Progress] 68% building 611/632 modules 21 active D:\Java_project\HYPBlog\blog-cms\node_modules\svg-sprite-loader\lib\loader.js??ref--13-0!D:\Java_project\HYPBlog\blog-cms\src\icons\svg\biaoqian.svg
<s> [webpack.Progress] 68% building 612/632 modules 20 active D:\Java_project\HYPBlog\blog-cms\node_modules\svg-sprite-loader\lib\loader.js??ref--13-0!D:\Java_project\HYPBlog\blog-cms\src\icons\svg\biaoqian.svg
<s> [webpack.Progress] 68% building 613/632 modules 19 active D:\Java_project\HYPBlog\blog-cms\node_modules\svg-sprite-loader\lib\loader.js??ref--13-0!D:\Java_project\HYPBlog\blog-cms\src\icons\svg\biaoqian.svg
<s> [webpack.Progress] 68% building 614/632 modules 18 active D:\Java_project\HYPBlog\blog-cms\node_modules\svg-sprite-loader\lib\loader.js??ref--13-0!D:\Java_project\HYPBlog\blog-cms\src\icons\svg\biaoqian.svg
<s> [webpack.Progress] 68% building 615/632 modules 17 active D:\Java_project\HYPBlog\blog-cms\node_modules\svg-sprite-loader\lib\loader.js??ref--13-0!D:\Java_project\HYPBlog\blog-cms\src\icons\svg\biaoqian.svg
<s> [webpack.Progress] 68% building 616/632 modules 16 active D:\Java_project\HYPBlog\blog-cms\node_modules\svg-sprite-loader\lib\loader.js??ref--13-0!D:\Java_project\HYPBlog\blog-cms\src\icons\svg\biaoqian.svg
<s> [webpack.Progress] 68% building 617/632 modules 15 active D:\Java_project\HYPBlog\blog-cms\node_modules\svg-sprite-loader\lib\loader.js??ref--13-0!D:\Java_project\HYPBlog\blog-cms\src\icons\svg\biaoqian.svg
<s> [webpack.Progress] 68% building 618/632 modules 14 active D:\Java_project\HYPBlog\blog-cms\node_modules\svg-sprite-loader\lib\loader.js??ref--13-0!D:\Java_project\HYPBlog\blog-cms\src\icons\svg\biaoqian.svg
<s> [webpack.Progress] 68% building 619/632 modules 13 active D:\Java_project\HYPBlog\blog-cms\node_modules\svg-sprite-loader\lib\loader.js??ref--13-0!D:\Java_project\HYPBlog\blog-cms\src\icons\svg\biaoqian.svg
<s> [webpack.Progress] 68% building 620/632 modules 12 active D:\Java_project\HYPBlog\blog-cms\node_modules\svg-sprite-loader\lib\loader.js??ref--13-0!D:\Java_project\HYPBlog\blog-cms\src\icons\svg\biaoqian.svg
<s> [webpack.Progress] 68% building 621/632 modules 11 active D:\Java_project\HYPBlog\blog-cms\node_modules\svg-sprite-loader\lib\loader.js??ref--13-0!D:\Java_project\HYPBlog\blog-cms\src\icons\svg\biaoqian.svg
<s> [webpack.Progress] 69% building 622/632 modules 10 active D:\Java_project\HYPBlog\blog-cms\node_modules\svg-sprite-loader\lib\loader.js??ref--13-0!D:\Java_project\HYPBlog\blog-cms\src\icons\svg\biaoqian.svg
<s> [webpack.Progress] 69% building 623/632 modules 9 active D:\Java_project\HYPBlog\blog-cms\node_modules\svg-sprite-loader\lib\loader.js??ref--13-0!D:\Java_project\HYPBlog\blog-cms\src\icons\svg\biaoqian.svg
<s> [webpack.Progress] 69% building 624/632 modules 8 active D:\Java_project\HYPBlog\blog-cms\node_modules\svg-sprite-loader\lib\loader.js??ref--13-0!D:\Java_project\HYPBlog\blog-cms\src\icons\svg\biaoqian.svg
<s> [webpack.Progress] 69% building 625/632 modules 7 active D:\Java_project\HYPBlog\blog-cms\node_modules\svg-sprite-loader\lib\loader.js??ref--13-0!D:\Java_project\HYPBlog\blog-cms\src\icons\svg\biaoqian.svg
<s> [webpack.Progress] 69% building 626/632 modules 6 active D:\Java_project\HYPBlog\blog-cms\node_modules\svg-sprite-loader\lib\loader.js??ref--13-0!D:\Java_project\HYPBlog\blog-cms\src\icons\svg\biaoqian.svg
<s> [webpack.Progress] 69% building 627/632 modules 5 active D:\Java_project\HYPBlog\blog-cms\node_modules\svg-sprite-loader\lib\loader.js??ref--13-0!D:\Java_project\HYPBlog\blog-cms\src\icons\svg\biaoqian.svg
<s> [webpack.Progress] 69% building 628/632 modules 4 active D:\Java_project\HYPBlog\blog-cms\node_modules\svg-sprite-loader\lib\loader.js??ref--13-0!D:\Java_project\HYPBlog\blog-cms\src\icons\svg\biaoqian.svg
<s> [webpack.Progress] 69% building 629/632 modules 3 active D:\Java_project\HYPBlog\blog-cms\node_modules\svg-sprite-loader\lib\loader.js??ref--13-0!D:\Java_project\HYPBlog\blog-cms\src\icons\svg\biaoqian.svg
<s> [webpack.Progress] 69% building 629/633 modules 4 active D:\Java_project\HYPBlog\blog-cms\node_modules\async-validator\es\rule\index.js
<s> [webpack.Progress] 69% building 629/634 modules 5 active D:\Java_project\HYPBlog\blog-cms\node_modules\element-ui\lib\utils\aria-dialog.js
<s> [webpack.Progress] 69% building 629/635 modules 6 active D:\Java_project\HYPBlog\blog-cms\node_modules\element-ui\lib\select.js
<s> [webpack.Progress] 69% building 629/636 modules 7 active D:\Java_project\HYPBlog\blog-cms\node_modules\element-ui\lib\option.js
<s> [webpack.Progress] 69% building 629/637 modules 8 active D:\Java_project\HYPBlog\blog-cms\node_modules\element-ui\lib\progress.js
<s> [webpack.Progress] 69% building 629/638 modules 9 active D:\Java_project\HYPBlog\blog-cms\node_modules\element-ui\lib\utils\after-leave.js
<s> [webpack.Progress] 69% building 629/639 modules 10 active D:\Java_project\HYPBlog\blog-cms\node_modules\element-ui\lib\checkbox-group.js
<s> [webpack.Progress] 69% building 630/639 modules 9 active D:\Java_project\HYPBlog\blog-cms\node_modules\element-ui\lib\checkbox-group.js
<s> [webpack.Progress] 69% building 631/639 modules 8 active D:\Java_project\HYPBlog\blog-cms\node_modules\element-ui\lib\checkbox-group.js
<s> [webpack.Progress] 69% building 631/640 modules 9 active D:\Java_project\HYPBlog\blog-cms\node_modules\element-ui\lib\tag.js
<s> [webpack.Progress] 69% building 631/641 modules 10 active D:\Java_project\HYPBlog\blog-cms\node_modules\element-ui\lib\button-group.js
<s> [webpack.Progress] 68% building 631/642 modules 11 active D:\Java_project\HYPBlog\blog-cms\node_modules\core-js\internals\to-absolute-index.js
<s> [webpack.Progress] 68% building 631/643 modules 12 active D:\Java_project\HYPBlog\blog-cms\node_modules\core-js\internals\to-string-tag-support.js
<s> [webpack.Progress] 68% building 631/644 modules 13 active D:\Java_project\HYPBlog\blog-cms\node_modules\cache-loader\dist\cjs.js??ref--0-0!D:\Java_project\HYPBlog\blog-cms\node_modules\vue-loader\lib\index.js??vue-loader-options!D:\Java_project\HYPBlog\blog-cms\src\layout\components\Navbar.vue
<s> [webpack.Progress] 68% building 631/645 modules 14 active D:\Java_project\HYPBlog\blog-cms\node_modules\cache-loader\dist\cjs.js??ref--0-0!D:\Java_project\HYPBlog\blog-cms\node_modules\vue-loader\lib\index.js??vue-loader-options!D:\Java_project\HYPBlog\blog-cms\src\layout\components\AppMain.vue
<s> [webpack.Progress] 68% building 631/646 modules 15 active D:\Java_project\HYPBlog\blog-cms\node_modules\axios\lib\axios.js
<s> [webpack.Progress] 68% building 632/646 modules 14 active D:\Java_project\HYPBlog\blog-cms\node_modules\axios\lib\axios.js
<s> [webpack.Progress] 68% building 632/647 modules 15 active D:\Java_project\HYPBlog\blog-cms\node_modules\es-errors\type.js
<s> [webpack.Progress] 68% building 633/647 modules 14 active D:\Java_project\HYPBlog\blog-cms\node_modules\es-errors\type.js
<s> [webpack.Progress] 68% building 634/647 modules 13 active D:\Java_project\HYPBlog\blog-cms\node_modules\es-errors\type.js
<s> [webpack.Progress] 68% building 635/647 modules 12 active D:\Java_project\HYPBlog\blog-cms\node_modules\es-errors\type.js
<s> [webpack.Progress] 68% building 635/648 modules 13 active D:\Java_project\HYPBlog\blog-cms\node_modules\echarts\lib\echarts.js
<s> [webpack.Progress] 68% building 635/649 modules 14 active D:\Java_project\HYPBlog\blog-cms\node_modules\echarts\lib\export.js
<s> [webpack.Progress] 68% building 635/650 modules 15 active D:\Java_project\HYPBlog\blog-cms\node_modules\echarts\lib\chart\line.js
<s> [webpack.Progress] 68% building 635/651 modules 16 active D:\Java_project\HYPBlog\blog-cms\node_modules\echarts\lib\chart\scatter.js
<s> [webpack.Progress] 68% building 635/652 modules 17 active D:\Java_project\HYPBlog\blog-cms\node_modules\echarts\lib\chart\bar.js
<s> [webpack.Progress] 68% building 635/653 modules 18 active D:\Java_project\HYPBlog\blog-cms\node_modules\echarts\lib\chart\pie.js
<s> [webpack.Progress] 68% building 635/654 modules 19 active D:\Java_project\HYPBlog\blog-cms\node_modules\echarts\lib\chart\map.js
<s> [webpack.Progress] 68% building 635/655 modules 20 active D:\Java_project\HYPBlog\blog-cms\node_modules\echarts\lib\chart\radar.js
<s> [webpack.Progress] 68% building 635/656 modules 21 active D:\Java_project\HYPBlog\blog-cms\node_modules\echarts\lib\chart\treemap.js
<s> [webpack.Progress] 67% building 635/657 modules 22 active D:\Java_project\HYPBlog\blog-cms\node_modules\echarts\lib\chart\parallel.js
<s> [webpack.Progress] 67% building 635/658 modules 23 active D:\Java_project\HYPBlog\blog-cms\node_modules\echarts\lib\chart\graph.js
<s> [webpack.Progress] 67% building 635/659 modules 24 active D:\Java_project\HYPBlog\blog-cms\node_modules\echarts\lib\chart\candlestick.js
<s> [webpack.Progress] 67% building 635/660 modules 25 active D:\Java_project\HYPBlog\blog-cms\node_modules\echarts\lib\chart\funnel.js
<s> [webpack.Progress] 67% building 635/661 modules 26 active D:\Java_project\HYPBlog\blog-cms\node_modules\echarts\lib\chart\boxplot.js
<s> [webpack.Progress] 67% building 635/662 modules 27 active D:\Java_project\HYPBlog\blog-cms\node_modules\echarts\lib\chart\gauge.js
<s> [webpack.Progress] 67% building 635/663 modules 28 active D:\Java_project\HYPBlog\blog-cms\node_modules\echarts\lib\chart\effectScatter.js
<s> [webpack.Progress] 67% building 635/664 modules 29 active D:\Java_project\HYPBlog\blog-cms\node_modules\echarts\lib\chart\tree.js
<s> [webpack.Progress] 67% building 635/665 modules 30 active D:\Java_project\HYPBlog\blog-cms\node_modules\echarts\lib\chart\pictorialBar.js
<s> [webpack.Progress] 67% building 635/666 modules 31 active D:\Java_project\HYPBlog\blog-cms\node_modules\echarts\lib\chart\lines.js
<s> [webpack.Progress] 67% building 635/667 modules 32 active D:\Java_project\HYPBlog\blog-cms\node_modules\echarts\lib\chart\sankey.js
<s> [webpack.Progress] 67% building 635/668 modules 33 active D:\Java_project\HYPBlog\blog-cms\node_modules\echarts\lib\chart\heatmap.js
<s> [webpack.Progress] 66% building 635/669 modules 34 active D:\Java_project\HYPBlog\blog-cms\node_modules\echarts\lib\chart\themeRiver.js
<s> [webpack.Progress] 66% building 635/670 modules 35 active D:\Java_project\HYPBlog\blog-cms\node_modules\echarts\lib\chart\sunburst.js
<s> [webpack.Progress] 66% building 635/671 modules 36 active D:\Java_project\HYPBlog\blog-cms\node_modules\echarts\lib\chart\custom.js
<s> [webpack.Progress] 66% building 636/671 modules 35 active D:\Java_project\HYPBlog\blog-cms\node_modules\echarts\lib\chart\custom.js
<s> [webpack.Progress] 66% building 637/671 modules 34 active D:\Java_project\HYPBlog\blog-cms\node_modules\echarts\lib\chart\custom.js
<s> [webpack.Progress] 66% building 637/672 modules 35 active D:\Java_project\HYPBlog\blog-cms\node_modules\echarts\lib\component\dataset.js
<s> [webpack.Progress] 66% building 637/673 modules 36 active D:\Java_project\HYPBlog\blog-cms\node_modules\echarts\lib\component\grid.js
<s> [webpack.Progress] 66% building 637/674 modules 37 active D:\Java_project\HYPBlog\blog-cms\node_modules\echarts\lib\component\singleAxis.js
<s> [webpack.Progress] 66% building 637/675 modules 38 active D:\Java_project\HYPBlog\blog-cms\node_modules\echarts\lib\component\polar.js
<s> [webpack.Progress] 66% building 637/676 modules 39 active D:\Java_project\HYPBlog\blog-cms\node_modules\echarts\lib\component\markPoint.js
<s> [webpack.Progress] 66% building 637/677 modules 40 active D:\Java_project\HYPBlog\blog-cms\node_modules\echarts\lib\component\graphic.js
<s> [webpack.Progress] 66% building 637/678 modules 41 active D:\Java_project\HYPBlog\blog-cms\node_modules\echarts\lib\component\geo.js
<s> [webpack.Progress] 66% building 637/679 modules 42 active D:\Java_project\HYPBlog\blog-cms\node_modules\echarts\lib\component\calendar.js
<s> [webpack.Progress] 66% building 637/680 modules 43 active D:\Java_project\HYPBlog\blog-cms\node_modules\echarts\lib\component\toolbox.js
<s> [webpack.Progress] 66% building 637/681 modules 44 active D:\Java_project\HYPBlog\blog-cms\node_modules\echarts\lib\component\visualMapContinuous.js
<s> [webpack.Progress] 66% building 637/682 modules 45 active D:\Java_project\HYPBlog\blog-cms\node_modules\echarts\lib\component\tooltip.js
<s> [webpack.Progress] 65% building 637/683 modules 46 active D:\Java_project\HYPBlog\blog-cms\node_modules\echarts\lib\component\axisPointer.js
<s> [webpack.Progress] 65% building 637/684 modules 47 active D:\Java_project\HYPBlog\blog-cms\node_modules\echarts\lib\component\parallel.js
<s> [webpack.Progress] 65% building 637/685 modules 48 active D:\Java_project\HYPBlog\blog-cms\node_modules\echarts\lib\component\title.js
<s> [webpack.Progress] 65% building 637/686 modules 49 active D:\Java_project\HYPBlog\blog-cms\node_modules\echarts\lib\component\timeline.js
<s> [webpack.Progress] 65% building 637/687 modules 50 active D:\Java_project\HYPBlog\blog-cms\node_modules\echarts\lib\component\visualMapPiecewise.js
<s> [webpack.Progress] 65% building 637/688 modules 51 active D:\Java_project\HYPBlog\blog-cms\node_modules\echarts\lib\component\brush.js
<s> [webpack.Progress] 65% building 637/689 modules 52 active D:\Java_project\HYPBlog\blog-cms\node_modules\echarts\lib\component\visualMap.js
<s> [webpack.Progress] 65% building 637/690 modules 53 active D:\Java_project\HYPBlog\blog-cms\node_modules\echarts\lib\component\dataZoomSlider.js
<s> [webpack.Progress] 65% building 637/691 modules 54 active D:\Java_project\HYPBlog\blog-cms\node_modules\echarts\lib\component\dataZoomInside.js
<s> [webpack.Progress] 65% building 637/692 modules 55 active D:\Java_project\HYPBlog\blog-cms\node_modules\echarts\lib\component\dataZoom.js
<s> [webpack.Progress] 65% building 637/693 modules 56 active D:\Java_project\HYPBlog\blog-cms\node_modules\echarts\lib\component\legend.js
<s> [webpack.Progress] 65% building 637/694 modules 57 active D:\Java_project\HYPBlog\blog-cms\node_modules\echarts\lib\component\legendScroll.js
<s> [webpack.Progress] 64% building 637/695 modules 58 active D:\Java_project\HYPBlog\blog-cms\node_modules\echarts\lib\component\markArea.js
<s> [webpack.Progress] 64% building 637/696 modules 59 active D:\Java_project\HYPBlog\blog-cms\node_modules\echarts\lib\component\markLine.js
<s> [webpack.Progress] 64% building 638/696 modules 58 active D:\Java_project\HYPBlog\blog-cms\node_modules\echarts\lib\component\markLine.js
<s> [webpack.Progress] 65% building 639/696 modules 57 active D:\Java_project\HYPBlog\blog-cms\node_modules\echarts\lib\component\markLine.js
<s> [webpack.Progress] 65% building 640/696 modules 56 active D:\Java_project\HYPBlog\blog-cms\node_modules\echarts\lib\component\markLine.js
<s> [webpack.Progress] 65% building 641/696 modules 55 active D:\Java_project\HYPBlog\blog-cms\node_modules\echarts\lib\component\markLine.js
<s> [webpack.Progress] 65% building 642/696 modules 54 active D:\Java_project\HYPBlog\blog-cms\node_modules\echarts\lib\component\markLine.js
<s> [webpack.Progress] 65% building 643/696 modules 53 active D:\Java_project\HYPBlog\blog-cms\node_modules\echarts\lib\component\markLine.js
<s> [webpack.Progress] 65% building 644/696 modules 52 active D:\Java_project\HYPBlog\blog-cms\node_modules\echarts\lib\component\markLine.js
<s> [webpack.Progress] 65% building 645/696 modules 51 active D:\Java_project\HYPBlog\blog-cms\node_modules\echarts\lib\component\markLine.js
<s> [webpack.Progress] 65% building 645/697 modules 52 active D:\Java_project\HYPBlog\blog-cms\node_modules\vue-loader\lib\loaders\pitcher.js??ref--4!D:\Java_project\HYPBlog\blog-cms\node_modules\cache-loader\dist\cjs.js??ref--0-0!D:\Java_project\HYPBlog\blog-cms\node_modules\vue-loader\lib\index.js??vue-loader-options!D:\Java_project\HYPBlog\blog-cms\src\layout\components\AppMain.vue?vue&type=template&id=078753dd&scoped=true
<s> [webpack.Progress] 65% building 646/697 modules 51 active D:\Java_project\HYPBlog\blog-cms\node_modules\echarts\lib\component\markLine.js
<s> [webpack.Progress] 65% building 646/698 modules 52 active D:\Java_project\HYPBlog\blog-cms\node_modules\vue-loader\lib\loaders\pitcher.js??ref--4!D:\Java_project\HYPBlog\blog-cms\node_modules\cache-loader\dist\cjs.js??ref--12-0!D:\Java_project\HYPBlog\blog-cms\node_modules\babel-loader\lib\index.js!D:\Java_project\HYPBlog\blog-cms\node_modules\cache-loader\dist\cjs.js??ref--0-0!D:\Java_project\HYPBlog\blog-cms\node_modules\vue-loader\lib\index.js??vue-loader-options!D:\Java_project\HYPBlog\blog-cms\src\layout\components\AppMain.vue?vue&type=script&lang=js
<s> [webpack.Progress] 65% building 647/698 modules 51 active D:\Java_project\HYPBlog\blog-cms\node_modules\echarts\lib\component\markLine.js
<s> [webpack.Progress] 65% building 647/699 modules 52 active D:\Java_project\HYPBlog\blog-cms\node_modules\vue-loader\lib\loaders\pitcher.js??ref--4!D:\Java_project\HYPBlog\blog-cms\node_modules\vue-style-loader\index.js??ref--6-oneOf-1-0!D:\Java_project\HYPBlog\blog-cms\node_modules\css-loader\dist\cjs.js??ref--6-oneOf-1-1!D:\Java_project\HYPBlog\blog-cms\node_modules\postcss-loader\src\index.js??ref--6-oneOf-1-2!D:\Java_project\HYPBlog\blog-cms\node_modules\cache-loader\dist\cjs.js??ref--0-0!D:\Java_project\HYPBlog\blog-cms\node_modules\vue-loader\lib\index.js??vue-loader-options!D:\Java_project\HYPBlog\blog-cms\src\layout\components\AppMain.vue?vue&type=style&index=0&id=078753dd&scoped=true&lang=css
<s> [webpack.Progress] 65% building 648/699 modules 51 active D:\Java_project\HYPBlog\blog-cms\node_modules\echarts\lib\component\markLine.js
<s> [webpack.Progress] 65% building 648/700 modules 52 active D:\Java_project\HYPBlog\blog-cms\node_modules\vue-loader\lib\loaders\pitcher.js??ref--4!D:\Java_project\HYPBlog\blog-cms\node_modules\vue-style-loader\index.js??ref--8-oneOf-1-0!D:\Java_project\HYPBlog\blog-cms\node_modules\css-loader\dist\cjs.js??ref--8-oneOf-1-1!D:\Java_project\HYPBlog\blog-cms\node_modules\postcss-loader\src\index.js??ref--8-oneOf-1-2!D:\Java_project\HYPBlog\blog-cms\node_modules\sass-loader\dist\cjs.js??ref--8-oneOf-1-3!D:\Java_project\HYPBlog\blog-cms\node_modules\cache-loader\dist\cjs.js??ref--0-0!D:\Java_project\HYPBlog\blog-cms\node_modules\vue-loader\lib\index.js??vue-loader-options!D:\Java_project\HYPBlog\blog-cms\src\layout\components\AppMain.vue?vue&type=style&index=1&id=078753dd&lang=scss
<s> [webpack.Progress] 65% building 649/700 modules 51 active D:\Java_project\HYPBlog\blog-cms\node_modules\echarts\lib\component\markLine.js
<s> [webpack.Progress] 65% building 649/701 modules 52 active D:\Java_project\HYPBlog\blog-cms\node_modules\cache-loader\dist\cjs.js??ref--12-0!D:\Java_project\HYPBlog\blog-cms\node_modules\babel-loader\lib\index.js!D:\Java_project\HYPBlog\blog-cms\node_modules\cache-loader\dist\cjs.js??ref--0-0!D:\Java_project\HYPBlog\blog-cms\node_modules\vue-loader\lib\index.js??vue-loader-options!D:\Java_project\HYPBlog\blog-cms\src\layout\components\AppMain.vue?vue&type=script&lang=js
<s> [webpack.Progress] 65% building 649/702 modules 53 active D:\Java_project\HYPBlog\blog-cms\node_modules\cache-loader\dist\cjs.js?{"cacheDirectory":"node_modules/.cache/vue-loader","cacheIdentifier":"b828289e-vue-loader-template"}!D:\Java_project\HYPBlog\blog-cms\node_modules\vue-loader\lib\loaders\templateLoader.js??vue-loader-options!D:\Java_project\HYPBlog\blog-cms\node_modules\cache-loader\dist\cjs.js??ref--0-0!D:\Java_project\HYPBlog\blog-cms\node_modules\vue-loader\lib\index.js??vue-loader-options!D:\Java_project\HYPBlog\blog-cms\src\layout\components\AppMain.vue?vue&type=template&id=078753dd&scoped=true
<s> [webpack.Progress] 65% building 649/703 modules 54 active D:\Java_project\HYPBlog\blog-cms\node_modules\vue-style-loader\index.js??ref--6-oneOf-1-0!D:\Java_project\HYPBlog\blog-cms\node_modules\css-loader\dist\cjs.js??ref--6-oneOf-1-1!D:\Java_project\HYPBlog\blog-cms\node_modules\vue-loader\lib\loaders\stylePostLoader.js!D:\Java_project\HYPBlog\blog-cms\node_modules\postcss-loader\src\index.js??ref--6-oneOf-1-2!D:\Java_project\HYPBlog\blog-cms\node_modules\cache-loader\dist\cjs.js??ref--0-0!D:\Java_project\HYPBlog\blog-cms\node_modules\vue-loader\lib\index.js??vue-loader-options!D:\Java_project\HYPBlog\blog-cms\src\layout\components\AppMain.vue?vue&type=style&index=0&id=078753dd&scoped=true&lang=css
<s> [webpack.Progress] 65% building 650/703 modules 53 active D:\Java_project\HYPBlog\blog-cms\node_modules\cache-loader\dist\cjs.js?{"cacheDirectory":"node_modules/.cache/vue-loader","cacheIdentifier":"b828289e-vue-loader-template"}!D:\Java_project\HYPBlog\blog-cms\node_modules\vue-loader\lib\loaders\templateLoader.js??vue-loader-options!D:\Java_project\HYPBlog\blog-cms\node_modules\cache-loader\dist\cjs.js??ref--0-0!D:\Java_project\HYPBlog\blog-cms\node_modules\vue-loader\lib\index.js??vue-loader-options!D:\Java_project\HYPBlog\blog-cms\src\layout\components\AppMain.vue?vue&type=template&id=078753dd&scoped=true
<s> [webpack.Progress] 65% building 650/704 modules 54 active D:\Java_project\HYPBlog\blog-cms\node_modules\vue-style-loader\index.js??ref--8-oneOf-1-0!D:\Java_project\HYPBlog\blog-cms\node_modules\css-loader\dist\cjs.js??ref--8-oneOf-1-1!D:\Java_project\HYPBlog\blog-cms\node_modules\vue-loader\lib\loaders\stylePostLoader.js!D:\Java_project\HYPBlog\blog-cms\node_modules\postcss-loader\src\index.js??ref--8-oneOf-1-2!D:\Java_project\HYPBlog\blog-cms\node_modules\sass-loader\dist\cjs.js??ref--8-oneOf-1-3!D:\Java_project\HYPBlog\blog-cms\node_modules\cache-loader\dist\cjs.js??ref--0-0!D:\Java_project\HYPBlog\blog-cms\node_modules\vue-loader\lib\index.js??vue-loader-options!D:\Java_project\HYPBlog\blog-cms\src\layout\components\AppMain.vue?vue&type=style&index=1&id=078753dd&lang=scss
<s> [webpack.Progress] 65% building 651/704 modules 53 active D:\Java_project\HYPBlog\blog-cms\node_modules\cache-loader\dist\cjs.js?{"cacheDirectory":"node_modules/.cache/vue-loader","cacheIdentifier":"b828289e-vue-loader-template"}!D:\Java_project\HYPBlog\blog-cms\node_modules\vue-loader\lib\loaders\templateLoader.js??vue-loader-options!D:\Java_project\HYPBlog\blog-cms\node_modules\cache-loader\dist\cjs.js??ref--0-0!D:\Java_project\HYPBlog\blog-cms\node_modules\vue-loader\lib\index.js??vue-loader-options!D:\Java_project\HYPBlog\blog-cms\src\layout\components\AppMain.vue?vue&type=template&id=078753dd&scoped=true
<s> [webpack.Progress] 65% building 651/705 modules 54 active D:\Java_project\HYPBlog\blog-cms\node_modules\css-loader\dist\cjs.js??ref--6-oneOf-1-1!D:\Java_project\HYPBlog\blog-cms\node_modules\vue-loader\lib\loaders\stylePostLoader.js!D:\Java_project\HYPBlog\blog-cms\node_modules\postcss-loader\src\index.js??ref--6-oneOf-1-2!D:\Java_project\HYPBlog\blog-cms\node_modules\cache-loader\dist\cjs.js??ref--0-0!D:\Java_project\HYPBlog\blog-cms\node_modules\vue-loader\lib\index.js??vue-loader-options!D:\Java_project\HYPBlog\blog-cms\src\layout\components\AppMain.vue?vue&type=style&index=0&id=078753dd&scoped=true&lang=css
<s> [webpack.Progress] 65% building 651/706 modules 55 active D:\Java_project\HYPBlog\blog-cms\node_modules\css-loader\dist\cjs.js??ref--8-oneOf-1-1!D:\Java_project\HYPBlog\blog-cms\node_modules\vue-loader\lib\loaders\stylePostLoader.js!D:\Java_project\HYPBlog\blog-cms\node_modules\postcss-loader\src\index.js??ref--8-oneOf-1-2!D:\Java_project\HYPBlog\blog-cms\node_modules\sass-loader\dist\cjs.js??ref--8-oneOf-1-3!D:\Java_project\HYPBlog\blog-cms\node_modules\cache-loader\dist\cjs.js??ref--0-0!D:\Java_project\HYPBlog\blog-cms\node_modules\vue-loader\lib\index.js??vue-loader-options!D:\Java_project\HYPBlog\blog-cms\src\layout\components\AppMain.vue?vue&type=style&index=1&id=078753dd&lang=scss
<s> [webpack.Progress] 65% building 652/706 modules 54 active D:\Java_project\HYPBlog\blog-cms\node_modules\css-loader\dist\cjs.js??ref--8-oneOf-1-1!D:\Java_project\HYPBlog\blog-cms\node_modules\vue-loader\lib\loaders\stylePostLoader.js!D:\Java_project\HYPBlog\blog-cms\node_modules\postcss-loader\src\index.js??ref--8-oneOf-1-2!D:\Java_project\HYPBlog\blog-cms\node_modules\sass-loader\dist\cjs.js??ref--8-oneOf-1-3!D:\Java_project\HYPBlog\blog-cms\node_modules\cache-loader\dist\cjs.js??ref--0-0!D:\Java_project\HYPBlog\blog-cms\node_modules\vue-loader\lib\index.js??vue-loader-options!D:\Java_project\HYPBlog\blog-cms\src\layout\components\AppMain.vue?vue&type=style&index=1&id=078753dd&lang=scss
<s> [webpack.Progress] 65% building 652/707 modules 55 active D:\Java_project\HYPBlog\blog-cms\node_modules\vue-loader\lib\loaders\pitcher.js??ref--4!D:\Java_project\HYPBlog\blog-cms\node_modules\cache-loader\dist\cjs.js??ref--0-0!D:\Java_project\HYPBlog\blog-cms\node_modules\vue-loader\lib\index.js??vue-loader-options!D:\Java_project\HYPBlog\blog-cms\src\layout\components\Navbar.vue?vue&type=template&id=d16d6306&scoped=true
<s> [webpack.Progress] 65% building 653/707 modules 54 active D:\Java_project\HYPBlog\blog-cms\node_modules\css-loader\dist\cjs.js??ref--8-oneOf-1-1!D:\Java_project\HYPBlog\blog-cms\node_modules\vue-loader\lib\loaders\stylePostLoader.js!D:\Java_project\HYPBlog\blog-cms\node_modules\postcss-loader\src\index.js??ref--8-oneOf-1-2!D:\Java_project\HYPBlog\blog-cms\node_modules\sass-loader\dist\cjs.js??ref--8-oneOf-1-3!D:\Java_project\HYPBlog\blog-cms\node_modules\cache-loader\dist\cjs.js??ref--0-0!D:\Java_project\HYPBlog\blog-cms\node_modules\vue-loader\lib\index.js??vue-loader-options!D:\Java_project\HYPBlog\blog-cms\src\layout\components\AppMain.vue?vue&type=style&index=1&id=078753dd&lang=scss
<s> [webpack.Progress] 65% building 653/708 modules 55 active D:\Java_project\HYPBlog\blog-cms\node_modules\vue-loader\lib\loaders\pitcher.js??ref--4!D:\Java_project\HYPBlog\blog-cms\node_modules\cache-loader\dist\cjs.js??ref--12-0!D:\Java_project\HYPBlog\blog-cms\node_modules\babel-loader\lib\index.js!D:\Java_project\HYPBlog\blog-cms\node_modules\cache-loader\dist\cjs.js??ref--0-0!D:\Java_project\HYPBlog\blog-cms\node_modules\vue-loader\lib\index.js??vue-loader-options!D:\Java_project\HYPBlog\blog-cms\src\layout\components\Navbar.vue?vue&type=script&lang=js
<s> [webpack.Progress] 65% building 654/708 modules 54 active D:\Java_project\HYPBlog\blog-cms\node_modules\css-loader\dist\cjs.js??ref--8-oneOf-1-1!D:\Java_project\HYPBlog\blog-cms\node_modules\vue-loader\lib\loaders\stylePostLoader.js!D:\Java_project\HYPBlog\blog-cms\node_modules\postcss-loader\src\index.js??ref--8-oneOf-1-2!D:\Java_project\HYPBlog\blog-cms\node_modules\sass-loader\dist\cjs.js??ref--8-oneOf-1-3!D:\Java_project\HYPBlog\blog-cms\node_modules\cache-loader\dist\cjs.js??ref--0-0!D:\Java_project\HYPBlog\blog-cms\node_modules\vue-loader\lib\index.js??vue-loader-options!D:\Java_project\HYPBlog\blog-cms\src\layout\components\AppMain.vue?vue&type=style&index=1&id=078753dd&lang=scss
<s> [webpack.Progress] 65% building 654/709 modules 55 active D:\Java_project\HYPBlog\blog-cms\node_modules\vue-loader\lib\loaders\pitcher.js??ref--4!D:\Java_project\HYPBlog\blog-cms\node_modules\vue-style-loader\index.js??ref--8-oneOf-1-0!D:\Java_project\HYPBlog\blog-cms\node_modules\css-loader\dist\cjs.js??ref--8-oneOf-1-1!D:\Java_project\HYPBlog\blog-cms\node_modules\postcss-loader\src\index.js??ref--8-oneOf-1-2!D:\Java_project\HYPBlog\blog-cms\node_modules\sass-loader\dist\cjs.js??ref--8-oneOf-1-3!D:\Java_project\HYPBlog\blog-cms\node_modules\cache-loader\dist\cjs.js??ref--0-0!D:\Java_project\HYPBlog\blog-cms\node_modules\vue-loader\lib\index.js??vue-loader-options!D:\Java_project\HYPBlog\blog-cms\src\layout\components\Navbar.vue?vue&type=style&index=0&id=d16d6306&lang=scss&scoped=true
<s> [webpack.Progress] 65% building 655/709 modules 54 active D:\Java_project\HYPBlog\blog-cms\node_modules\css-loader\dist\cjs.js??ref--8-oneOf-1-1!D:\Java_project\HYPBlog\blog-cms\node_modules\vue-loader\lib\loaders\stylePostLoader.js!D:\Java_project\HYPBlog\blog-cms\node_modules\postcss-loader\src\index.js??ref--8-oneOf-1-2!D:\Java_project\HYPBlog\blog-cms\node_modules\sass-loader\dist\cjs.js??ref--8-oneOf-1-3!D:\Java_project\HYPBlog\blog-cms\node_modules\cache-loader\dist\cjs.js??ref--0-0!D:\Java_project\HYPBlog\blog-cms\node_modules\vue-loader\lib\index.js??vue-loader-options!D:\Java_project\HYPBlog\blog-cms\src\layout\components\AppMain.vue?vue&type=style&index=1&id=078753dd&lang=scss
<s> [webpack.Progress] 65% building 655/710 modules 55 active D:\Java_project\HYPBlog\blog-cms\node_modules\cache-loader\dist\cjs.js??ref--12-0!D:\Java_project\HYPBlog\blog-cms\node_modules\babel-loader\lib\index.js!D:\Java_project\HYPBlog\blog-cms\node_modules\cache-loader\dist\cjs.js??ref--0-0!D:\Java_project\HYPBlog\blog-cms\node_modules\vue-loader\lib\index.js??vue-loader-options!D:\Java_project\HYPBlog\blog-cms\src\layout\components\Navbar.vue?vue&type=script&lang=js
<s> [webpack.Progress] 65% building 655/711 modules 56 active D:\Java_project\HYPBlog\blog-cms\node_modules\cache-loader\dist\cjs.js?{"cacheDirectory":"node_modules/.cache/vue-loader","cacheIdentifier":"b828289e-vue-loader-template"}!D:\Java_project\HYPBlog\blog-cms\node_modules\vue-loader\lib\loaders\templateLoader.js??vue-loader-options!D:\Java_project\HYPBlog\blog-cms\node_modules\cache-loader\dist\cjs.js??ref--0-0!D:\Java_project\HYPBlog\blog-cms\node_modules\vue-loader\lib\index.js??vue-loader-options!D:\Java_project\HYPBlog\blog-cms\src\layout\components\Navbar.vue?vue&type=template&id=d16d6306&scoped=true
<s> [webpack.Progress] 65% building 655/712 modules 57 active D:\Java_project\HYPBlog\blog-cms\node_modules\vue-style-loader\index.js??ref--8-oneOf-1-0!D:\Java_project\HYPBlog\blog-cms\node_modules\css-loader\dist\cjs.js??ref--8-oneOf-1-1!D:\Java_project\HYPBlog\blog-cms\node_modules\vue-loader\lib\loaders\stylePostLoader.js!D:\Java_project\HYPBlog\blog-cms\node_modules\postcss-loader\src\index.js??ref--8-oneOf-1-2!D:\Java_project\HYPBlog\blog-cms\node_modules\sass-loader\dist\cjs.js??ref--8-oneOf-1-3!D:\Java_project\HYPBlog\blog-cms\node_modules\cache-loader\dist\cjs.js??ref--0-0!D:\Java_project\HYPBlog\blog-cms\node_modules\vue-loader\lib\index.js??vue-loader-options!D:\Java_project\HYPBlog\blog-cms\src\layout\components\Navbar.vue?vue&type=style&index=0&id=d16d6306&lang=scss&scoped=true
<s> [webpack.Progress] 65% building 656/712 modules 56 active D:\Java_project\HYPBlog\blog-cms\node_modules\cache-loader\dist\cjs.js?{"cacheDirectory":"node_modules/.cache/vue-loader","cacheIdentifier":"b828289e-vue-loader-template"}!D:\Java_project\HYPBlog\blog-cms\node_modules\vue-loader\lib\loaders\templateLoader.js??vue-loader-options!D:\Java_project\HYPBlog\blog-cms\node_modules\cache-loader\dist\cjs.js??ref--0-0!D:\Java_project\HYPBlog\blog-cms\node_modules\vue-loader\lib\index.js??vue-loader-options!D:\Java_project\HYPBlog\blog-cms\src\layout\components\Navbar.vue?vue&type=template&id=d16d6306&scoped=true
<s> [webpack.Progress] 65% building 656/713 modules 57 active D:\Java_project\HYPBlog\blog-cms\node_modules\css-loader\dist\cjs.js??ref--8-oneOf-1-1!D:\Java_project\HYPBlog\blog-cms\node_modules\vue-loader\lib\loaders\stylePostLoader.js!D:\Java_project\HYPBlog\blog-cms\node_modules\postcss-loader\src\index.js??ref--8-oneOf-1-2!D:\Java_project\HYPBlog\blog-cms\node_modules\sass-loader\dist\cjs.js??ref--8-oneOf-1-3!D:\Java_project\HYPBlog\blog-cms\node_modules\cache-loader\dist\cjs.js??ref--0-0!D:\Java_project\HYPBlog\blog-cms\node_modules\vue-loader\lib\index.js??vue-loader-options!D:\Java_project\HYPBlog\blog-cms\src\layout\components\Navbar.vue?vue&type=style&index=0&id=d16d6306&lang=scss&scoped=true
<s> [webpack.Progress] 65% building 657/713 modules 56 active D:\Java_project\HYPBlog\blog-cms\node_modules\css-loader\dist\cjs.js??ref--8-oneOf-1-1!D:\Java_project\HYPBlog\blog-cms\node_modules\vue-loader\lib\loaders\stylePostLoader.js!D:\Java_project\HYPBlog\blog-cms\node_modules\postcss-loader\src\index.js??ref--8-oneOf-1-2!D:\Java_project\HYPBlog\blog-cms\node_modules\sass-loader\dist\cjs.js??ref--8-oneOf-1-3!D:\Java_project\HYPBlog\blog-cms\node_modules\cache-loader\dist\cjs.js??ref--0-0!D:\Java_project\HYPBlog\blog-cms\node_modules\vue-loader\lib\index.js??vue-loader-options!D:\Java_project\HYPBlog\blog-cms\src\layout\components\Navbar.vue?vue&type=style&index=0&id=d16d6306&lang=scss&scoped=true
<s> [webpack.Progress] 65% building 658/713 modules 55 active D:\Java_project\HYPBlog\blog-cms\node_modules\css-loader\dist\cjs.js??ref--8-oneOf-1-1!D:\Java_project\HYPBlog\blog-cms\node_modules\vue-loader\lib\loaders\stylePostLoader.js!D:\Java_project\HYPBlog\blog-cms\node_modules\postcss-loader\src\index.js??ref--8-oneOf-1-2!D:\Java_project\HYPBlog\blog-cms\node_modules\sass-loader\dist\cjs.js??ref--8-oneOf-1-3!D:\Java_project\HYPBlog\blog-cms\node_modules\cache-loader\dist\cjs.js??ref--0-0!D:\Java_project\HYPBlog\blog-cms\node_modules\vue-loader\lib\index.js??vue-loader-options!D:\Java_project\HYPBlog\blog-cms\src\layout\components\Navbar.vue?vue&type=style&index=0&id=d16d6306&lang=scss&scoped=true
<s> [webpack.Progress] 65% building 659/713 modules 54 active D:\Java_project\HYPBlog\blog-cms\node_modules\css-loader\dist\cjs.js??ref--8-oneOf-1-1!D:\Java_project\HYPBlog\blog-cms\node_modules\vue-loader\lib\loaders\stylePostLoader.js!D:\Java_project\HYPBlog\blog-cms\node_modules\postcss-loader\src\index.js??ref--8-oneOf-1-2!D:\Java_project\HYPBlog\blog-cms\node_modules\sass-loader\dist\cjs.js??ref--8-oneOf-1-3!D:\Java_project\HYPBlog\blog-cms\node_modules\cache-loader\dist\cjs.js??ref--0-0!D:\Java_project\HYPBlog\blog-cms\node_modules\vue-loader\lib\index.js??vue-loader-options!D:\Java_project\HYPBlog\blog-cms\src\layout\components\Navbar.vue?vue&type=style&index=0&id=d16d6306&lang=scss&scoped=true
<s> [webpack.Progress] 65% building 660/713 modules 53 active D:\Java_project\HYPBlog\blog-cms\node_modules\css-loader\dist\cjs.js??ref--8-oneOf-1-1!D:\Java_project\HYPBlog\blog-cms\node_modules\vue-loader\lib\loaders\stylePostLoader.js!D:\Java_project\HYPBlog\blog-cms\node_modules\postcss-loader\src\index.js??ref--8-oneOf-1-2!D:\Java_project\HYPBlog\blog-cms\node_modules\sass-loader\dist\cjs.js??ref--8-oneOf-1-3!D:\Java_project\HYPBlog\blog-cms\node_modules\cache-loader\dist\cjs.js??ref--0-0!D:\Java_project\HYPBlog\blog-cms\node_modules\vue-loader\lib\index.js??vue-loader-options!D:\Java_project\HYPBlog\blog-cms\src\layout\components\Navbar.vue?vue&type=style&index=0&id=d16d6306&lang=scss&scoped=true
<s> [webpack.Progress] 65% building 661/713 modules 52 active D:\Java_project\HYPBlog\blog-cms\node_modules\css-loader\dist\cjs.js??ref--8-oneOf-1-1!D:\Java_project\HYPBlog\blog-cms\node_modules\vue-loader\lib\loaders\stylePostLoader.js!D:\Java_project\HYPBlog\blog-cms\node_modules\postcss-loader\src\index.js??ref--8-oneOf-1-2!D:\Java_project\HYPBlog\blog-cms\node_modules\sass-loader\dist\cjs.js??ref--8-oneOf-1-3!D:\Java_project\HYPBlog\blog-cms\node_modules\cache-loader\dist\cjs.js??ref--0-0!D:\Java_project\HYPBlog\blog-cms\node_modules\vue-loader\lib\index.js??vue-loader-options!D:\Java_project\HYPBlog\blog-cms\src\layout\components\Navbar.vue?vue&type=style&index=0&id=d16d6306&lang=scss&scoped=true
<s> [webpack.Progress] 65% building 662/713 modules 51 active D:\Java_project\HYPBlog\blog-cms\node_modules\css-loader\dist\cjs.js??ref--8-oneOf-1-1!D:\Java_project\HYPBlog\blog-cms\node_modules\vue-loader\lib\loaders\stylePostLoader.js!D:\Java_project\HYPBlog\blog-cms\node_modules\postcss-loader\src\index.js??ref--8-oneOf-1-2!D:\Java_project\HYPBlog\blog-cms\node_modules\sass-loader\dist\cjs.js??ref--8-oneOf-1-3!D:\Java_project\HYPBlog\blog-cms\node_modules\cache-loader\dist\cjs.js??ref--0-0!D:\Java_project\HYPBlog\blog-cms\node_modules\vue-loader\lib\index.js??vue-loader-options!D:\Java_project\HYPBlog\blog-cms\src\layout\components\Navbar.vue?vue&type=style&index=0&id=d16d6306&lang=scss&scoped=true
<s> [webpack.Progress] 65% building 663/713 modules 50 active D:\Java_project\HYPBlog\blog-cms\node_modules\css-loader\dist\cjs.js??ref--8-oneOf-1-1!D:\Java_project\HYPBlog\blog-cms\node_modules\vue-loader\lib\loaders\stylePostLoader.js!D:\Java_project\HYPBlog\blog-cms\node_modules\postcss-loader\src\index.js??ref--8-oneOf-1-2!D:\Java_project\HYPBlog\blog-cms\node_modules\sass-loader\dist\cjs.js??ref--8-oneOf-1-3!D:\Java_project\HYPBlog\blog-cms\node_modules\cache-loader\dist\cjs.js??ref--0-0!D:\Java_project\HYPBlog\blog-cms\node_modules\vue-loader\lib\index.js??vue-loader-options!D:\Java_project\HYPBlog\blog-cms\src\layout\components\Navbar.vue?vue&type=style&index=0&id=d16d6306&lang=scss&scoped=true
<s> [webpack.Progress] 65% building 664/713 modules 49 active D:\Java_project\HYPBlog\blog-cms\node_modules\css-loader\dist\cjs.js??ref--8-oneOf-1-1!D:\Java_project\HYPBlog\blog-cms\node_modules\vue-loader\lib\loaders\stylePostLoader.js!D:\Java_project\HYPBlog\blog-cms\node_modules\postcss-loader\src\index.js??ref--8-oneOf-1-2!D:\Java_project\HYPBlog\blog-cms\node_modules\sass-loader\dist\cjs.js??ref--8-oneOf-1-3!D:\Java_project\HYPBlog\blog-cms\node_modules\cache-loader\dist\cjs.js??ref--0-0!D:\Java_project\HYPBlog\blog-cms\node_modules\vue-loader\lib\index.js??vue-loader-options!D:\Java_project\HYPBlog\blog-cms\src\layout\components\Navbar.vue?vue&type=style&index=0&id=d16d6306&lang=scss&scoped=true
<s> [webpack.Progress] 65% building 665/713 modules 48 active D:\Java_project\HYPBlog\blog-cms\node_modules\css-loader\dist\cjs.js??ref--8-oneOf-1-1!D:\Java_project\HYPBlog\blog-cms\node_modules\vue-loader\lib\loaders\stylePostLoader.js!D:\Java_project\HYPBlog\blog-cms\node_modules\postcss-loader\src\index.js??ref--8-oneOf-1-2!D:\Java_project\HYPBlog\blog-cms\node_modules\sass-loader\dist\cjs.js??ref--8-oneOf-1-3!D:\Java_project\HYPBlog\blog-cms\node_modules\cache-loader\dist\cjs.js??ref--0-0!D:\Java_project\HYPBlog\blog-cms\node_modules\vue-loader\lib\index.js??vue-loader-options!D:\Java_project\HYPBlog\blog-cms\src\layout\components\Navbar.vue?vue&type=style&index=0&id=d16d6306&lang=scss&scoped=true
<s> [webpack.Progress] 66% building 666/713 modules 47 active D:\Java_project\HYPBlog\blog-cms\node_modules\css-loader\dist\cjs.js??ref--8-oneOf-1-1!D:\Java_project\HYPBlog\blog-cms\node_modules\vue-loader\lib\loaders\stylePostLoader.js!D:\Java_project\HYPBlog\blog-cms\node_modules\postcss-loader\src\index.js??ref--8-oneOf-1-2!D:\Java_project\HYPBlog\blog-cms\node_modules\sass-loader\dist\cjs.js??ref--8-oneOf-1-3!D:\Java_project\HYPBlog\blog-cms\node_modules\cache-loader\dist\cjs.js??ref--0-0!D:\Java_project\HYPBlog\blog-cms\node_modules\vue-loader\lib\index.js??vue-loader-options!D:\Java_project\HYPBlog\blog-cms\src\layout\components\Navbar.vue?vue&type=style&index=0&id=d16d6306&lang=scss&scoped=true
<s> [webpack.Progress] 66% building 667/713 modules 46 active D:\Java_project\HYPBlog\blog-cms\node_modules\css-loader\dist\cjs.js??ref--8-oneOf-1-1!D:\Java_project\HYPBlog\blog-cms\node_modules\vue-loader\lib\loaders\stylePostLoader.js!D:\Java_project\HYPBlog\blog-cms\node_modules\postcss-loader\src\index.js??ref--8-oneOf-1-2!D:\Java_project\HYPBlog\blog-cms\node_modules\sass-loader\dist\cjs.js??ref--8-oneOf-1-3!D:\Java_project\HYPBlog\blog-cms\node_modules\cache-loader\dist\cjs.js??ref--0-0!D:\Java_project\HYPBlog\blog-cms\node_modules\vue-loader\lib\index.js??vue-loader-options!D:\Java_project\HYPBlog\blog-cms\src\layout\components\Navbar.vue?vue&type=style&index=0&id=d16d6306&lang=scss&scoped=true
<s> [webpack.Progress] 66% building 668/713 modules 45 active D:\Java_project\HYPBlog\blog-cms\node_modules\css-loader\dist\cjs.js??ref--8-oneOf-1-1!D:\Java_project\HYPBlog\blog-cms\node_modules\vue-loader\lib\loaders\stylePostLoader.js!D:\Java_project\HYPBlog\blog-cms\node_modules\postcss-loader\src\index.js??ref--8-oneOf-1-2!D:\Java_project\HYPBlog\blog-cms\node_modules\sass-loader\dist\cjs.js??ref--8-oneOf-1-3!D:\Java_project\HYPBlog\blog-cms\node_modules\cache-loader\dist\cjs.js??ref--0-0!D:\Java_project\HYPBlog\blog-cms\node_modules\vue-loader\lib\index.js??vue-loader-options!D:\Java_project\HYPBlog\blog-cms\src\layout\components\Navbar.vue?vue&type=style&index=0&id=d16d6306&lang=scss&scoped=true
<s> [webpack.Progress] 66% building 669/713 modules 44 active D:\Java_project\HYPBlog\blog-cms\node_modules\css-loader\dist\cjs.js??ref--8-oneOf-1-1!D:\Java_project\HYPBlog\blog-cms\node_modules\vue-loader\lib\loaders\stylePostLoader.js!D:\Java_project\HYPBlog\blog-cms\node_modules\postcss-loader\src\index.js??ref--8-oneOf-1-2!D:\Java_project\HYPBlog\blog-cms\node_modules\sass-loader\dist\cjs.js??ref--8-oneOf-1-3!D:\Java_project\HYPBlog\blog-cms\node_modules\cache-loader\dist\cjs.js??ref--0-0!D:\Java_project\HYPBlog\blog-cms\node_modules\vue-loader\lib\index.js??vue-loader-options!D:\Java_project\HYPBlog\blog-cms\src\layout\components\Navbar.vue?vue&type=style&index=0&id=d16d6306&lang=scss&scoped=true
<s> [webpack.Progress] 66% building 670/713 modules 43 active D:\Java_project\HYPBlog\blog-cms\node_modules\css-loader\dist\cjs.js??ref--8-oneOf-1-1!D:\Java_project\HYPBlog\blog-cms\node_modules\vue-loader\lib\loaders\stylePostLoader.js!D:\Java_project\HYPBlog\blog-cms\node_modules\postcss-loader\src\index.js??ref--8-oneOf-1-2!D:\Java_project\HYPBlog\blog-cms\node_modules\sass-loader\dist\cjs.js??ref--8-oneOf-1-3!D:\Java_project\HYPBlog\blog-cms\node_modules\cache-loader\dist\cjs.js??ref--0-0!D:\Java_project\HYPBlog\blog-cms\node_modules\vue-loader\lib\index.js??vue-loader-options!D:\Java_project\HYPBlog\blog-cms\src\layout\components\Navbar.vue?vue&type=style&index=0&id=d16d6306&lang=scss&scoped=true
<s> [webpack.Progress] 66% building 671/713 modules 42 active D:\Java_project\HYPBlog\blog-cms\node_modules\css-loader\dist\cjs.js??ref--8-oneOf-1-1!D:\Java_project\HYPBlog\blog-cms\node_modules\vue-loader\lib\loaders\stylePostLoader.js!D:\Java_project\HYPBlog\blog-cms\node_modules\postcss-loader\src\index.js??ref--8-oneOf-1-2!D:\Java_project\HYPBlog\blog-cms\node_modules\sass-loader\dist\cjs.js??ref--8-oneOf-1-3!D:\Java_project\HYPBlog\blog-cms\node_modules\cache-loader\dist\cjs.js??ref--0-0!D:\Java_project\HYPBlog\blog-cms\node_modules\vue-loader\lib\index.js??vue-loader-options!D:\Java_project\HYPBlog\blog-cms\src\layout\components\Navbar.vue?vue&type=style&index=0&id=d16d6306&lang=scss&scoped=true
<s> [webpack.Progress] 66% building 672/713 modules 41 active D:\Java_project\HYPBlog\blog-cms\node_modules\css-loader\dist\cjs.js??ref--8-oneOf-1-1!D:\Java_project\HYPBlog\blog-cms\node_modules\vue-loader\lib\loaders\stylePostLoader.js!D:\Java_project\HYPBlog\blog-cms\node_modules\postcss-loader\src\index.js??ref--8-oneOf-1-2!D:\Java_project\HYPBlog\blog-cms\node_modules\sass-loader\dist\cjs.js??ref--8-oneOf-1-3!D:\Java_project\HYPBlog\blog-cms\node_modules\cache-loader\dist\cjs.js??ref--0-0!D:\Java_project\HYPBlog\blog-cms\node_modules\vue-loader\lib\index.js??vue-loader-options!D:\Java_project\HYPBlog\blog-cms\src\layout\components\Navbar.vue?vue&type=style&index=0&id=d16d6306&lang=scss&scoped=true
<s> [webpack.Progress] 66% building 673/713 modules 40 active D:\Java_project\HYPBlog\blog-cms\node_modules\css-loader\dist\cjs.js??ref--8-oneOf-1-1!D:\Java_project\HYPBlog\blog-cms\node_modules\vue-loader\lib\loaders\stylePostLoader.js!D:\Java_project\HYPBlog\blog-cms\node_modules\postcss-loader\src\index.js??ref--8-oneOf-1-2!D:\Java_project\HYPBlog\blog-cms\node_modules\sass-loader\dist\cjs.js??ref--8-oneOf-1-3!D:\Java_project\HYPBlog\blog-cms\node_modules\cache-loader\dist\cjs.js??ref--0-0!D:\Java_project\HYPBlog\blog-cms\node_modules\vue-loader\lib\index.js??vue-loader-options!D:\Java_project\HYPBlog\blog-cms\src\layout\components\Navbar.vue?vue&type=style&index=0&id=d16d6306&lang=scss&scoped=true
<s> [webpack.Progress] 66% building 674/713 modules 39 active D:\Java_project\HYPBlog\blog-cms\node_modules\css-loader\dist\cjs.js??ref--8-oneOf-1-1!D:\Java_project\HYPBlog\blog-cms\node_modules\vue-loader\lib\loaders\stylePostLoader.js!D:\Java_project\HYPBlog\blog-cms\node_modules\postcss-loader\src\index.js??ref--8-oneOf-1-2!D:\Java_project\HYPBlog\blog-cms\node_modules\sass-loader\dist\cjs.js??ref--8-oneOf-1-3!D:\Java_project\HYPBlog\blog-cms\node_modules\cache-loader\dist\cjs.js??ref--0-0!D:\Java_project\HYPBlog\blog-cms\node_modules\vue-loader\lib\index.js??vue-loader-options!D:\Java_project\HYPBlog\blog-cms\src\layout\components\Navbar.vue?vue&type=style&index=0&id=d16d6306&lang=scss&scoped=true
<s> [webpack.Progress] 66% building 675/713 modules 38 active D:\Java_project\HYPBlog\blog-cms\node_modules\css-loader\dist\cjs.js??ref--8-oneOf-1-1!D:\Java_project\HYPBlog\blog-cms\node_modules\vue-loader\lib\loaders\stylePostLoader.js!D:\Java_project\HYPBlog\blog-cms\node_modules\postcss-loader\src\index.js??ref--8-oneOf-1-2!D:\Java_project\HYPBlog\blog-cms\node_modules\sass-loader\dist\cjs.js??ref--8-oneOf-1-3!D:\Java_project\HYPBlog\blog-cms\node_modules\cache-loader\dist\cjs.js??ref--0-0!D:\Java_project\HYPBlog\blog-cms\node_modules\vue-loader\lib\index.js??vue-loader-options!D:\Java_project\HYPBlog\blog-cms\src\layout\components\Navbar.vue?vue&type=style&index=0&id=d16d6306&lang=scss&scoped=true
<s> [webpack.Progress] 66% building 676/713 modules 37 active D:\Java_project\HYPBlog\blog-cms\node_modules\css-loader\dist\cjs.js??ref--8-oneOf-1-1!D:\Java_project\HYPBlog\blog-cms\node_modules\vue-loader\lib\loaders\stylePostLoader.js!D:\Java_project\HYPBlog\blog-cms\node_modules\postcss-loader\src\index.js??ref--8-oneOf-1-2!D:\Java_project\HYPBlog\blog-cms\node_modules\sass-loader\dist\cjs.js??ref--8-oneOf-1-3!D:\Java_project\HYPBlog\blog-cms\node_modules\cache-loader\dist\cjs.js??ref--0-0!D:\Java_project\HYPBlog\blog-cms\node_modules\vue-loader\lib\index.js??vue-loader-options!D:\Java_project\HYPBlog\blog-cms\src\layout\components\Navbar.vue?vue&type=style&index=0&id=d16d6306&lang=scss&scoped=true
<s> [webpack.Progress] 66% building 677/713 modules 36 active D:\Java_project\HYPBlog\blog-cms\node_modules\css-loader\dist\cjs.js??ref--8-oneOf-1-1!D:\Java_project\HYPBlog\blog-cms\node_modules\vue-loader\lib\loaders\stylePostLoader.js!D:\Java_project\HYPBlog\blog-cms\node_modules\postcss-loader\src\index.js??ref--8-oneOf-1-2!D:\Java_project\HYPBlog\blog-cms\node_modules\sass-loader\dist\cjs.js??ref--8-oneOf-1-3!D:\Java_project\HYPBlog\blog-cms\node_modules\cache-loader\dist\cjs.js??ref--0-0!D:\Java_project\HYPBlog\blog-cms\node_modules\vue-loader\lib\index.js??vue-loader-options!D:\Java_project\HYPBlog\blog-cms\src\layout\components\Navbar.vue?vue&type=style&index=0&id=d16d6306&lang=scss&scoped=true
<s> [webpack.Progress] 67% building 678/713 modules 35 active D:\Java_project\HYPBlog\blog-cms\node_modules\css-loader\dist\cjs.js??ref--8-oneOf-1-1!D:\Java_project\HYPBlog\blog-cms\node_modules\vue-loader\lib\loaders\stylePostLoader.js!D:\Java_project\HYPBlog\blog-cms\node_modules\postcss-loader\src\index.js??ref--8-oneOf-1-2!D:\Java_project\HYPBlog\blog-cms\node_modules\sass-loader\dist\cjs.js??ref--8-oneOf-1-3!D:\Java_project\HYPBlog\blog-cms\node_modules\cache-loader\dist\cjs.js??ref--0-0!D:\Java_project\HYPBlog\blog-cms\node_modules\vue-loader\lib\index.js??vue-loader-options!D:\Java_project\HYPBlog\blog-cms\src\layout\components\Navbar.vue?vue&type=style&index=0&id=d16d6306&lang=scss&scoped=true
<s> [webpack.Progress] 67% building 679/713 modules 34 active D:\Java_project\HYPBlog\blog-cms\node_modules\css-loader\dist\cjs.js??ref--8-oneOf-1-1!D:\Java_project\HYPBlog\blog-cms\node_modules\vue-loader\lib\loaders\stylePostLoader.js!D:\Java_project\HYPBlog\blog-cms\node_modules\postcss-loader\src\index.js??ref--8-oneOf-1-2!D:\Java_project\HYPBlog\blog-cms\node_modules\sass-loader\dist\cjs.js??ref--8-oneOf-1-3!D:\Java_project\HYPBlog\blog-cms\node_modules\cache-loader\dist\cjs.js??ref--0-0!D:\Java_project\HYPBlog\blog-cms\node_modules\vue-loader\lib\index.js??vue-loader-options!D:\Java_project\HYPBlog\blog-cms\src\layout\components\Navbar.vue?vue&type=style&index=0&id=d16d6306&lang=scss&scoped=true
<s> [webpack.Progress] 67% building 680/713 modules 33 active D:\Java_project\HYPBlog\blog-cms\node_modules\css-loader\dist\cjs.js??ref--8-oneOf-1-1!D:\Java_project\HYPBlog\blog-cms\node_modules\vue-loader\lib\loaders\stylePostLoader.js!D:\Java_project\HYPBlog\blog-cms\node_modules\postcss-loader\src\index.js??ref--8-oneOf-1-2!D:\Java_project\HYPBlog\blog-cms\node_modules\sass-loader\dist\cjs.js??ref--8-oneOf-1-3!D:\Java_project\HYPBlog\blog-cms\node_modules\cache-loader\dist\cjs.js??ref--0-0!D:\Java_project\HYPBlog\blog-cms\node_modules\vue-loader\lib\index.js??vue-loader-options!D:\Java_project\HYPBlog\blog-cms\src\layout\components\Navbar.vue?vue&type=style&index=0&id=d16d6306&lang=scss&scoped=true
<s> [webpack.Progress] 67% building 681/713 modules 32 active D:\Java_project\HYPBlog\blog-cms\node_modules\css-loader\dist\cjs.js??ref--8-oneOf-1-1!D:\Java_project\HYPBlog\blog-cms\node_modules\vue-loader\lib\loaders\stylePostLoader.js!D:\Java_project\HYPBlog\blog-cms\node_modules\postcss-loader\src\index.js??ref--8-oneOf-1-2!D:\Java_project\HYPBlog\blog-cms\node_modules\sass-loader\dist\cjs.js??ref--8-oneOf-1-3!D:\Java_project\HYPBlog\blog-cms\node_modules\cache-loader\dist\cjs.js??ref--0-0!D:\Java_project\HYPBlog\blog-cms\node_modules\vue-loader\lib\index.js??vue-loader-options!D:\Java_project\HYPBlog\blog-cms\src\layout\components\Navbar.vue?vue&type=style&index=0&id=d16d6306&lang=scss&scoped=true
<s> [webpack.Progress] 67% building 682/713 modules 31 active D:\Java_project\HYPBlog\blog-cms\node_modules\css-loader\dist\cjs.js??ref--8-oneOf-1-1!D:\Java_project\HYPBlog\blog-cms\node_modules\vue-loader\lib\loaders\stylePostLoader.js!D:\Java_project\HYPBlog\blog-cms\node_modules\postcss-loader\src\index.js??ref--8-oneOf-1-2!D:\Java_project\HYPBlog\blog-cms\node_modules\sass-loader\dist\cjs.js??ref--8-oneOf-1-3!D:\Java_project\HYPBlog\blog-cms\node_modules\cache-loader\dist\cjs.js??ref--0-0!D:\Java_project\HYPBlog\blog-cms\node_modules\vue-loader\lib\index.js??vue-loader-options!D:\Java_project\HYPBlog\blog-cms\src\layout\components\Navbar.vue?vue&type=style&index=0&id=d16d6306&lang=scss&scoped=true
<s> [webpack.Progress] 67% building 683/713 modules 30 active D:\Java_project\HYPBlog\blog-cms\node_modules\css-loader\dist\cjs.js??ref--8-oneOf-1-1!D:\Java_project\HYPBlog\blog-cms\node_modules\vue-loader\lib\loaders\stylePostLoader.js!D:\Java_project\HYPBlog\blog-cms\node_modules\postcss-loader\src\index.js??ref--8-oneOf-1-2!D:\Java_project\HYPBlog\blog-cms\node_modules\sass-loader\dist\cjs.js??ref--8-oneOf-1-3!D:\Java_project\HYPBlog\blog-cms\node_modules\cache-loader\dist\cjs.js??ref--0-0!D:\Java_project\HYPBlog\blog-cms\node_modules\vue-loader\lib\index.js??vue-loader-options!D:\Java_project\HYPBlog\blog-cms\src\layout\components\Navbar.vue?vue&type=style&index=0&id=d16d6306&lang=scss&scoped=true
<s> [webpack.Progress] 67% building 684/713 modules 29 active D:\Java_project\HYPBlog\blog-cms\node_modules\css-loader\dist\cjs.js??ref--8-oneOf-1-1!D:\Java_project\HYPBlog\blog-cms\node_modules\vue-loader\lib\loaders\stylePostLoader.js!D:\Java_project\HYPBlog\blog-cms\node_modules\postcss-loader\src\index.js??ref--8-oneOf-1-2!D:\Java_project\HYPBlog\blog-cms\node_modules\sass-loader\dist\cjs.js??ref--8-oneOf-1-3!D:\Java_project\HYPBlog\blog-cms\node_modules\cache-loader\dist\cjs.js??ref--0-0!D:\Java_project\HYPBlog\blog-cms\node_modules\vue-loader\lib\index.js??vue-loader-options!D:\Java_project\HYPBlog\blog-cms\src\layout\components\Navbar.vue?vue&type=style&index=0&id=d16d6306&lang=scss&scoped=true
<s> [webpack.Progress] 67% building 685/713 modules 28 active D:\Java_project\HYPBlog\blog-cms\node_modules\css-loader\dist\cjs.js??ref--8-oneOf-1-1!D:\Java_project\HYPBlog\blog-cms\node_modules\vue-loader\lib\loaders\stylePostLoader.js!D:\Java_project\HYPBlog\blog-cms\node_modules\postcss-loader\src\index.js??ref--8-oneOf-1-2!D:\Java_project\HYPBlog\blog-cms\node_modules\sass-loader\dist\cjs.js??ref--8-oneOf-1-3!D:\Java_project\HYPBlog\blog-cms\node_modules\cache-loader\dist\cjs.js??ref--0-0!D:\Java_project\HYPBlog\blog-cms\node_modules\vue-loader\lib\index.js??vue-loader-options!D:\Java_project\HYPBlog\blog-cms\src\layout\components\Navbar.vue?vue&type=style&index=0&id=d16d6306&lang=scss&scoped=true
<s> [webpack.Progress] 67% building 686/713 modules 27 active D:\Java_project\HYPBlog\blog-cms\node_modules\css-loader\dist\cjs.js??ref--8-oneOf-1-1!D:\Java_project\HYPBlog\blog-cms\node_modules\vue-loader\lib\loaders\stylePostLoader.js!D:\Java_project\HYPBlog\blog-cms\node_modules\postcss-loader\src\index.js??ref--8-oneOf-1-2!D:\Java_project\HYPBlog\blog-cms\node_modules\sass-loader\dist\cjs.js??ref--8-oneOf-1-3!D:\Java_project\HYPBlog\blog-cms\node_modules\cache-loader\dist\cjs.js??ref--0-0!D:\Java_project\HYPBlog\blog-cms\node_modules\vue-loader\lib\index.js??vue-loader-options!D:\Java_project\HYPBlog\blog-cms\src\layout\components\Navbar.vue?vue&type=style&index=0&id=d16d6306&lang=scss&scoped=true
<s> [webpack.Progress] 67% building 687/713 modules 26 active D:\Java_project\HYPBlog\blog-cms\node_modules\css-loader\dist\cjs.js??ref--8-oneOf-1-1!D:\Java_project\HYPBlog\blog-cms\node_modules\vue-loader\lib\loaders\stylePostLoader.js!D:\Java_project\HYPBlog\blog-cms\node_modules\postcss-loader\src\index.js??ref--8-oneOf-1-2!D:\Java_project\HYPBlog\blog-cms\node_modules\sass-loader\dist\cjs.js??ref--8-oneOf-1-3!D:\Java_project\HYPBlog\blog-cms\node_modules\cache-loader\dist\cjs.js??ref--0-0!D:\Java_project\HYPBlog\blog-cms\node_modules\vue-loader\lib\index.js??vue-loader-options!D:\Java_project\HYPBlog\blog-cms\src\layout\components\Navbar.vue?vue&type=style&index=0&id=d16d6306&lang=scss&scoped=true
<s> [webpack.Progress] 67% building 688/713 modules 25 active D:\Java_project\HYPBlog\blog-cms\node_modules\css-loader\dist\cjs.js??ref--8-oneOf-1-1!D:\Java_project\HYPBlog\blog-cms\node_modules\vue-loader\lib\loaders\stylePostLoader.js!D:\Java_project\HYPBlog\blog-cms\node_modules\postcss-loader\src\index.js??ref--8-oneOf-1-2!D:\Java_project\HYPBlog\blog-cms\node_modules\sass-loader\dist\cjs.js??ref--8-oneOf-1-3!D:\Java_project\HYPBlog\blog-cms\node_modules\cache-loader\dist\cjs.js??ref--0-0!D:\Java_project\HYPBlog\blog-cms\node_modules\vue-loader\lib\index.js??vue-loader-options!D:\Java_project\HYPBlog\blog-cms\src\layout\components\Navbar.vue?vue&type=style&index=0&id=d16d6306&lang=scss&scoped=true
<s> [webpack.Progress] 67% building 689/713 modules 24 active D:\Java_project\HYPBlog\blog-cms\node_modules\css-loader\dist\cjs.js??ref--8-oneOf-1-1!D:\Java_project\HYPBlog\blog-cms\node_modules\vue-loader\lib\loaders\stylePostLoader.js!D:\Java_project\HYPBlog\blog-cms\node_modules\postcss-loader\src\index.js??ref--8-oneOf-1-2!D:\Java_project\HYPBlog\blog-cms\node_modules\sass-loader\dist\cjs.js??ref--8-oneOf-1-3!D:\Java_project\HYPBlog\blog-cms\node_modules\cache-loader\dist\cjs.js??ref--0-0!D:\Java_project\HYPBlog\blog-cms\node_modules\vue-loader\lib\index.js??vue-loader-options!D:\Java_project\HYPBlog\blog-cms\src\layout\components\Navbar.vue?vue&type=style&index=0&id=d16d6306&lang=scss&scoped=true
<s> [webpack.Progress] 68% building 690/713 modules 23 active D:\Java_project\HYPBlog\blog-cms\node_modules\css-loader\dist\cjs.js??ref--8-oneOf-1-1!D:\Java_project\HYPBlog\blog-cms\node_modules\vue-loader\lib\loaders\stylePostLoader.js!D:\Java_project\HYPBlog\blog-cms\node_modules\postcss-loader\src\index.js??ref--8-oneOf-1-2!D:\Java_project\HYPBlog\blog-cms\node_modules\sass-loader\dist\cjs.js??ref--8-oneOf-1-3!D:\Java_project\HYPBlog\blog-cms\node_modules\cache-loader\dist\cjs.js??ref--0-0!D:\Java_project\HYPBlog\blog-cms\node_modules\vue-loader\lib\index.js??vue-loader-options!D:\Java_project\HYPBlog\blog-cms\src\layout\components\Navbar.vue?vue&type=style&index=0&id=d16d6306&lang=scss&scoped=true
<s> [webpack.Progress] 68% building 691/713 modules 22 active D:\Java_project\HYPBlog\blog-cms\node_modules\css-loader\dist\cjs.js??ref--8-oneOf-1-1!D:\Java_project\HYPBlog\blog-cms\node_modules\vue-loader\lib\loaders\stylePostLoader.js!D:\Java_project\HYPBlog\blog-cms\node_modules\postcss-loader\src\index.js??ref--8-oneOf-1-2!D:\Java_project\HYPBlog\blog-cms\node_modules\sass-loader\dist\cjs.js??ref--8-oneOf-1-3!D:\Java_project\HYPBlog\blog-cms\node_modules\cache-loader\dist\cjs.js??ref--0-0!D:\Java_project\HYPBlog\blog-cms\node_modules\vue-loader\lib\index.js??vue-loader-options!D:\Java_project\HYPBlog\blog-cms\src\layout\components\Navbar.vue?vue&type=style&index=0&id=d16d6306&lang=scss&scoped=true
<s> [webpack.Progress] 68% building 692/713 modules 21 active D:\Java_project\HYPBlog\blog-cms\node_modules\css-loader\dist\cjs.js??ref--8-oneOf-1-1!D:\Java_project\HYPBlog\blog-cms\node_modules\vue-loader\lib\loaders\stylePostLoader.js!D:\Java_project\HYPBlog\blog-cms\node_modules\postcss-loader\src\index.js??ref--8-oneOf-1-2!D:\Java_project\HYPBlog\blog-cms\node_modules\sass-loader\dist\cjs.js??ref--8-oneOf-1-3!D:\Java_project\HYPBlog\blog-cms\node_modules\cache-loader\dist\cjs.js??ref--0-0!D:\Java_project\HYPBlog\blog-cms\node_modules\vue-loader\lib\index.js??vue-loader-options!D:\Java_project\HYPBlog\blog-cms\src\layout\components\Navbar.vue?vue&type=style&index=0&id=d16d6306&lang=scss&scoped=true
<s> [webpack.Progress] 68% building 693/713 modules 20 active D:\Java_project\HYPBlog\blog-cms\node_modules\css-loader\dist\cjs.js??ref--8-oneOf-1-1!D:\Java_project\HYPBlog\blog-cms\node_modules\vue-loader\lib\loaders\stylePostLoader.js!D:\Java_project\HYPBlog\blog-cms\node_modules\postcss-loader\src\index.js??ref--8-oneOf-1-2!D:\Java_project\HYPBlog\blog-cms\node_modules\sass-loader\dist\cjs.js??ref--8-oneOf-1-3!D:\Java_project\HYPBlog\blog-cms\node_modules\cache-loader\dist\cjs.js??ref--0-0!D:\Java_project\HYPBlog\blog-cms\node_modules\vue-loader\lib\index.js??vue-loader-options!D:\Java_project\HYPBlog\blog-cms\src\layout\components\Navbar.vue?vue&type=style&index=0&id=d16d6306&lang=scss&scoped=true
<s> [webpack.Progress] 68% building 694/713 modules 19 active D:\Java_project\HYPBlog\blog-cms\node_modules\css-loader\dist\cjs.js??ref--8-oneOf-1-1!D:\Java_project\HYPBlog\blog-cms\node_modules\vue-loader\lib\loaders\stylePostLoader.js!D:\Java_project\HYPBlog\blog-cms\node_modules\postcss-loader\src\index.js??ref--8-oneOf-1-2!D:\Java_project\HYPBlog\blog-cms\node_modules\sass-loader\dist\cjs.js??ref--8-oneOf-1-3!D:\Java_project\HYPBlog\blog-cms\node_modules\cache-loader\dist\cjs.js??ref--0-0!D:\Java_project\HYPBlog\blog-cms\node_modules\vue-loader\lib\index.js??vue-loader-options!D:\Java_project\HYPBlog\blog-cms\src\layout\components\Navbar.vue?vue&type=style&index=0&id=d16d6306&lang=scss&scoped=true
<s> [webpack.Progress] 68% building 695/713 modules 18 active D:\Java_project\HYPBlog\blog-cms\node_modules\css-loader\dist\cjs.js??ref--8-oneOf-1-1!D:\Java_project\HYPBlog\blog-cms\node_modules\vue-loader\lib\loaders\stylePostLoader.js!D:\Java_project\HYPBlog\blog-cms\node_modules\postcss-loader\src\index.js??ref--8-oneOf-1-2!D:\Java_project\HYPBlog\blog-cms\node_modules\sass-loader\dist\cjs.js??ref--8-oneOf-1-3!D:\Java_project\HYPBlog\blog-cms\node_modules\cache-loader\dist\cjs.js??ref--0-0!D:\Java_project\HYPBlog\blog-cms\node_modules\vue-loader\lib\index.js??vue-loader-options!D:\Java_project\HYPBlog\blog-cms\src\layout\components\Navbar.vue?vue&type=style&index=0&id=d16d6306&lang=scss&scoped=true
<s> [webpack.Progress] 68% building 696/713 modules 17 active D:\Java_project\HYPBlog\blog-cms\node_modules\css-loader\dist\cjs.js??ref--8-oneOf-1-1!D:\Java_project\HYPBlog\blog-cms\node_modules\vue-loader\lib\loaders\stylePostLoader.js!D:\Java_project\HYPBlog\blog-cms\node_modules\postcss-loader\src\index.js??ref--8-oneOf-1-2!D:\Java_project\HYPBlog\blog-cms\node_modules\sass-loader\dist\cjs.js??ref--8-oneOf-1-3!D:\Java_project\HYPBlog\blog-cms\node_modules\cache-loader\dist\cjs.js??ref--0-0!D:\Java_project\HYPBlog\blog-cms\node_modules\vue-loader\lib\index.js??vue-loader-options!D:\Java_project\HYPBlog\blog-cms\src\layout\components\Navbar.vue?vue&type=style&index=0&id=d16d6306&lang=scss&scoped=true
<s> [webpack.Progress] 68% building 697/713 modules 16 active D:\Java_project\HYPBlog\blog-cms\node_modules\css-loader\dist\cjs.js??ref--8-oneOf-1-1!D:\Java_project\HYPBlog\blog-cms\node_modules\vue-loader\lib\loaders\stylePostLoader.js!D:\Java_project\HYPBlog\blog-cms\node_modules\postcss-loader\src\index.js??ref--8-oneOf-1-2!D:\Java_project\HYPBlog\blog-cms\node_modules\sass-loader\dist\cjs.js??ref--8-oneOf-1-3!D:\Java_project\HYPBlog\blog-cms\node_modules\cache-loader\dist\cjs.js??ref--0-0!D:\Java_project\HYPBlog\blog-cms\node_modules\vue-loader\lib\index.js??vue-loader-options!D:\Java_project\HYPBlog\blog-cms\src\layout\components\Navbar.vue?vue&type=style&index=0&id=d16d6306&lang=scss&scoped=true
<s> [webpack.Progress] 68% building 698/713 modules 15 active D:\Java_project\HYPBlog\blog-cms\node_modules\css-loader\dist\cjs.js??ref--8-oneOf-1-1!D:\Java_project\HYPBlog\blog-cms\node_modules\vue-loader\lib\loaders\stylePostLoader.js!D:\Java_project\HYPBlog\blog-cms\node_modules\postcss-loader\src\index.js??ref--8-oneOf-1-2!D:\Java_project\HYPBlog\blog-cms\node_modules\sass-loader\dist\cjs.js??ref--8-oneOf-1-3!D:\Java_project\HYPBlog\blog-cms\node_modules\cache-loader\dist\cjs.js??ref--0-0!D:\Java_project\HYPBlog\blog-cms\node_modules\vue-loader\lib\index.js??vue-loader-options!D:\Java_project\HYPBlog\blog-cms\src\layout\components\Navbar.vue?vue&type=style&index=0&id=d16d6306&lang=scss&scoped=true
<s> [webpack.Progress] 68% building 699/713 modules 14 active D:\Java_project\HYPBlog\blog-cms\node_modules\css-loader\dist\cjs.js??ref--8-oneOf-1-1!D:\Java_project\HYPBlog\blog-cms\node_modules\vue-loader\lib\loaders\stylePostLoader.js!D:\Java_project\HYPBlog\blog-cms\node_modules\postcss-loader\src\index.js??ref--8-oneOf-1-2!D:\Java_project\HYPBlog\blog-cms\node_modules\sass-loader\dist\cjs.js??ref--8-oneOf-1-3!D:\Java_project\HYPBlog\blog-cms\node_modules\cache-loader\dist\cjs.js??ref--0-0!D:\Java_project\HYPBlog\blog-cms\node_modules\vue-loader\lib\index.js??vue-loader-options!D:\Java_project\HYPBlog\blog-cms\src\layout\components\Navbar.vue?vue&type=style&index=0&id=d16d6306&lang=scss&scoped=true
<s> [webpack.Progress] 68% building 700/713 modules 13 active D:\Java_project\HYPBlog\blog-cms\node_modules\css-loader\dist\cjs.js??ref--8-oneOf-1-1!D:\Java_project\HYPBlog\blog-cms\node_modules\vue-loader\lib\loaders\stylePostLoader.js!D:\Java_project\HYPBlog\blog-cms\node_modules\postcss-loader\src\index.js??ref--8-oneOf-1-2!D:\Java_project\HYPBlog\blog-cms\node_modules\sass-loader\dist\cjs.js??ref--8-oneOf-1-3!D:\Java_project\HYPBlog\blog-cms\node_modules\cache-loader\dist\cjs.js??ref--0-0!D:\Java_project\HYPBlog\blog-cms\node_modules\vue-loader\lib\index.js??vue-loader-options!D:\Java_project\HYPBlog\blog-cms\src\layout\components\Navbar.vue?vue&type=style&index=0&id=d16d6306&lang=scss&scoped=true
<s> [webpack.Progress] 68% building 701/713 modules 12 active D:\Java_project\HYPBlog\blog-cms\node_modules\css-loader\dist\cjs.js??ref--8-oneOf-1-1!D:\Java_project\HYPBlog\blog-cms\node_modules\vue-loader\lib\loaders\stylePostLoader.js!D:\Java_project\HYPBlog\blog-cms\node_modules\postcss-loader\src\index.js??ref--8-oneOf-1-2!D:\Java_project\HYPBlog\blog-cms\node_modules\sass-loader\dist\cjs.js??ref--8-oneOf-1-3!D:\Java_project\HYPBlog\blog-cms\node_modules\cache-loader\dist\cjs.js??ref--0-0!D:\Java_project\HYPBlog\blog-cms\node_modules\vue-loader\lib\index.js??vue-loader-options!D:\Java_project\HYPBlog\blog-cms\src\layout\components\Navbar.vue?vue&type=style&index=0&id=d16d6306&lang=scss&scoped=true
<s> [webpack.Progress] 69% building 702/713 modules 11 active D:\Java_project\HYPBlog\blog-cms\node_modules\css-loader\dist\cjs.js??ref--8-oneOf-1-1!D:\Java_project\HYPBlog\blog-cms\node_modules\vue-loader\lib\loaders\stylePostLoader.js!D:\Java_project\HYPBlog\blog-cms\node_modules\postcss-loader\src\index.js??ref--8-oneOf-1-2!D:\Java_project\HYPBlog\blog-cms\node_modules\sass-loader\dist\cjs.js??ref--8-oneOf-1-3!D:\Java_project\HYPBlog\blog-cms\node_modules\cache-loader\dist\cjs.js??ref--0-0!D:\Java_project\HYPBlog\blog-cms\node_modules\vue-loader\lib\index.js??vue-loader-options!D:\Java_project\HYPBlog\blog-cms\src\layout\components\Navbar.vue?vue&type=style&index=0&id=d16d6306&lang=scss&scoped=true
<s> [webpack.Progress] 69% building 703/713 modules 10 active D:\Java_project\HYPBlog\blog-cms\node_modules\css-loader\dist\cjs.js??ref--8-oneOf-1-1!D:\Java_project\HYPBlog\blog-cms\node_modules\vue-loader\lib\loaders\stylePostLoader.js!D:\Java_project\HYPBlog\blog-cms\node_modules\postcss-loader\src\index.js??ref--8-oneOf-1-2!D:\Java_project\HYPBlog\blog-cms\node_modules\sass-loader\dist\cjs.js??ref--8-oneOf-1-3!D:\Java_project\HYPBlog\blog-cms\node_modules\cache-loader\dist\cjs.js??ref--0-0!D:\Java_project\HYPBlog\blog-cms\node_modules\vue-loader\lib\index.js??vue-loader-options!D:\Java_project\HYPBlog\blog-cms\src\layout\components\Navbar.vue?vue&type=style&index=0&id=d16d6306&lang=scss&scoped=true
<s> [webpack.Progress] 69% building 704/713 modules 9 active D:\Java_project\HYPBlog\blog-cms\node_modules\css-loader\dist\cjs.js??ref--8-oneOf-1-1!D:\Java_project\HYPBlog\blog-cms\node_modules\vue-loader\lib\loaders\stylePostLoader.js!D:\Java_project\HYPBlog\blog-cms\node_modules\postcss-loader\src\index.js??ref--8-oneOf-1-2!D:\Java_project\HYPBlog\blog-cms\node_modules\sass-loader\dist\cjs.js??ref--8-oneOf-1-3!D:\Java_project\HYPBlog\blog-cms\node_modules\cache-loader\dist\cjs.js??ref--0-0!D:\Java_project\HYPBlog\blog-cms\node_modules\vue-loader\lib\index.js??vue-loader-options!D:\Java_project\HYPBlog\blog-cms\src\layout\components\Navbar.vue?vue&type=style&index=0&id=d16d6306&lang=scss&scoped=true
<s> [webpack.Progress] 69% building 705/713 modules 8 active D:\Java_project\HYPBlog\blog-cms\node_modules\css-loader\dist\cjs.js??ref--8-oneOf-1-1!D:\Java_project\HYPBlog\blog-cms\node_modules\vue-loader\lib\loaders\stylePostLoader.js!D:\Java_project\HYPBlog\blog-cms\node_modules\postcss-loader\src\index.js??ref--8-oneOf-1-2!D:\Java_project\HYPBlog\blog-cms\node_modules\sass-loader\dist\cjs.js??ref--8-oneOf-1-3!D:\Java_project\HYPBlog\blog-cms\node_modules\cache-loader\dist\cjs.js??ref--0-0!D:\Java_project\HYPBlog\blog-cms\node_modules\vue-loader\lib\index.js??vue-loader-options!D:\Java_project\HYPBlog\blog-cms\src\layout\components\Navbar.vue?vue&type=style&index=0&id=d16d6306&lang=scss&scoped=true
<s> [webpack.Progress] 69% building 705/714 modules 9 active D:\Java_project\HYPBlog\blog-cms\node_modules\throttle-debounce\index.js
<s> [webpack.Progress] 69% building 705/715 modules 10 active D:\Java_project\HYPBlog\blog-cms\node_modules\async-validator\es\rule\required.js
<s> [webpack.Progress] 69% building 705/716 modules 11 active D:\Java_project\HYPBlog\blog-cms\node_modules\async-validator\es\rule\type.js
<s> [webpack.Progress] 68% building 705/717 modules 12 active D:\Java_project\HYPBlog\blog-cms\node_modules\async-validator\es\rule\pattern.js
<s> [webpack.Progress] 68% building 705/718 modules 13 active D:\Java_project\HYPBlog\blog-cms\node_modules\async-validator\es\rule\enum.js
<s> [webpack.Progress] 68% building 705/719 modules 14 active D:\Java_project\HYPBlog\blog-cms\node_modules\async-validator\es\rule\range.js
<s> [webpack.Progress] 68% building 705/720 modules 15 active D:\Java_project\HYPBlog\blog-cms\node_modules\async-validator\es\rule\whitespace.js
<s> [webpack.Progress] 68% building 706/720 modules 14 active D:\Java_project\HYPBlog\blog-cms\node_modules\async-validator\es\rule\whitespace.js
<s> [webpack.Progress] 68% building 707/720 modules 13 active D:\Java_project\HYPBlog\blog-cms\node_modules\async-validator\es\rule\whitespace.js
<s> [webpack.Progress] 69% building 708/720 modules 12 active D:\Java_project\HYPBlog\blog-cms\node_modules\async-validator\es\rule\whitespace.js
<s> [webpack.Progress] 69% building 709/720 modules 11 active D:\Java_project\HYPBlog\blog-cms\node_modules\async-validator\es\rule\whitespace.js
<s> [webpack.Progress] 69% building 710/720 modules 10 active D:\Java_project\HYPBlog\blog-cms\node_modules\async-validator\es\rule\whitespace.js
<s> [webpack.Progress] 69% building 710/721 modules 11 active D:\Java_project\HYPBlog\blog-cms\node_modules\zrender\lib\vml\vml.js
<s> [webpack.Progress] 69% building 710/722 modules 12 active D:\Java_project\HYPBlog\blog-cms\node_modules\zrender\lib\svg\svg.js
<s> [webpack.Progress] 69% building 711/722 modules 11 active D:\Java_project\HYPBlog\blog-cms\node_modules\zrender\lib\svg\svg.js
<s> [webpack.Progress] 69% building 712/722 modules 10 active D:\Java_project\HYPBlog\blog-cms\node_modules\zrender\lib\svg\svg.js
<s> [webpack.Progress] 69% building 713/722 modules 9 active D:\Java_project\HYPBlog\blog-cms\node_modules\zrender\lib\svg\svg.js
<s> [webpack.Progress] 69% building 713/723 modules 10 active D:\Java_project\HYPBlog\blog-cms\node_modules\side-channel-weakmap\index.js
<s> [webpack.Progress] 69% building 713/724 modules 11 active D:\Java_project\HYPBlog\blog-cms\node_modules\side-channel-map\index.js
<s> [webpack.Progress] 69% building 713/725 modules 12 active D:\Java_project\HYPBlog\blog-cms\node_modules\side-channel-list\index.js
<s> [webpack.Progress] 68% building 713/726 modules 13 active D:\Java_project\HYPBlog\blog-cms\node_modules\object-inspect\index.js
<s> [webpack.Progress] 68% building 713/727 modules 14 active D:\Java_project\HYPBlog\blog-cms\node_modules\axios\lib\utils.js
<s> [webpack.Progress] 68% building 713/728 modules 15 active D:\Java_project\HYPBlog\blog-cms\node_modules\axios\lib\defaults.js
<s> [webpack.Progress] 68% building 714/728 modules 14 active D:\Java_project\HYPBlog\blog-cms\node_modules\axios\lib\defaults.js
<s> [webpack.Progress] 68% building 715/728 modules 13 active D:\Java_project\HYPBlog\blog-cms\node_modules\axios\lib\defaults.js
<s> [webpack.Progress] 69% building 716/728 modules 12 active D:\Java_project\HYPBlog\blog-cms\node_modules\axios\lib\defaults.js
<s> [webpack.Progress] 69% building 717/728 modules 11 active D:\Java_project\HYPBlog\blog-cms\node_modules\axios\lib\defaults.js
<s> [webpack.Progress] 69% building 718/728 modules 10 active D:\Java_project\HYPBlog\blog-cms\node_modules\axios\lib\defaults.js
<s> [webpack.Progress] 69% building 719/728 modules 9 active D:\Java_project\HYPBlog\blog-cms\node_modules\axios\lib\defaults.js
<s> [webpack.Progress] 69% building 719/729 modules 10 active D:\Java_project\HYPBlog\blog-cms\node_modules\normalize-wheel\index.js
<s> [webpack.Progress] 69% building 719/730 modules 11 active D:\Java_project\HYPBlog\blog-cms\node_modules\echarts\lib\helper.js
<s> [webpack.Progress] 69% building 719/731 modules 12 active D:\Java_project\HYPBlog\blog-cms\node_modules\zrender\lib\zrender.js
<s> [webpack.Progress] 68% building 719/732 modules 13 active D:\Java_project\HYPBlog\blog-cms\node_modules\echarts\lib\component\gridSimple.js
<s> [webpack.Progress] 68% building 719/733 modules 14 active D:\Java_project\HYPBlog\blog-cms\node_modules\echarts\lib\config.js
<s> [webpack.Progress] 68% building 719/734 modules 15 active D:\Java_project\HYPBlog\blog-cms\node_modules\echarts\lib\component\parallelAxis.js
<s> [webpack.Progress] 68% building 719/735 modules 16 active D:\Java_project\HYPBlog\blog-cms\node_modules\babel-runtime\node_modules\core-js\library\fn\symbol\iterator.js
<s> [webpack.Progress] 68% building 719/736 modules 17 active D:\Java_project\HYPBlog\blog-cms\node_modules\babel-runtime\node_modules\core-js\library\fn\object\assign.js
<s> [webpack.Progress] 68% building 719/737 modules 18 active D:\Java_project\HYPBlog\blog-cms\node_modules\axios\lib\helpers\bind.js
<s> [webpack.Progress] 68% building 719/738 modules 19 active D:\Java_project\HYPBlog\blog-cms\node_modules\axios\lib\helpers\spread.js
<s> [webpack.Progress] 68% building 719/739 modules 20 active D:\Java_project\HYPBlog\blog-cms\node_modules\axios\lib\helpers\isAxiosError.js
<s> [webpack.Progress] 68% building 719/740 modules 21 active D:\Java_project\HYPBlog\blog-cms\node_modules\axios\lib\env\data.js
<s> [webpack.Progress] 68% building 719/741 modules 22 active D:\Java_project\HYPBlog\blog-cms\node_modules\axios\lib\cancel\CancelToken.js
<s> [webpack.Progress] 68% building 719/742 modules 23 active D:\Java_project\HYPBlog\blog-cms\node_modules\axios\lib\cancel\isCancel.js
<s> [webpack.Progress] 68% building 719/743 modules 24 active D:\Java_project\HYPBlog\blog-cms\node_modules\axios\lib\cancel\Cancel.js
<s> [webpack.Progress] 68% building 720/743 modules 23 active D:\Java_project\HYPBlog\blog-cms\node_modules\axios\lib\cancel\Cancel.js
<s> [webpack.Progress] 68% building 721/743 modules 22 active D:\Java_project\HYPBlog\blog-cms\node_modules\axios\lib\cancel\Cancel.js
<s> [webpack.Progress] 68% building 721/744 modules 23 active D:\Java_project\HYPBlog\blog-cms\node_modules\echarts\lib\chart\treemap\treemapLayout.js
<s> [webpack.Progress] 68% building 721/745 modules 24 active D:\Java_project\HYPBlog\blog-cms\node_modules\echarts\lib\chart\radar\backwardCompat.js
<s> [webpack.Progress] 67% building 721/746 modules 25 active D:\Java_project\HYPBlog\blog-cms\node_modules\echarts\lib\chart\parallel\parallelVisual.js
<s> [webpack.Progress] 67% building 721/747 modules 26 active D:\Java_project\HYPBlog\blog-cms\node_modules\echarts\lib\chart\candlestick\candlestickLayout.js
<s> [webpack.Progress] 67% building 721/748 modules 27 active D:\Java_project\HYPBlog\blog-cms\node_modules\echarts\lib\chart\graph\createView.js
<s> [webpack.Progress] 67% building 721/749 modules 28 active D:\Java_project\HYPBlog\blog-cms\node_modules\echarts\lib\chart\boxplot\boxplotLayout.js
<s> [webpack.Progress] 67% building 721/750 modules 29 active D:\Java_project\HYPBlog\blog-cms\node_modules\echarts\lib\chart\gauge\GaugeSeries.js
<s> [webpack.Progress] 67% building 721/751 modules 30 active D:\Java_project\HYPBlog\blog-cms\node_modules\echarts\lib\chart\lines\linesVisual.js
<s> [webpack.Progress] 67% building 721/752 modules 31 active D:\Java_project\HYPBlog\blog-cms\node_modules\echarts\lib\chart\sankey\sankeyVisual.js
<s> [webpack.Progress] 67% building 721/753 modules 32 active D:\Java_project\HYPBlog\blog-cms\node_modules\echarts\lib\chart\tree\treeLayout.js
<s> [webpack.Progress] 67% building 721/754 modules 33 active D:\Java_project\HYPBlog\blog-cms\node_modules\echarts\lib\chart\heatmap\HeatmapSeries.js
<s> [webpack.Progress] 67% building 721/755 modules 34 active D:\Java_project\HYPBlog\blog-cms\node_modules\echarts\lib\component\axisPointer\SingleAxisPointer.js
<s> [webpack.Progress] 67% building 721/756 modules 35 active D:\Java_project\HYPBlog\blog-cms\node_modules\echarts\lib\component\axisPointer\PolarAxisPointer.js
<s> [webpack.Progress] 67% building 721/757 modules 36 active D:\Java_project\HYPBlog\blog-cms\node_modules\echarts\lib\component\axisPointer\CartesianAxisPointer.js
<s> [webpack.Progress] 67% building 721/758 modules 37 active D:\Java_project\HYPBlog\blog-cms\node_modules\echarts\lib\component\tooltip\TooltipView.js
<s> [webpack.Progress] 66% building 721/759 modules 38 active D:\Java_project\HYPBlog\blog-cms\node_modules\echarts\lib\component\toolbox\ToolboxModel.js
<s> [webpack.Progress] 66% building 721/760 modules 39 active D:\Java_project\HYPBlog\blog-cms\node_modules\echarts\lib\component\visualMap\visualMapAction.js
<s> [webpack.Progress] 66% building 721/761 modules 40 active D:\Java_project\HYPBlog\blog-cms\node_modules\echarts\lib\component\timeline\SliderTimelineView.js
<s> [webpack.Progress] 66% building 721/762 modules 41 active D:\Java_project\HYPBlog\blog-cms\node_modules\echarts\lib\component\dataZoom\typeDefaulter.js
<s> [webpack.Progress] 66% building 721/763 modules 42 active D:\Java_project\HYPBlog\blog-cms\node_modules\echarts\lib\component\dataZoom\dataZoomAction.js
<s> [webpack.Progress] 66% building 721/764 modules 43 active D:\Java_project\HYPBlog\blog-cms\node_modules\echarts\lib\component\brush\brushAction.js
<s> [webpack.Progress] 66% building 721/765 modules 44 active D:\Java_project\HYPBlog\blog-cms\node_modules\echarts\lib\component\legend\scrollableLegendAction.js
<s> [webpack.Progress] 66% building 721/766 modules 45 active D:\Java_project\HYPBlog\blog-cms\node_modules\axios\lib\core\Axios.js
<s> [webpack.Progress] 66% building 721/767 modules 46 active D:\Java_project\HYPBlog\blog-cms\node_modules\axios\lib\core\mergeConfig.js
<s> [webpack.Progress] 66% building 721/768 modules 47 active D:\Java_project\HYPBlog\blog-cms\node_modules\echarts\lib\util\graphic.js
<s> [webpack.Progress] 66% building 721/769 modules 48 active D:\Java_project\HYPBlog\blog-cms\node_modules\echarts\lib\util\number.js
<s> [webpack.Progress] 66% building 721/770 modules 49 active D:\Java_project\HYPBlog\blog-cms\node_modules\echarts\lib\util\format.js
<s> [webpack.Progress] 66% building 721/771 modules 50 active D:\Java_project\HYPBlog\blog-cms\node_modules\echarts\lib\util\throttle.js
<s> [webpack.Progress] 66% building 721/772 modules 51 active D:\Java_project\HYPBlog\blog-cms\node_modules\echarts\lib\model\Model.js
<s> [webpack.Progress] 65% building 721/773 modules 52 active D:\Java_project\HYPBlog\blog-cms\node_modules\echarts\lib\model\Component.js
<s> [webpack.Progress] 65% building 721/774 modules 53 active D:\Java_project\HYPBlog\blog-cms\node_modules\zrender\lib\tool\color.js
<s> [webpack.Progress] 65% building 721/775 modules 54 active D:\Java_project\HYPBlog\blog-cms\node_modules\echarts\lib\data\List.js
<s> [webpack.Progress] 65% building 721/776 modules 55 active D:\Java_project\HYPBlog\blog-cms\node_modules\echarts\lib\coord\Axis.js
<s> [webpack.Progress] 65% building 721/777 modules 56 active D:\Java_project\HYPBlog\blog-cms\node_modules\echarts\lib\coord\geo\parseGeoJson.js
<s> [webpack.Progress] 65% building 721/778 modules 57 active D:\Java_project\HYPBlog\blog-cms\node_modules\echarts\lib\processor\dataFilter.js
<s> [webpack.Progress] 65% building 721/779 modules 58 active D:\Java_project\HYPBlog\blog-cms\node_modules\zrender\lib\core\matrix.js
<s> [webpack.Progress] 65% building 721/780 modules 59 active D:\Java_project\HYPBlog\blog-cms\node_modules\zrender\lib\core\env.js
<s> [webpack.Progress] 65% building 721/781 modules 60 active D:\Java_project\HYPBlog\blog-cms\node_modules\zrender\lib\core\vector.js
<s> [webpack.Progress] 65% building 721/782 modules 61 active D:\Java_project\HYPBlog\blog-cms\node_modules\zrender\lib\core\util.js
<s> [webpack.Progress] 65% building 721/783 modules 62 active D:\Java_project\HYPBlog\blog-cms\node_modules\echarts\lib\action\createDataSelectAction.js
<s> [webpack.Progress] 65% building 721/784 modules 63 active D:\Java_project\HYPBlog\blog-cms\node_modules\echarts\lib\action\geoRoam.js
<s> [webpack.Progress] 65% building 721/785 modules 64 active D:\Java_project\HYPBlog\blog-cms\node_modules\echarts\lib\layout\points.js
<s> [webpack.Progress] 65% building 721/786 modules 65 active D:\Java_project\HYPBlog\blog-cms\node_modules\echarts\lib\component\marker\MarkAreaView.js
<s> [webpack.Progress] 64% building 721/787 modules 66 active D:\Java_project\HYPBlog\blog-cms\node_modules\echarts\lib\component\marker\MarkPointView.js
<s> [webpack.Progress] 64% building 721/788 modules 67 active D:\Java_project\HYPBlog\blog-cms\node_modules\echarts\lib\component\marker\MarkLineView.js
<s> [webpack.Progress] 64% building 721/789 modules 68 active D:\Java_project\HYPBlog\blog-cms\node_modules\echarts\lib\component\toolbox\feature\Brush.js
<s> [webpack.Progress] 64% building 721/790 modules 69 active D:\Java_project\HYPBlog\blog-cms\node_modules\echarts\lib\coord\calendar\Calendar.js
<s> [webpack.Progress] 64% building 722/790 modules 68 active D:\Java_project\HYPBlog\blog-cms\node_modules\echarts\lib\coord\calendar\Calendar.js
<s> [webpack.Progress] 64% building 723/790 modules 67 active D:\Java_project\HYPBlog\blog-cms\node_modules\echarts\lib\coord\calendar\Calendar.js
<s> [webpack.Progress] 64% building 724/790 modules 66 active D:\Java_project\HYPBlog\blog-cms\node_modules\echarts\lib\coord\calendar\Calendar.js
<s> [webpack.Progress] 65% building 725/790 modules 65 active D:\Java_project\HYPBlog\blog-cms\node_modules\echarts\lib\coord\calendar\Calendar.js
<s> [webpack.Progress] 65% building 726/790 modules 64 active D:\Java_project\HYPBlog\blog-cms\node_modules\echarts\lib\coord\calendar\Calendar.js
<s> [webpack.Progress] 65% building 727/790 modules 63 active D:\Java_project\HYPBlog\blog-cms\node_modules\echarts\lib\coord\calendar\Calendar.js
<s> [webpack.Progress] 65% building 727/791 modules 64 active D:\Java_project\HYPBlog\blog-cms\node_modules\echarts\lib\component\marker\MarkLineModel.js
<s> [webpack.Progress] 65% building 727/792 modules 65 active D:\Java_project\HYPBlog\blog-cms\node_modules\cache-loader\dist\cjs.js??ref--0-0!D:\Java_project\HYPBlog\blog-cms\node_modules\vue-loader\lib\index.js??vue-loader-options!D:\Java_project\HYPBlog\blog-cms\src\layout\components\Sidebar\index.vue
<s> [webpack.Progress] 65% building 727/793 modules 66 active D:\Java_project\HYPBlog\blog-cms\node_modules\echarts\lib\component\legend\legendFilter.js
<s> [webpack.Progress] 64% building 727/794 modules 67 active D:\Java_project\HYPBlog\blog-cms\node_modules\echarts\lib\component\legend\LegendView.js
<s> [webpack.Progress] 65% building 728/794 modules 66 active D:\Java_project\HYPBlog\blog-cms\node_modules\echarts\lib\component\legend\LegendView.js
<s> [webpack.Progress] 64% building 728/795 modules 67 active D:\Java_project\HYPBlog\blog-cms\node_modules\echarts\lib\component\legend\legendAction.js
<s> [webpack.Progress] 65% building 729/795 modules 66 active D:\Java_project\HYPBlog\blog-cms\node_modules\echarts\lib\component\legend\legendAction.js
<s> [webpack.Progress] 65% building 730/795 modules 65 active D:\Java_project\HYPBlog\blog-cms\node_modules\echarts\lib\component\legend\legendAction.js
<s> [webpack.Progress] 65% building 731/795 modules 64 active D:\Java_project\HYPBlog\blog-cms\node_modules\echarts\lib\component\legend\legendAction.js
<s> [webpack.Progress] 65% building 732/795 modules 63 active D:\Java_project\HYPBlog\blog-cms\node_modules\echarts\lib\component\legend\legendAction.js
<s> [webpack.Progress] 65% building 733/795 modules 62 active D:\Java_project\HYPBlog\blog-cms\node_modules\echarts\lib\component\legend\legendAction.js
<s> [webpack.Progress] 65% building 733/796 modules 63 active D:\Java_project\HYPBlog\blog-cms\node_modules\echarts\lib\component\legend\LegendModel.js
<s> [webpack.Progress] 65% building 733/797 modules 64 active D:\Java_project\HYPBlog\blog-cms\node_modules\echarts\lib\component\marker\MarkAreaModel.js
<s> [webpack.Progress] 65% building 734/797 modules 63 active D:\Java_project\HYPBlog\blog-cms\node_modules\echarts\lib\component\marker\MarkAreaModel.js
<s> [webpack.Progress] 65% building 735/797 modules 62 active D:\Java_project\HYPBlog\blog-cms\node_modules\echarts\lib\component\marker\MarkAreaModel.js
<s> [webpack.Progress] 65% building 735/798 modules 63 active D:\Java_project\HYPBlog\blog-cms\node_modules\echarts\lib\component\legend\ScrollableLegendView.js
<s> [webpack.Progress] 65% building 736/798 modules 62 active D:\Java_project\HYPBlog\blog-cms\node_modules\echarts\lib\component\legend\ScrollableLegendView.js
<s> [webpack.Progress] 65% building 737/798 modules 61 active D:\Java_project\HYPBlog\blog-cms\node_modules\echarts\lib\component\legend\ScrollableLegendView.js
<s> [webpack.Progress] 65% building 738/798 modules 60 active D:\Java_project\HYPBlog\blog-cms\node_modules\echarts\lib\component\legend\ScrollableLegendView.js
<s> [webpack.Progress] 65% building 739/798 modules 59 active D:\Java_project\HYPBlog\blog-cms\node_modules\echarts\lib\component\legend\ScrollableLegendView.js
<s> [webpack.Progress] 65% building 740/798 modules 58 active D:\Java_project\HYPBlog\blog-cms\node_modules\echarts\lib\component\legend\ScrollableLegendView.js
<s> [webpack.Progress] 65% building 741/798 modules 57 active D:\Java_project\HYPBlog\blog-cms\node_modules\echarts\lib\component\legend\ScrollableLegendView.js
<s> [webpack.Progress] 65% building 742/798 modules 56 active D:\Java_project\HYPBlog\blog-cms\node_modules\echarts\lib\component\legend\ScrollableLegendView.js
<s> [webpack.Progress] 65% building 743/798 modules 55 active D:\Java_project\HYPBlog\blog-cms\node_modules\echarts\lib\component\legend\ScrollableLegendView.js
<s> [webpack.Progress] 65% building 744/798 modules 54 active D:\Java_project\HYPBlog\blog-cms\node_modules\echarts\lib\component\legend\ScrollableLegendView.js
<s> [webpack.Progress] 66% building 745/798 modules 53 active D:\Java_project\HYPBlog\blog-cms\node_modules\echarts\lib\component\legend\ScrollableLegendView.js
<s> [webpack.Progress] 66% building 746/798 modules 52 active D:\Java_project\HYPBlog\blog-cms\node_modules\echarts\lib\component\legend\ScrollableLegendView.js
<s> [webpack.Progress] 66% building 747/798 modules 51 active D:\Java_project\HYPBlog\blog-cms\node_modules\echarts\lib\component\legend\ScrollableLegendView.js
<s> [webpack.Progress] 66% building 748/798 modules 50 active D:\Java_project\HYPBlog\blog-cms\node_modules\echarts\lib\component\legend\ScrollableLegendView.js
<s> [webpack.Progress] 66% building 749/798 modules 49 active D:\Java_project\HYPBlog\blog-cms\node_modules\echarts\lib\component\legend\ScrollableLegendView.js
<s> [webpack.Progress] 66% building 750/798 modules 48 active D:\Java_project\HYPBlog\blog-cms\node_modules\echarts\lib\component\legend\ScrollableLegendView.js
<s> [webpack.Progress] 66% building 751/798 modules 47 active D:\Java_project\HYPBlog\blog-cms\node_modules\echarts\lib\component\legend\ScrollableLegendView.js
<s> [webpack.Progress] 66% building 752/798 modules 46 active D:\Java_project\HYPBlog\blog-cms\node_modules\echarts\lib\component\legend\ScrollableLegendView.js
<s> [webpack.Progress] 66% building 753/798 modules 45 active D:\Java_project\HYPBlog\blog-cms\node_modules\echarts\lib\component\legend\ScrollableLegendView.js
<s> [webpack.Progress] 66% building 754/798 modules 44 active D:\Java_project\HYPBlog\blog-cms\node_modules\echarts\lib\component\legend\ScrollableLegendView.js
<s> [webpack.Progress] 66% building 755/798 modules 43 active D:\Java_project\HYPBlog\blog-cms\node_modules\echarts\lib\component\legend\ScrollableLegendView.js
<s> [webpack.Progress] 66% building 756/798 modules 42 active D:\Java_project\HYPBlog\blog-cms\node_modules\echarts\lib\component\legend\ScrollableLegendView.js
<s> [webpack.Progress] 66% building 757/798 modules 41 active D:\Java_project\HYPBlog\blog-cms\node_modules\echarts\lib\component\legend\ScrollableLegendView.js
<s> [webpack.Progress] 66% building 758/798 modules 40 active D:\Java_project\HYPBlog\blog-cms\node_modules\echarts\lib\component\legend\ScrollableLegendView.js
<s> [webpack.Progress] 67% building 759/798 modules 39 active D:\Java_project\HYPBlog\blog-cms\node_modules\echarts\lib\component\legend\ScrollableLegendView.js
<s> [webpack.Progress] 67% building 760/798 modules 38 active D:\Java_project\HYPBlog\blog-cms\node_modules\echarts\lib\component\legend\ScrollableLegendView.js
<s> [webpack.Progress] 67% building 761/798 modules 37 active D:\Java_project\HYPBlog\blog-cms\node_modules\echarts\lib\component\legend\ScrollableLegendView.js
<s> [webpack.Progress] 67% building 762/798 modules 36 active D:\Java_project\HYPBlog\blog-cms\node_modules\echarts\lib\component\legend\ScrollableLegendView.js
<s> [webpack.Progress] 67% building 763/798 modules 35 active D:\Java_project\HYPBlog\blog-cms\node_modules\echarts\lib\component\legend\ScrollableLegendView.js
<s> [webpack.Progress] 67% building 764/798 modules 34 active D:\Java_project\HYPBlog\blog-cms\node_modules\echarts\lib\component\legend\ScrollableLegendView.js
<s> [webpack.Progress] 67% building 765/798 modules 33 active D:\Java_project\HYPBlog\blog-cms\node_modules\echarts\lib\component\legend\ScrollableLegendView.js
<s> [webpack.Progress] 67% building 766/798 modules 32 active D:\Java_project\HYPBlog\blog-cms\node_modules\echarts\lib\component\legend\ScrollableLegendView.js
<s> [webpack.Progress] 67% building 767/798 modules 31 active D:\Java_project\HYPBlog\blog-cms\node_modules\echarts\lib\component\legend\ScrollableLegendView.js
<s> [webpack.Progress] 67% building 768/798 modules 30 active D:\Java_project\HYPBlog\blog-cms\node_modules\echarts\lib\component\legend\ScrollableLegendView.js
<s> [webpack.Progress] 67% building 769/798 modules 29 active D:\Java_project\HYPBlog\blog-cms\node_modules\echarts\lib\component\legend\ScrollableLegendView.js
<s> [webpack.Progress] 67% building 770/798 modules 28 active D:\Java_project\HYPBlog\blog-cms\node_modules\echarts\lib\component\legend\ScrollableLegendView.js
<s> [webpack.Progress] 67% building 771/798 modules 27 active D:\Java_project\HYPBlog\blog-cms\node_modules\echarts\lib\component\legend\ScrollableLegendView.js
<s> [webpack.Progress] 68% building 772/798 modules 26 active D:\Java_project\HYPBlog\blog-cms\node_modules\echarts\lib\component\legend\ScrollableLegendView.js
<s> [webpack.Progress] 68% building 773/798 modules 25 active D:\Java_project\HYPBlog\blog-cms\node_modules\echarts\lib\component\legend\ScrollableLegendView.js
<s> [webpack.Progress] 68% building 774/798 modules 24 active D:\Java_project\HYPBlog\blog-cms\node_modules\echarts\lib\component\legend\ScrollableLegendView.js
<s> [webpack.Progress] 68% building 775/798 modules 23 active D:\Java_project\HYPBlog\blog-cms\node_modules\echarts\lib\component\legend\ScrollableLegendView.js
<s> [webpack.Progress] 68% building 776/798 modules 22 active D:\Java_project\HYPBlog\blog-cms\node_modules\echarts\lib\component\legend\ScrollableLegendView.js
<s> [webpack.Progress] 68% building 777/798 modules 21 active D:\Java_project\HYPBlog\blog-cms\node_modules\echarts\lib\component\legend\ScrollableLegendView.js
<s> [webpack.Progress] 68% building 778/798 modules 20 active D:\Java_project\HYPBlog\blog-cms\node_modules\echarts\lib\component\legend\ScrollableLegendView.js
<s> [webpack.Progress] 68% building 779/798 modules 19 active D:\Java_project\HYPBlog\blog-cms\node_modules\echarts\lib\component\legend\ScrollableLegendView.js
<s> [webpack.Progress] 68% building 780/798 modules 18 active D:\Java_project\HYPBlog\blog-cms\node_modules\echarts\lib\component\legend\ScrollableLegendView.js
<s> [webpack.Progress] 68% building 781/798 modules 17 active D:\Java_project\HYPBlog\blog-cms\node_modules\echarts\lib\component\legend\ScrollableLegendView.js
<s> [webpack.Progress] 68% building 782/798 modules 16 active D:\Java_project\HYPBlog\blog-cms\node_modules\echarts\lib\component\legend\ScrollableLegendView.js
<s> [webpack.Progress] 68% building 783/798 modules 15 active D:\Java_project\HYPBlog\blog-cms\node_modules\echarts\lib\component\legend\ScrollableLegendView.js
<s> [webpack.Progress] 68% building 784/798 modules 14 active D:\Java_project\HYPBlog\blog-cms\node_modules\echarts\lib\component\legend\ScrollableLegendView.js
<s> [webpack.Progress] 69% building 785/798 modules 13 active D:\Java_project\HYPBlog\blog-cms\node_modules\echarts\lib\component\legend\ScrollableLegendView.js
<s> [webpack.Progress] 69% building 786/798 modules 12 active D:\Java_project\HYPBlog\blog-cms\node_modules\echarts\lib\component\legend\ScrollableLegendView.js
<s> [webpack.Progress] 69% building 787/798 modules 11 active D:\Java_project\HYPBlog\blog-cms\node_modules\echarts\lib\component\legend\ScrollableLegendView.js
<s> [webpack.Progress] 69% building 787/799 modules 12 active D:\Java_project\HYPBlog\blog-cms\node_modules\echarts\lib\component\dataZoom\dataZoomProcessor.js
<s> [webpack.Progress] 69% building 788/799 modules 11 active D:\Java_project\HYPBlog\blog-cms\node_modules\echarts\lib\component\dataZoom\dataZoomProcessor.js
<s> [webpack.Progress] 69% building 788/800 modules 12 active D:\Java_project\HYPBlog\blog-cms\node_modules\echarts\lib\component\dataZoom\DataZoomView.js
<s> [webpack.Progress] 69% building 788/801 modules 13 active D:\Java_project\HYPBlog\blog-cms\node_modules\echarts\lib\component\dataZoom\InsideZoomView.js
<s> [webpack.Progress] 68% building 788/802 modules 14 active D:\Java_project\HYPBlog\blog-cms\node_modules\echarts\lib\component\legend\ScrollableLegendModel.js
<s> [webpack.Progress] 68% building 788/803 modules 15 active D:\Java_project\HYPBlog\blog-cms\node_modules\echarts\lib\component\dataZoom\InsideZoomModel.js
<s> [webpack.Progress] 68% building 789/803 modules 14 active D:\Java_project\HYPBlog\blog-cms\node_modules\echarts\lib\component\dataZoom\InsideZoomModel.js
<s> [webpack.Progress] 68% building 789/804 modules 15 active D:\Java_project\HYPBlog\blog-cms\node_modules\echarts\lib\component\dataZoom\DataZoomModel.js
<s> [webpack.Progress] 68% building 789/805 modules 16 active D:\Java_project\HYPBlog\blog-cms\node_modules\echarts\lib\component\dataZoom\SliderZoomView.js
<s> [webpack.Progress] 68% building 789/806 modules 17 active D:\Java_project\HYPBlog\blog-cms\node_modules\echarts\lib\component\dataZoom\SliderZoomModel.js
<s> [webpack.Progress] 68% building 790/806 modules 16 active D:\Java_project\HYPBlog\blog-cms\node_modules\echarts\lib\component\dataZoom\SliderZoomModel.js
<s> [webpack.Progress] 68% building 791/806 modules 15 active D:\Java_project\HYPBlog\blog-cms\node_modules\echarts\lib\component\dataZoom\SliderZoomModel.js
<s> [webpack.Progress] 68% building 792/806 modules 14 active D:\Java_project\HYPBlog\blog-cms\node_modules\echarts\lib\component\dataZoom\SliderZoomModel.js
<s> [webpack.Progress] 68% building 792/807 modules 15 active ignored D:\Java_project\HYPBlog\blog-cms\node_modules\object-inspect ./util.inspect
<s> [webpack.Progress] 68% building 793/807 modules 14 active D:\Java_project\HYPBlog\blog-cms\node_modules\echarts\lib\component\dataZoom\SliderZoomModel.js
<s> [webpack.Progress] 69% building 794/807 modules 13 active D:\Java_project\HYPBlog\blog-cms\node_modules\echarts\lib\component\dataZoom\SliderZoomModel.js
<s> [webpack.Progress] 69% building 795/807 modules 12 active D:\Java_project\HYPBlog\blog-cms\node_modules\echarts\lib\component\dataZoom\SliderZoomModel.js
<s> [webpack.Progress] 69% building 795/808 modules 13 active D:\Java_project\HYPBlog\blog-cms\node_modules\zrender\lib\svg\graphic.js
<s> [webpack.Progress] 68% building 795/809 modules 14 active D:\Java_project\HYPBlog\blog-cms\node_modules\zrender\lib\vml\graphic.js
<s> [webpack.Progress] 68% building 795/810 modules 15 active D:\Java_project\HYPBlog\blog-cms\node_modules\zrender\lib\vml\Painter.js
<s> [webpack.Progress] 68% building 795/811 modules 16 active D:\Java_project\HYPBlog\blog-cms\node_modules\echarts\lib\component\brush\BrushView.js
<s> [webpack.Progress] 68% building 795/812 modules 17 active D:\Java_project\HYPBlog\blog-cms\node_modules\zrender\lib\svg\Painter.js
<s> [webpack.Progress] 68% building 796/812 modules 16 active D:\Java_project\HYPBlog\blog-cms\node_modules\zrender\lib\svg\Painter.js
<s> [webpack.Progress] 68% building 797/812 modules 15 active D:\Java_project\HYPBlog\blog-cms\node_modules\zrender\lib\svg\Painter.js
<s> [webpack.Progress] 68% building 797/813 modules 16 active D:\Java_project\HYPBlog\blog-cms\node_modules\normalize-wheel\src\normalizeWheel.js
<s> [webpack.Progress] 68% building 797/814 modules 17 active D:\Java_project\HYPBlog\blog-cms\node_modules\vue-loader\lib\loaders\pitcher.js??ref--4!D:\Java_project\HYPBlog\blog-cms\node_modules\cache-loader\dist\cjs.js??ref--0-0!D:\Java_project\HYPBlog\blog-cms\node_modules\vue-loader\lib\index.js??vue-loader-options!D:\Java_project\HYPBlog\blog-cms\src\layout\components\Sidebar\index.vue?vue&type=template&id=33ec43fc&scoped=true
<s> [webpack.Progress] 68% building 798/814 modules 16 active D:\Java_project\HYPBlog\blog-cms\node_modules\normalize-wheel\src\normalizeWheel.js
<s> [webpack.Progress] 68% building 798/815 modules 17 active D:\Java_project\HYPBlog\blog-cms\node_modules\cache-loader\dist\cjs.js?{"cacheDirectory":"node_modules/.cache/vue-loader","cacheIdentifier":"b828289e-vue-loader-template"}!D:\Java_project\HYPBlog\blog-cms\node_modules\vue-loader\lib\loaders\templateLoader.js??vue-loader-options!D:\Java_project\HYPBlog\blog-cms\node_modules\cache-loader\dist\cjs.js??ref--0-0!D:\Java_project\HYPBlog\blog-cms\node_modules\vue-loader\lib\index.js??vue-loader-options!D:\Java_project\HYPBlog\blog-cms\src\layout\components\Sidebar\index.vue?vue&type=template&id=33ec43fc&scoped=true
<s> [webpack.Progress] 68% building 799/815 modules 16 active D:\Java_project\HYPBlog\blog-cms\node_modules\cache-loader\dist\cjs.js?{"cacheDirectory":"node_modules/.cache/vue-loader","cacheIdentifier":"b828289e-vue-loader-template"}!D:\Java_project\HYPBlog\blog-cms\node_modules\vue-loader\lib\loaders\templateLoader.js??vue-loader-options!D:\Java_project\HYPBlog\blog-cms\node_modules\cache-loader\dist\cjs.js??ref--0-0!D:\Java_project\HYPBlog\blog-cms\node_modules\vue-loader\lib\index.js??vue-loader-options!D:\Java_project\HYPBlog\blog-cms\src\layout\components\Sidebar\index.vue?vue&type=template&id=33ec43fc&scoped=true
<s> [webpack.Progress] 68% building 799/816 modules 17 active D:\Java_project\HYPBlog\blog-cms\node_modules\echarts\lib\component\brush\BrushModel.js
<s> [webpack.Progress] 68% building 799/817 modules 18 active D:\Java_project\HYPBlog\blog-cms\node_modules\echarts\lib\component\brush\preprocessor.js
<s> [webpack.Progress] 68% building 799/818 modules 19 active D:\Java_project\HYPBlog\blog-cms\node_modules\echarts\lib\component\visualMap\PiecewiseView.js
<s> [webpack.Progress] 68% building 799/819 modules 20 active D:\Java_project\HYPBlog\blog-cms\node_modules\echarts\lib\component\brush\visualEncoding.js
<s> [webpack.Progress] 68% building 799/820 modules 21 active D:\Java_project\HYPBlog\blog-cms\node_modules\echarts\lib\component\visualMap\PiecewiseModel.js
<s> [webpack.Progress] 68% building 799/821 modules 22 active D:\Java_project\HYPBlog\blog-cms\node_modules\babel-runtime\node_modules\core-js\library\fn\symbol\index.js
<s> [webpack.Progress] 68% building 800/821 modules 21 active D:\Java_project\HYPBlog\blog-cms\node_modules\babel-runtime\node_modules\core-js\library\fn\symbol\index.js
<s> [webpack.Progress] 68% building 801/821 modules 20 active D:\Java_project\HYPBlog\blog-cms\node_modules\babel-runtime\node_modules\core-js\library\fn\symbol\index.js
<s> [webpack.Progress] 68% building 802/821 modules 19 active D:\Java_project\HYPBlog\blog-cms\node_modules\babel-runtime\node_modules\core-js\library\fn\symbol\index.js
<s> [webpack.Progress] 68% building 803/821 modules 18 active D:\Java_project\HYPBlog\blog-cms\node_modules\babel-runtime\node_modules\core-js\library\fn\symbol\index.js
<s> [webpack.Progress] 68% building 804/821 modules 17 active D:\Java_project\HYPBlog\blog-cms\node_modules\babel-runtime\node_modules\core-js\library\fn\symbol\index.js
<s> [webpack.Progress] 68% building 804/822 modules 18 active D:\Java_project\HYPBlog\blog-cms\node_modules\echarts\lib\util\symbol.js
<s> [webpack.Progress] 68% building 804/823 modules 19 active D:\Java_project\HYPBlog\blog-cms\node_modules\zrender\lib\core\guid.js
<s> [webpack.Progress] 68% building 805/823 modules 18 active D:\Java_project\HYPBlog\blog-cms\node_modules\zrender\lib\core\guid.js
<s> [webpack.Progress] 68% building 806/823 modules 17 active D:\Java_project\HYPBlog\blog-cms\node_modules\zrender\lib\core\guid.js
<s> [webpack.Progress] 68% building 807/823 modules 16 active D:\Java_project\HYPBlog\blog-cms\node_modules\zrender\lib\core\guid.js
<s> [webpack.Progress] 68% building 807/824 modules 17 active D:\Java_project\HYPBlog\blog-cms\node_modules\echarts\lib\component\axis.js
<s> [webpack.Progress] 68% building 807/825 modules 18 active D:\Java_project\HYPBlog\blog-cms\node_modules\node-libs-browser\mock\process.js
<s> [webpack.Progress] 68% building 808/825 modules 17 active D:\Java_project\HYPBlog\blog-cms\node_modules\node-libs-browser\mock\process.js
<s> [webpack.Progress] 68% building 808/826 modules 18 active D:\Java_project\HYPBlog\blog-cms\node_modules\axios\lib\adapters\xhr.js
<s> [webpack.Progress] 68% building 809/826 modules 17 active D:\Java_project\HYPBlog\blog-cms\node_modules\axios\lib\adapters\xhr.js
<s> [webpack.Progress] 68% building 809/827 modules 18 active D:\Java_project\HYPBlog\blog-cms\node_modules\echarts\lib\model\Series.js
<s> [webpack.Progress] 68% building 809/828 modules 19 active D:\Java_project\HYPBlog\blog-cms\node_modules\echarts\lib\coord\View.js
<s> [webpack.Progress] 68% building 809/829 modules 20 active D:\Java_project\HYPBlog\blog-cms\node_modules\echarts\lib\chart\tree\traversalHelper.js
<s> [webpack.Progress] 68% building 809/830 modules 21 active D:\Java_project\HYPBlog\blog-cms\node_modules\echarts\lib\component\axisPointer\BaseAxisPointer.js
<s> [webpack.Progress] 68% building 809/831 modules 22 active D:\Java_project\HYPBlog\blog-cms\node_modules\echarts\lib\component\toolbox\featureManager.js
<s> [webpack.Progress] 68% building 809/832 modules 23 active D:\Java_project\HYPBlog\blog-cms\node_modules\echarts\lib\util\model.js
<s> [webpack.Progress] 68% building 809/833 modules 24 active D:\Java_project\HYPBlog\blog-cms\node_modules\echarts\lib\component\axisPointer\viewHelper.js
<s> [webpack.Progress] 68% building 809/834 modules 25 active D:\Java_project\HYPBlog\blog-cms\node_modules\echarts\lib\coord\axisHelper.js
<s> [webpack.Progress] 68% building 809/835 modules 26 active D:\Java_project\HYPBlog\blog-cms\node_modules\echarts\lib\component\dataZoom\helper.js
<s> [webpack.Progress] 68% building 810/835 modules 25 active D:\Java_project\HYPBlog\blog-cms\node_modules\echarts\lib\component\dataZoom\helper.js
<s> [webpack.Progress] 68% building 811/835 modules 24 active D:\Java_project\HYPBlog\blog-cms\node_modules\echarts\lib\component\dataZoom\helper.js
<s> [webpack.Progress] 68% building 812/835 modules 23 active D:\Java_project\HYPBlog\blog-cms\node_modules\echarts\lib\component\dataZoom\helper.js
<s> [webpack.Progress] 68% building 812/836 modules 24 active D:\Java_project\HYPBlog\blog-cms\node_modules\axios\lib\helpers\validator.js
<s> [webpack.Progress] 68% building 812/837 modules 25 active D:\Java_project\HYPBlog\blog-cms\node_modules\echarts\lib\component\axis\ParallelAxisView.js
<s> [webpack.Progress] 68% building 812/838 modules 26 active D:\Java_project\HYPBlog\blog-cms\node_modules\echarts\lib\component\axis\parallelAxisAction.js
<s> [webpack.Progress] 68% building 812/839 modules 27 active D:\Java_project\HYPBlog\blog-cms\node_modules\echarts\lib\component\axis\AxisView.js
<s> [webpack.Progress] 68% building 812/840 modules 28 active D:\Java_project\HYPBlog\blog-cms\node_modules\axios\lib\core\dispatchRequest.js
<s> [webpack.Progress] 68% building 813/840 modules 27 active D:\Java_project\HYPBlog\blog-cms\node_modules\axios\lib\core\dispatchRequest.js
<s> [webpack.Progress] 68% building 814/840 modules 26 active D:\Java_project\HYPBlog\blog-cms\node_modules\axios\lib\core\dispatchRequest.js
<s> [webpack.Progress] 68% building 814/841 modules 27 active D:\Java_project\HYPBlog\blog-cms\node_modules\zrender\lib\core\LRU.js
<s> [webpack.Progress] 68% building 815/841 modules 26 active D:\Java_project\HYPBlog\blog-cms\node_modules\zrender\lib\core\LRU.js
<s> [webpack.Progress] 68% building 815/842 modules 27 active D:\Java_project\HYPBlog\blog-cms\node_modules\echarts\lib\data\DataDimensionInfo.js
<s> [webpack.Progress] 68% building 816/842 modules 26 active D:\Java_project\HYPBlog\blog-cms\node_modules\echarts\lib\data\DataDimensionInfo.js
<s> [webpack.Progress] 68% building 817/842 modules 25 active D:\Java_project\HYPBlog\blog-cms\node_modules\echarts\lib\data\DataDimensionInfo.js
<s> [webpack.Progress] 68% building 818/842 modules 24 active D:\Java_project\HYPBlog\blog-cms\node_modules\echarts\lib\data\DataDimensionInfo.js
<s> [webpack.Progress] 68% building 818/843 modules 25 active D:\Java_project\HYPBlog\blog-cms\node_modules\zrender\lib\dom\HandlerProxy.js
<s> [webpack.Progress] 68% building 818/844 modules 26 active D:\Java_project\HYPBlog\blog-cms\node_modules\echarts\lib\data\Source.js
<s> [webpack.Progress] 68% building 819/844 modules 25 active D:\Java_project\HYPBlog\blog-cms\node_modules\echarts\lib\data\Source.js
<s> [webpack.Progress] 68% building 819/845 modules 26 active D:\Java_project\HYPBlog\blog-cms\node_modules\echarts\lib\data\DataDiffer.js
<s> [webpack.Progress] 68% building 819/846 modules 27 active D:\Java_project\HYPBlog\blog-cms\node_modules\echarts\lib\coord\axisTickLabelBuilder.js
<s> [webpack.Progress] 68% building 819/847 modules 28 active D:\Java_project\HYPBlog\blog-cms\node_modules\echarts\lib\coord\geo\Region.js
<s> [webpack.Progress] 67% building 819/848 modules 29 active D:\Java_project\HYPBlog\blog-cms\node_modules\echarts\lib\action\roamHelper.js
<s> [webpack.Progress] 67% building 819/849 modules 30 active D:\Java_project\HYPBlog\blog-cms\node_modules\echarts\lib\component\marker\MarkerView.js
<s> [webpack.Progress] 67% building 819/850 modules 31 active D:\Java_project\HYPBlog\blog-cms\node_modules\echarts\lib\lang.js
<s> [webpack.Progress] 67% building 819/851 modules 32 active D:\Java_project\HYPBlog\blog-cms\node_modules\echarts\lib\coord\parallel\parallelCreator.js
<s> [webpack.Progress] 67% building 819/852 modules 33 active D:\Java_project\HYPBlog\blog-cms\node_modules\echarts\lib\coord\cartesian\Grid.js
<s> [webpack.Progress] 67% building 819/853 modules 34 active D:\Java_project\HYPBlog\blog-cms\node_modules\echarts\lib\util\layout.js
<s> [webpack.Progress] 67% building 819/854 modules 35 active D:\Java_project\HYPBlog\blog-cms\node_modules\echarts\lib\CoordinateSystem.js
<s> [webpack.Progress] 67% building 819/855 modules 36 active D:\Java_project\HYPBlog\blog-cms\node_modules\zrender\lib\animation\Animation.js
<s> [webpack.Progress] 67% building 819/856 modules 37 active D:\Java_project\HYPBlog\blog-cms\node_modules\babel-runtime\node_modules\core-js\library\modules\es6.string.iterator.js
<s> [webpack.Progress] 67% building 819/857 modules 38 active D:\Java_project\HYPBlog\blog-cms\node_modules\babel-runtime\node_modules\core-js\library\modules\es6.object.assign.js
<s> [webpack.Progress] 67% building 819/858 modules 39 active D:\Java_project\HYPBlog\blog-cms\node_modules\babel-runtime\node_modules\core-js\library\modules\_wks-ext.js
<s> [webpack.Progress] 67% building 819/859 modules 40 active D:\Java_project\HYPBlog\blog-cms\node_modules\babel-runtime\node_modules\core-js\library\modules\web.dom.iterable.js
<s> [webpack.Progress] 67% building 819/860 modules 41 active D:\Java_project\HYPBlog\blog-cms\node_modules\babel-runtime\node_modules\core-js\library\modules\_core.js
<s> [webpack.Progress] 67% building 819/861 modules 42 active D:\Java_project\HYPBlog\blog-cms\node_modules\echarts\lib\component\marker\markerHelper.js
<s> [webpack.Progress] 67% building 820/861 modules 41 active D:\Java_project\HYPBlog\blog-cms\node_modules\echarts\lib\component\marker\markerHelper.js
<s> [webpack.Progress] 67% building 820/862 modules 42 active D:\Java_project\HYPBlog\blog-cms\node_modules\echarts\lib\util\clazz.js
<s> [webpack.Progress] 67% building 820/863 modules 43 active D:\Java_project\HYPBlog\blog-cms\node_modules\echarts\lib\chart\helper\treeHelper.js
<s> [webpack.Progress] 66% building 820/864 modules 44 active D:\Java_project\HYPBlog\blog-cms\node_modules\echarts\lib\chart\helper\createListSimply.js
<s> [webpack.Progress] 66% building 820/865 modules 45 active D:\Java_project\HYPBlog\blog-cms\node_modules\echarts\lib\chart\helper\LineDraw.js
<s> [webpack.Progress] 66% building 820/866 modules 46 active D:\Java_project\HYPBlog\blog-cms\node_modules\echarts\lib\chart\helper\SymbolDraw.js
<s> [webpack.Progress] 66% building 820/867 modules 47 active D:\Java_project\HYPBlog\blog-cms\node_modules\echarts\lib\chart\helper\createRenderPlanner.js
<s> [webpack.Progress] 66% building 820/868 modules 48 active D:\Java_project\HYPBlog\blog-cms\node_modules\echarts\lib\visual\VisualMapping.js
<s> [webpack.Progress] 66% building 820/869 modules 49 active D:\Java_project\HYPBlog\blog-cms\node_modules\echarts\lib\component\marker\MarkerModel.js
<s> [webpack.Progress] 66% building 820/870 modules 50 active D:\Java_project\HYPBlog\blog-cms\node_modules\zrender\lib\contain\text.js
<s> [webpack.Progress] 66% building 821/870 modules 49 active D:\Java_project\HYPBlog\blog-cms\node_modules\zrender\lib\contain\text.js
<s> [webpack.Progress] 66% building 822/870 modules 48 active D:\Java_project\HYPBlog\blog-cms\node_modules\zrender\lib\contain\text.js
<s> [webpack.Progress] 66% building 822/871 modules 49 active D:\Java_project\HYPBlog\blog-cms\node_modules\echarts\lib\data\helper\dataProvider.js
<s> [webpack.Progress] 66% building 822/872 modules 50 active D:\Java_project\HYPBlog\blog-cms\node_modules\echarts\lib\data\helper\dimensionHelper.js
<s> [webpack.Progress] 66% building 822/873 modules 51 active D:\Java_project\HYPBlog\blog-cms\node_modules\echarts\lib\data\helper\dataStackHelper.js
<s> [webpack.Progress] 66% building 823/873 modules 50 active D:\Java_project\HYPBlog\blog-cms\node_modules\echarts\lib\data\helper\dataStackHelper.js
<s> [webpack.Progress] 66% building 823/874 modules 51 active D:\Java_project\HYPBlog\blog-cms\node_modules\echarts\lib\model\mixin\itemStyle.js
<s> [webpack.Progress] 66% building 823/875 modules 52 active D:\Java_project\HYPBlog\blog-cms\node_modules\echarts\lib\model\mixin\textStyle.js
<s> [webpack.Progress] 66% building 823/876 modules 53 active D:\Java_project\HYPBlog\blog-cms\node_modules\echarts\lib\model\mixin\areaStyle.js
<s> [webpack.Progress] 66% building 823/877 modules 54 active D:\Java_project\HYPBlog\blog-cms\node_modules\echarts\lib\model\mixin\lineStyle.js
<s> [webpack.Progress] 66% building 823/878 modules 55 active D:\Java_project\HYPBlog\blog-cms\node_modules\echarts\lib\model\mixin\boxLayout.js
<s> [webpack.Progress] 66% building 824/878 modules 54 active D:\Java_project\HYPBlog\blog-cms\node_modules\echarts\lib\model\mixin\boxLayout.js
<s> [webpack.Progress] 66% building 825/878 modules 53 active D:\Java_project\HYPBlog\blog-cms\node_modules\echarts\lib\model\mixin\boxLayout.js
<s> [webpack.Progress] 66% building 826/878 modules 52 active D:\Java_project\HYPBlog\blog-cms\node_modules\echarts\lib\model\mixin\boxLayout.js
<s> [webpack.Progress] 66% building 827/878 modules 51 active D:\Java_project\HYPBlog\blog-cms\node_modules\echarts\lib\model\mixin\boxLayout.js
<s> [webpack.Progress] 66% building 828/878 modules 50 active D:\Java_project\HYPBlog\blog-cms\node_modules\echarts\lib\model\mixin\boxLayout.js
<s> [webpack.Progress] 66% building 829/878 modules 49 active D:\Java_project\HYPBlog\blog-cms\node_modules\echarts\lib\model\mixin\boxLayout.js
<s> [webpack.Progress] 66% building 830/878 modules 48 active D:\Java_project\HYPBlog\blog-cms\node_modules\echarts\lib\model\mixin\boxLayout.js
<s> [webpack.Progress] 66% building 831/878 modules 47 active D:\Java_project\HYPBlog\blog-cms\node_modules\echarts\lib\model\mixin\boxLayout.js
<s> [webpack.Progress] 66% building 832/878 modules 46 active D:\Java_project\HYPBlog\blog-cms\node_modules\echarts\lib\model\mixin\boxLayout.js
<s> [webpack.Progress] 66% building 833/878 modules 45 active D:\Java_project\HYPBlog\blog-cms\node_modules\echarts\lib\model\mixin\boxLayout.js
<s> [webpack.Progress] 66% building 834/878 modules 44 active D:\Java_project\HYPBlog\blog-cms\node_modules\echarts\lib\model\mixin\boxLayout.js
<s> [webpack.Progress] 67% building 835/878 modules 43 active D:\Java_project\HYPBlog\blog-cms\node_modules\echarts\lib\model\mixin\boxLayout.js
<s> [webpack.Progress] 67% building 836/878 modules 42 active D:\Java_project\HYPBlog\blog-cms\node_modules\echarts\lib\model\mixin\boxLayout.js
<s> [webpack.Progress] 67% building 837/878 modules 41 active D:\Java_project\HYPBlog\blog-cms\node_modules\echarts\lib\model\mixin\boxLayout.js
<s> [webpack.Progress] 67% building 837/879 modules 42 active D:\Java_project\HYPBlog\blog-cms\node_modules\echarts\lib\component\helper\listComponent.js
<s> [webpack.Progress] 67% building 838/879 modules 41 active D:\Java_project\HYPBlog\blog-cms\node_modules\echarts\lib\component\helper\listComponent.js
<s> [webpack.Progress] 67% building 839/879 modules 40 active D:\Java_project\HYPBlog\blog-cms\node_modules\echarts\lib\component\helper\listComponent.js
<s> [webpack.Progress] 67% building 840/879 modules 39 active D:\Java_project\HYPBlog\blog-cms\node_modules\echarts\lib\component\helper\listComponent.js
<s> [webpack.Progress] 67% building 841/879 modules 38 active D:\Java_project\HYPBlog\blog-cms\node_modules\echarts\lib\component\helper\listComponent.js
<s> [webpack.Progress] 67% building 842/879 modules 37 active D:\Java_project\HYPBlog\blog-cms\node_modules\echarts\lib\component\helper\listComponent.js
<s> [webpack.Progress] 67% building 843/879 modules 36 active D:\Java_project\HYPBlog\blog-cms\node_modules\echarts\lib\component\helper\listComponent.js
<s> [webpack.Progress] 67% building 844/879 modules 35 active D:\Java_project\HYPBlog\blog-cms\node_modules\echarts\lib\component\helper\listComponent.js
<s> [webpack.Progress] 67% building 845/879 modules 34 active D:\Java_project\HYPBlog\blog-cms\node_modules\echarts\lib\component\helper\listComponent.js
<s> [webpack.Progress] 67% building 846/879 modules 33 active D:\Java_project\HYPBlog\blog-cms\node_modules\echarts\lib\component\helper\listComponent.js
<s> [webpack.Progress] 67% building 847/879 modules 32 active D:\Java_project\HYPBlog\blog-cms\node_modules\echarts\lib\component\helper\listComponent.js
<s> [webpack.Progress] 67% building 848/879 modules 31 active D:\Java_project\HYPBlog\blog-cms\node_modules\echarts\lib\component\helper\listComponent.js
<s> [webpack.Progress] 67% building 848/880 modules 32 active D:\Java_project\HYPBlog\blog-cms\node_modules\echarts\lib\component\dataZoom\roams.js
<s> [webpack.Progress] 67% building 848/881 modules 33 active D:\Java_project\HYPBlog\blog-cms\node_modules\echarts\lib\component\helper\sliderMove.js
<s> [webpack.Progress] 67% building 849/881 modules 32 active D:\Java_project\HYPBlog\blog-cms\node_modules\echarts\lib\component\helper\sliderMove.js
<s> [webpack.Progress] 67% building 850/881 modules 31 active D:\Java_project\HYPBlog\blog-cms\node_modules\echarts\lib\component\helper\sliderMove.js
<s> [webpack.Progress] 67% building 851/881 modules 30 active D:\Java_project\HYPBlog\blog-cms\node_modules\echarts\lib\component\helper\sliderMove.js
<s> [webpack.Progress] 68% building 852/881 modules 29 active D:\Java_project\HYPBlog\blog-cms\node_modules\echarts\lib\component\helper\sliderMove.js
<s> [webpack.Progress] 68% building 853/881 modules 28 active D:\Java_project\HYPBlog\blog-cms\node_modules\echarts\lib\component\helper\sliderMove.js
<s> [webpack.Progress] 68% building 854/881 modules 27 active D:\Java_project\HYPBlog\blog-cms\node_modules\echarts\lib\component\helper\sliderMove.js
<s> [webpack.Progress] 68% building 855/881 modules 26 active D:\Java_project\HYPBlog\blog-cms\node_modules\echarts\lib\component\helper\sliderMove.js
<s> [webpack.Progress] 68% building 856/881 modules 25 active D:\Java_project\HYPBlog\blog-cms\node_modules\echarts\lib\component\helper\sliderMove.js
<s> [webpack.Progress] 68% building 857/881 modules 24 active D:\Java_project\HYPBlog\blog-cms\node_modules\echarts\lib\component\helper\sliderMove.js
<s> [webpack.Progress] 68% building 858/881 modules 23 active D:\Java_project\HYPBlog\blog-cms\node_modules\echarts\lib\component\helper\sliderMove.js
<s> [webpack.Progress] 68% building 859/881 modules 22 active D:\Java_project\HYPBlog\blog-cms\node_modules\echarts\lib\component\helper\sliderMove.js
<s> [webpack.Progress] 68% building 860/881 modules 21 active D:\Java_project\HYPBlog\blog-cms\node_modules\echarts\lib\component\helper\sliderMove.js
<s> [webpack.Progress] 68% building 860/882 modules 22 active D:\Java_project\HYPBlog\blog-cms\node_modules\echarts\lib\component\dataZoom\AxisProxy.js
<s> [webpack.Progress] 68% building 861/882 modules 21 active D:\Java_project\HYPBlog\blog-cms\node_modules\echarts\lib\component\dataZoom\AxisProxy.js
<s> [webpack.Progress] 68% building 862/882 modules 20 active D:\Java_project\HYPBlog\blog-cms\node_modules\echarts\lib\component\dataZoom\AxisProxy.js
<s> [webpack.Progress] 68% building 863/882 modules 19 active D:\Java_project\HYPBlog\blog-cms\node_modules\echarts\lib\component\dataZoom\AxisProxy.js
<s> [webpack.Progress] 68% building 864/882 modules 18 active D:\Java_project\HYPBlog\blog-cms\node_modules\echarts\lib\component\dataZoom\AxisProxy.js
<s> [webpack.Progress] 68% building 865/882 modules 17 active D:\Java_project\HYPBlog\blog-cms\node_modules\echarts\lib\component\dataZoom\AxisProxy.js
<s> [webpack.Progress] 68% building 866/882 modules 16 active D:\Java_project\HYPBlog\blog-cms\node_modules\echarts\lib\component\dataZoom\AxisProxy.js
<s> [webpack.Progress] 68% building 867/882 modules 15 active D:\Java_project\HYPBlog\blog-cms\node_modules\echarts\lib\component\dataZoom\AxisProxy.js
<s> [webpack.Progress] 69% building 868/882 modules 14 active D:\Java_project\HYPBlog\blog-cms\node_modules\echarts\lib\component\dataZoom\AxisProxy.js
<s> [webpack.Progress] 69% building 869/882 modules 13 active D:\Java_project\HYPBlog\blog-cms\node_modules\echarts\lib\component\dataZoom\AxisProxy.js
<s> [webpack.Progress] 69% building 869/883 modules 14 active D:\Java_project\HYPBlog\blog-cms\node_modules\zrender\lib\svg\core.js
<s> [webpack.Progress] 69% building 870/883 modules 13 active D:\Java_project\HYPBlog\blog-cms\node_modules\zrender\lib\svg\core.js
<s> [webpack.Progress] 69% building 871/883 modules 12 active D:\Java_project\HYPBlog\blog-cms\node_modules\zrender\lib\svg\core.js
<s> [webpack.Progress] 69% building 872/883 modules 11 active D:\Java_project\HYPBlog\blog-cms\node_modules\zrender\lib\svg\core.js
<s> [webpack.Progress] 69% building 872/884 modules 12 active D:\Java_project\HYPBlog\blog-cms\node_modules\zrender\lib\vml\core.js
<s> [webpack.Progress] 69% building 873/884 modules 11 active D:\Java_project\HYPBlog\blog-cms\node_modules\zrender\lib\vml\core.js
<s> [webpack.Progress] 69% building 874/884 modules 10 active D:\Java_project\HYPBlog\blog-cms\node_modules\zrender\lib\vml\core.js
<s> [webpack.Progress] 69% building 875/884 modules 9 active D:\Java_project\HYPBlog\blog-cms\node_modules\zrender\lib\vml\core.js
<s> [webpack.Progress] 69% building 875/885 modules 10 active D:\Java_project\HYPBlog\blog-cms\node_modules\zrender\lib\core\PathProxy.js
<s> [webpack.Progress] 69% building 876/885 modules 9 active D:\Java_project\HYPBlog\blog-cms\node_modules\zrender\lib\core\PathProxy.js
<s> [webpack.Progress] 69% building 877/885 modules 8 active D:\Java_project\HYPBlog\blog-cms\node_modules\zrender\lib\core\PathProxy.js
<s> [webpack.Progress] 69% building 877/886 modules 9 active D:\Java_project\HYPBlog\blog-cms\node_modules\echarts\lib\component\helper\BrushController.js
<s> [webpack.Progress] 69% building 877/887 modules 10 active D:\Java_project\HYPBlog\blog-cms\node_modules\zrender\lib\core\log.js
<s> [webpack.Progress] 69% building 877/888 modules 11 active D:\Java_project\HYPBlog\blog-cms\node_modules\echarts\lib\view\Component.js
<s> [webpack.Progress] 69% building 877/889 modules 12 active D:\Java_project\HYPBlog\blog-cms\node_modules\normalize-wheel\src\isEventSupported.js
<s> [webpack.Progress] 69% building 877/890 modules 13 active D:\Java_project\HYPBlog\blog-cms\node_modules\normalize-wheel\src\UserAgent_DEPRECATED.js
<s> [webpack.Progress] 69% building 877/891 modules 14 active D:\Java_project\HYPBlog\blog-cms\node_modules\echarts\lib\visual\visualSolution.js
<s> [webpack.Progress] 68% building 877/892 modules 15 active D:\Java_project\HYPBlog\blog-cms\node_modules\echarts\lib\component\helper\BrushTargetManager.js
<s> [webpack.Progress] 68% building 877/893 modules 16 active D:\Java_project\HYPBlog\blog-cms\node_modules\echarts\lib\visual\visualDefault.js
<s> [webpack.Progress] 68% building 877/894 modules 17 active D:\Java_project\HYPBlog\blog-cms\node_modules\echarts\lib\component\visualMap\VisualMapModel.js
<s> [webpack.Progress] 68% building 877/895 modules 18 active D:\Java_project\HYPBlog\blog-cms\node_modules\echarts\lib\component\brush\selector.js
<s> [webpack.Progress] 68% building 877/896 modules 19 active D:\Java_project\HYPBlog\blog-cms\node_modules\zrender\lib\core\BoundingRect.js
<s> [webpack.Progress] 68% building 878/896 modules 18 active D:\Java_project\HYPBlog\blog-cms\node_modules\zrender\lib\core\BoundingRect.js
<s> [webpack.Progress] 68% building 878/897 modules 19 active D:\Java_project\HYPBlog\blog-cms\node_modules\echarts\lib\component\visualMap\helper.js
<s> [webpack.Progress] 68% building 878/898 modules 20 active D:\Java_project\HYPBlog\blog-cms\node_modules\echarts\lib\component\visualMap\VisualMapView.js
<s> [webpack.Progress] 68% building 878/899 modules 21 active D:\Java_project\HYPBlog\blog-cms\node_modules\zrender\lib\core\arrayDiff2.js
<s> [webpack.Progress] 68% building 878/900 modules 22 active D:\Java_project\HYPBlog\blog-cms\node_modules\zrender\lib\graphic\Path.js
<s> [webpack.Progress] 68% building 878/901 modules 23 active D:\Java_project\HYPBlog\blog-cms\node_modules\zrender\lib\graphic\Gradient.js
<s> [webpack.Progress] 68% building 878/902 modules 24 active D:\Java_project\HYPBlog\blog-cms\node_modules\zrender\lib\graphic\Image.js
<s> [webpack.Progress] 68% building 878/903 modules 25 active D:\Java_project\HYPBlog\blog-cms\node_modules\zrender\lib\graphic\Displayable.js
<s> [webpack.Progress] 68% building 878/904 modules 26 active D:\Java_project\HYPBlog\blog-cms\node_modules\zrender\lib\graphic\Text.js
<s> [webpack.Progress] 68% building 878/905 modules 27 active D:\Java_project\HYPBlog\blog-cms\node_modules\vue-loader\lib\loaders\pitcher.js??ref--4!D:\Java_project\HYPBlog\blog-cms\node_modules\vue-style-loader\index.js??ref--6-oneOf-1-0!D:\Java_project\HYPBlog\blog-cms\node_modules\css-loader\dist\cjs.js??ref--6-oneOf-1-1!D:\Java_project\HYPBlog\blog-cms\node_modules\postcss-loader\src\index.js??ref--6-oneOf-1-2!D:\Java_project\HYPBlog\blog-cms\node_modules\cache-loader\dist\cjs.js??ref--0-0!D:\Java_project\HYPBlog\blog-cms\node_modules\vue-loader\lib\index.js??vue-loader-options!D:\Java_project\HYPBlog\blog-cms\src\layout\components\Sidebar\index.vue?vue&type=style&index=0&id=33ec43fc&scoped=true&lang=css
<s> [webpack.Progress] 68% building 879/905 modules 26 active D:\Java_project\HYPBlog\blog-cms\node_modules\zrender\lib\graphic\Text.js
<s> [webpack.Progress] 68% building 879/906 modules 27 active D:\Java_project\HYPBlog\blog-cms\node_modules\vue-style-loader\index.js??ref--6-oneOf-1-0!D:\Java_project\HYPBlog\blog-cms\node_modules\css-loader\dist\cjs.js??ref--6-oneOf-1-1!D:\Java_project\HYPBlog\blog-cms\node_modules\vue-loader\lib\loaders\stylePostLoader.js!D:\Java_project\HYPBlog\blog-cms\node_modules\postcss-loader\src\index.js??ref--6-oneOf-1-2!D:\Java_project\HYPBlog\blog-cms\node_modules\cache-loader\dist\cjs.js??ref--0-0!D:\Java_project\HYPBlog\blog-cms\node_modules\vue-loader\lib\index.js??vue-loader-options!D:\Java_project\HYPBlog\blog-cms\src\layout\components\Sidebar\index.vue?vue&type=style&index=0&id=33ec43fc&scoped=true&lang=css
<s> [webpack.Progress] 68% building 880/906 modules 26 active D:\Java_project\HYPBlog\blog-cms\node_modules\zrender\lib\graphic\Text.js
<s> [webpack.Progress] 68% building 880/907 modules 27 active D:\Java_project\HYPBlog\blog-cms\node_modules\css-loader\dist\cjs.js??ref--6-oneOf-1-1!D:\Java_project\HYPBlog\blog-cms\node_modules\vue-loader\lib\loaders\stylePostLoader.js!D:\Java_project\HYPBlog\blog-cms\node_modules\postcss-loader\src\index.js??ref--6-oneOf-1-2!D:\Java_project\HYPBlog\blog-cms\node_modules\cache-loader\dist\cjs.js??ref--0-0!D:\Java_project\HYPBlog\blog-cms\node_modules\vue-loader\lib\index.js??vue-loader-options!D:\Java_project\HYPBlog\blog-cms\src\layout\components\Sidebar\index.vue?vue&type=style&index=0&id=33ec43fc&scoped=true&lang=css
<s> [webpack.Progress] 68% building 880/908 modules 28 active D:\Java_project\HYPBlog\blog-cms\node_modules\babel-runtime\node_modules\core-js\library\modules\es6.symbol.js
<s> [webpack.Progress] 68% building 880/909 modules 29 active D:\Java_project\HYPBlog\blog-cms\node_modules\zrender\lib\graphic\mixin\RectText.js
<s> [webpack.Progress] 68% building 880/910 modules 30 active D:\Java_project\HYPBlog\blog-cms\node_modules\babel-runtime\node_modules\core-js\library\modules\es7.symbol.observable.js
<s> [webpack.Progress] 67% building 880/911 modules 31 active D:\Java_project\HYPBlog\blog-cms\node_modules\babel-runtime\node_modules\core-js\library\modules\es7.symbol.async-iterator.js
<s> [webpack.Progress] 68% building 881/911 modules 30 active D:\Java_project\HYPBlog\blog-cms\node_modules\babel-runtime\node_modules\core-js\library\modules\es7.symbol.async-iterator.js
<s> [webpack.Progress] 68% building 882/911 modules 29 active D:\Java_project\HYPBlog\blog-cms\node_modules\babel-runtime\node_modules\core-js\library\modules\es7.symbol.async-iterator.js
<s> [webpack.Progress] 68% building 882/912 modules 30 active D:\Java_project\HYPBlog\blog-cms\node_modules\vue-loader\lib\loaders\pitcher.js??ref--4!D:\Java_project\HYPBlog\blog-cms\node_modules\cache-loader\dist\cjs.js??ref--12-0!D:\Java_project\HYPBlog\blog-cms\node_modules\babel-loader\lib\index.js!D:\Java_project\HYPBlog\blog-cms\node_modules\cache-loader\dist\cjs.js??ref--0-0!D:\Java_project\HYPBlog\blog-cms\node_modules\vue-loader\lib\index.js??vue-loader-options!D:\Java_project\HYPBlog\blog-cms\src\layout\components\Sidebar\index.vue?vue&type=script&lang=js
<s> [webpack.Progress] 68% building 883/912 modules 29 active D:\Java_project\HYPBlog\blog-cms\node_modules\babel-runtime\node_modules\core-js\library\modules\es7.symbol.async-iterator.js
<s> [webpack.Progress] 68% building 883/913 modules 30 active D:\Java_project\HYPBlog\blog-cms\node_modules\cache-loader\dist\cjs.js??ref--12-0!D:\Java_project\HYPBlog\blog-cms\node_modules\babel-loader\lib\index.js!D:\Java_project\HYPBlog\blog-cms\node_modules\cache-loader\dist\cjs.js??ref--0-0!D:\Java_project\HYPBlog\blog-cms\node_modules\vue-loader\lib\index.js??vue-loader-options!D:\Java_project\HYPBlog\blog-cms\src\layout\components\Sidebar\index.vue?vue&type=script&lang=js
<s> [webpack.Progress] 67% building 883/914 modules 31 active D:\Java_project\HYPBlog\blog-cms\node_modules\babel-runtime\node_modules\core-js\library\modules\es6.object.to-string.js
<s> [webpack.Progress] 67% building 883/915 modules 32 active D:\Java_project\HYPBlog\blog-cms\node_modules\echarts\lib\coord\cartesian\AxisModel.js
<s> [webpack.Progress] 67% building 884/915 modules 31 active D:\Java_project\HYPBlog\blog-cms\node_modules\echarts\lib\coord\cartesian\AxisModel.js
<s> [webpack.Progress] 67% building 884/916 modules 32 active D:\Java_project\HYPBlog\blog-cms\node_modules\zrender\lib\svg\helper\ShadowManager.js
<s> [webpack.Progress] 67% building 884/917 modules 33 active D:\Java_project\HYPBlog\blog-cms\node_modules\zrender\lib\svg\helper\ClippathManager.js
<s> [webpack.Progress] 67% building 884/918 modules 34 active D:\Java_project\HYPBlog\blog-cms\node_modules\zrender\lib\svg\helper\GradientManager.js
<s> [webpack.Progress] 67% building 885/918 modules 33 active D:\Java_project\HYPBlog\blog-cms\node_modules\zrender\lib\svg\helper\GradientManager.js
<s> [webpack.Progress] 67% building 885/919 modules 34 active D:\Java_project\HYPBlog\blog-cms\node_modules\axios\lib\core\createError.js
<s> [webpack.Progress] 67% building 886/919 modules 33 active D:\Java_project\HYPBlog\blog-cms\node_modules\axios\lib\core\createError.js
<s> [webpack.Progress] 67% building 886/920 modules 34 active D:\Java_project\HYPBlog\blog-cms\node_modules\echarts\lib\data\helper\sourceHelper.js
<s> [webpack.Progress] 67% building 886/921 modules 35 active D:\Java_project\HYPBlog\blog-cms\node_modules\echarts\lib\component\axis\AxisBuilder.js
<s> [webpack.Progress] 67% building 887/921 modules 34 active D:\Java_project\HYPBlog\blog-cms\node_modules\echarts\lib\component\axis\AxisBuilder.js
<s> [webpack.Progress] 67% building 888/921 modules 33 active D:\Java_project\HYPBlog\blog-cms\node_modules\echarts\lib\component\axis\AxisBuilder.js
<s> [webpack.Progress] 67% building 888/922 modules 34 active D:\Java_project\HYPBlog\blog-cms\node_modules\echarts\lib\component\helper\brushHelper.js
<s> [webpack.Progress] 67% building 889/922 modules 33 active D:\Java_project\HYPBlog\blog-cms\node_modules\echarts\lib\component\helper\brushHelper.js
<s> [webpack.Progress] 67% building 889/923 modules 34 active D:\Java_project\HYPBlog\blog-cms\node_modules\cache-loader\dist\cjs.js??ref--0-0!D:\Java_project\HYPBlog\blog-cms\node_modules\vue-loader\lib\index.js??vue-loader-options!D:\Java_project\HYPBlog\blog-cms\src\components\Hamburger\index.vue
<s> [webpack.Progress] 67% building 890/923 modules 33 active D:\Java_project\HYPBlog\blog-cms\node_modules\cache-loader\dist\cjs.js??ref--0-0!D:\Java_project\HYPBlog\blog-cms\node_modules\vue-loader\lib\index.js??vue-loader-options!D:\Java_project\HYPBlog\blog-cms\src\components\Hamburger\index.vue
<s> [webpack.Progress] 67% building 890/924 modules 34 active D:\Java_project\HYPBlog\blog-cms\node_modules\echarts\lib\component\axisPointer\modelHelper.js
<s> [webpack.Progress] 67% building 890/925 modules 35 active D:\Java_project\HYPBlog\blog-cms\node_modules\axios\lib\core\transformData.js
<s> [webpack.Progress] 67% building 890/926 modules 36 active D:\Java_project\HYPBlog\blog-cms\node_modules\path-browserify\index.js
<s> [webpack.Progress] 67% building 891/926 modules 35 active D:\Java_project\HYPBlog\blog-cms\node_modules\path-browserify\index.js
<s> [webpack.Progress] 67% building 892/926 modules 34 active D:\Java_project\HYPBlog\blog-cms\node_modules\path-browserify\index.js
<s> [webpack.Progress] 67% building 893/926 modules 33 active D:\Java_project\HYPBlog\blog-cms\node_modules\path-browserify\index.js
<s> [webpack.Progress] 67% building 894/926 modules 32 active D:\Java_project\HYPBlog\blog-cms\node_modules\path-browserify\index.js
<s> [webpack.Progress] 67% building 894/927 modules 33 active D:\Java_project\HYPBlog\blog-cms\node_modules\echarts\lib\data\helper\sourceType.js
<s> [webpack.Progress] 67% building 894/928 modules 34 active D:\Java_project\HYPBlog\blog-cms\node_modules\zrender\lib\core\event.js
<s> [webpack.Progress] 67% building 895/928 modules 33 active D:\Java_project\HYPBlog\blog-cms\node_modules\zrender\lib\core\event.js
<s> [webpack.Progress] 67% building 895/929 modules 34 active D:\Java_project\HYPBlog\blog-cms\node_modules\echarts\lib\layout\barGrid.js
<s> [webpack.Progress] 67% building 895/930 modules 35 active D:\Java_project\HYPBlog\blog-cms\node_modules\zrender\lib\contain\polygon.js
<s> [webpack.Progress] 67% building 895/931 modules 36 active D:\Java_project\HYPBlog\blog-cms\node_modules\zrender\lib\core\bbox.js
<s> [webpack.Progress] 67% building 895/932 modules 37 active D:\Java_project\HYPBlog\blog-cms\node_modules\get-intrinsic\index.js
<s> [webpack.Progress] 67% building 896/932 modules 36 active D:\Java_project\HYPBlog\blog-cms\node_modules\get-intrinsic\index.js
<s> [webpack.Progress] 67% building 896/933 modules 37 active D:\Java_project\HYPBlog\blog-cms\node_modules\echarts\lib\coord\parallel\Parallel.js
<s> [webpack.Progress] 67% building 896/934 modules 38 active D:\Java_project\HYPBlog\blog-cms\node_modules\echarts\lib\coord\cartesian\GridModel.js
<s> [webpack.Progress] 67% building 897/934 modules 37 active D:\Java_project\HYPBlog\blog-cms\node_modules\echarts\lib\coord\cartesian\GridModel.js
<s> [webpack.Progress] 67% building 898/934 modules 36 active D:\Java_project\HYPBlog\blog-cms\node_modules\echarts\lib\coord\cartesian\GridModel.js
<s> [webpack.Progress] 67% building 898/935 modules 37 active D:\Java_project\HYPBlog\blog-cms\node_modules\echarts\lib\coord\cartesian\Axis2D.js
<s> [webpack.Progress] 67% building 899/935 modules 36 active D:\Java_project\HYPBlog\blog-cms\node_modules\echarts\lib\coord\cartesian\Axis2D.js
<s> [webpack.Progress] 67% building 899/936 modules 37 active D:\Java_project\HYPBlog\blog-cms\node_modules\babel-runtime\node_modules\core-js\library\modules\_wks.js
<s> [webpack.Progress] 67% building 899/937 modules 38 active D:\Java_project\HYPBlog\blog-cms\node_modules\babel-runtime\node_modules\core-js\library\modules\_export.js
<s> [webpack.Progress] 67% building 899/938 modules 39 active D:\Java_project\HYPBlog\blog-cms\node_modules\babel-runtime\node_modules\core-js\library\modules\_object-assign.js
<s> [webpack.Progress] 67% building 899/939 modules 40 active D:\Java_project\HYPBlog\blog-cms\node_modules\babel-runtime\node_modules\core-js\library\modules\_string-at.js
<s> [webpack.Progress] 67% building 899/940 modules 41 active D:\Java_project\HYPBlog\blog-cms\node_modules\babel-runtime\node_modules\core-js\library\modules\es6.array.iterator.js
<s> [webpack.Progress] 67% building 900/940 modules 40 active D:\Java_project\HYPBlog\blog-cms\node_modules\babel-runtime\node_modules\core-js\library\modules\es6.array.iterator.js
<s> [webpack.Progress] 67% building 900/941 modules 41 active D:\Java_project\HYPBlog\blog-cms\node_modules\zrender\lib\animation\Animator.js
<s> [webpack.Progress] 67% building 901/941 modules 40 active D:\Java_project\HYPBlog\blog-cms\node_modules\zrender\lib\animation\Animator.js
<s> [webpack.Progress] 67% building 901/942 modules 41 active D:\Java_project\HYPBlog\blog-cms\node_modules\zrender\lib\animation\requestAnimationFrame.js
<s> [webpack.Progress] 67% building 902/942 modules 40 active D:\Java_project\HYPBlog\blog-cms\node_modules\zrender\lib\animation\requestAnimationFrame.js
<s> [webpack.Progress] 67% building 903/942 modules 39 active D:\Java_project\HYPBlog\blog-cms\node_modules\zrender\lib\animation\requestAnimationFrame.js
<s> [webpack.Progress] 67% building 904/942 modules 38 active D:\Java_project\HYPBlog\blog-cms\node_modules\zrender\lib\animation\requestAnimationFrame.js
<s> [webpack.Progress] 67% building 905/942 modules 37 active D:\Java_project\HYPBlog\blog-cms\node_modules\zrender\lib\animation\requestAnimationFrame.js
<s> [webpack.Progress] 67% building 906/942 modules 36 active D:\Java_project\HYPBlog\blog-cms\node_modules\zrender\lib\animation\requestAnimationFrame.js
<s> [webpack.Progress] 67% building 907/942 modules 35 active D:\Java_project\HYPBlog\blog-cms\node_modules\zrender\lib\animation\requestAnimationFrame.js
<s> [webpack.Progress] 67% building 907/943 modules 36 active D:\Java_project\HYPBlog\blog-cms\node_modules\echarts\lib\stream\task.js
<s> [webpack.Progress] 67% building 907/944 modules 37 active D:\Java_project\HYPBlog\blog-cms\node_modules\zrender\lib\mixin\Transformable.js
<s> [webpack.Progress] 67% building 907/945 modules 38 active D:\Java_project\HYPBlog\blog-cms\node_modules\zrender\lib\mixin\Eventful.js
<s> [webpack.Progress] 67% building 908/945 modules 37 active D:\Java_project\HYPBlog\blog-cms\node_modules\zrender\lib\mixin\Eventful.js
<s> [webpack.Progress] 67% building 909/945 modules 36 active D:\Java_project\HYPBlog\blog-cms\node_modules\zrender\lib\mixin\Eventful.js
<s> [webpack.Progress] 67% building 909/946 modules 37 active D:\Java_project\HYPBlog\blog-cms\node_modules\echarts\lib\chart\helper\Line.js
<s> [webpack.Progress] 67% building 909/947 modules 38 active D:\Java_project\HYPBlog\blog-cms\node_modules\echarts\lib\data\helper\createDimensions.js
<s> [webpack.Progress] 67% building 909/948 modules 39 active D:\Java_project\HYPBlog\blog-cms\node_modules\echarts\lib\chart\helper\Symbol.js
<s> [webpack.Progress] 67% building 909/949 modules 40 active D:\Java_project\HYPBlog\blog-cms\node_modules\echarts\lib\scale\Time.js
<s> [webpack.Progress] 67% building 909/950 modules 41 active D:\Java_project\HYPBlog\blog-cms\node_modules\echarts\lib\scale\Log.js
<s> [webpack.Progress] 67% building 909/951 modules 42 active D:\Java_project\HYPBlog\blog-cms\node_modules\echarts\lib\scale\Scale.js
<s> [webpack.Progress] 67% building 909/952 modules 43 active D:\Java_project\HYPBlog\blog-cms\node_modules\echarts\lib\scale\Interval.js
<s> [webpack.Progress] 67% building 909/953 modules 44 active D:\Java_project\HYPBlog\blog-cms\node_modules\echarts\lib\scale\Ordinal.js
<s> [webpack.Progress] 67% building 910/953 modules 43 active D:\Java_project\HYPBlog\blog-cms\node_modules\echarts\lib\scale\Ordinal.js
<s> [webpack.Progress] 67% building 910/954 modules 44 active D:\Java_project\HYPBlog\blog-cms\node_modules\echarts\lib\model\mixin\dataFormat.js
<s> [webpack.Progress] 67% building 911/954 modules 43 active D:\Java_project\HYPBlog\blog-cms\node_modules\echarts\lib\model\mixin\dataFormat.js
<s> [webpack.Progress] 67% building 912/954 modules 42 active D:\Java_project\HYPBlog\blog-cms\node_modules\echarts\lib\model\mixin\dataFormat.js
<s> [webpack.Progress] 67% building 913/954 modules 41 active D:\Java_project\HYPBlog\blog-cms\node_modules\echarts\lib\model\mixin\dataFormat.js
<s> [webpack.Progress] 67% building 913/955 modules 42 active D:\Java_project\HYPBlog\blog-cms\node_modules\vue-style-loader\index.js??ref--8-oneOf-3-0!D:\Java_project\HYPBlog\blog-cms\node_modules\css-loader\dist\cjs.js??ref--8-oneOf-3-1!D:\Java_project\HYPBlog\blog-cms\node_modules\postcss-loader\src\index.js??ref--8-oneOf-3-2!D:\Java_project\HYPBlog\blog-cms\node_modules\sass-loader\dist\cjs.js??ref--8-oneOf-3-3!D:\Java_project\HYPBlog\blog-cms\src\assets\styles\variables.scss
<s> [webpack.Progress] 67% building 914/955 modules 41 active D:\Java_project\HYPBlog\blog-cms\node_modules\echarts\lib\model\mixin\dataFormat.js
<s> [webpack.Progress] 67% building 914/956 modules 42 active D:\Java_project\HYPBlog\blog-cms\node_modules\css-loader\dist\cjs.js??ref--8-oneOf-3-1!D:\Java_project\HYPBlog\blog-cms\node_modules\postcss-loader\src\index.js??ref--8-oneOf-3-2!D:\Java_project\HYPBlog\blog-cms\node_modules\sass-loader\dist\cjs.js??ref--8-oneOf-3-3!D:\Java_project\HYPBlog\blog-cms\src\assets\styles\variables.scss
<s> [webpack.Progress] 67% building 915/956 modules 41 active D:\Java_project\HYPBlog\blog-cms\node_modules\css-loader\dist\cjs.js??ref--8-oneOf-3-1!D:\Java_project\HYPBlog\blog-cms\node_modules\postcss-loader\src\index.js??ref--8-oneOf-3-2!D:\Java_project\HYPBlog\blog-cms\node_modules\sass-loader\dist\cjs.js??ref--8-oneOf-3-3!D:\Java_project\HYPBlog\blog-cms\src\assets\styles\variables.scss
<s> [webpack.Progress] 67% building 915/957 modules 42 active D:\Java_project\HYPBlog\blog-cms\node_modules\echarts\lib\model\mixin\makeStyleMapper.js
<s> [webpack.Progress] 67% building 915/958 modules 43 active D:\Java_project\HYPBlog\blog-cms\node_modules\babel-runtime\node_modules\core-js\library\modules\_iterators.js
<s> [webpack.Progress] 67% building 915/959 modules 44 active D:\Java_project\HYPBlog\blog-cms\node_modules\babel-runtime\node_modules\core-js\library\modules\_global.js
<s> [webpack.Progress] 67% building 915/960 modules 45 active D:\Java_project\HYPBlog\blog-cms\node_modules\babel-runtime\node_modules\core-js\library\modules\_iter-define.js
<s> [webpack.Progress] 67% building 915/961 modules 46 active D:\Java_project\HYPBlog\blog-cms\node_modules\babel-runtime\node_modules\core-js\library\modules\_hide.js
<s> [webpack.Progress] 67% building 916/961 modules 45 active D:\Java_project\HYPBlog\blog-cms\node_modules\babel-runtime\node_modules\core-js\library\modules\_hide.js
<s> [webpack.Progress] 67% building 917/961 modules 44 active D:\Java_project\HYPBlog\blog-cms\node_modules\babel-runtime\node_modules\core-js\library\modules\_hide.js
<s> [webpack.Progress] 67% building 917/962 modules 45 active D:\Java_project\HYPBlog\blog-cms\node_modules\echarts\lib\coord\cartesian\Cartesian2D.js
<s> [webpack.Progress] 67% building 918/962 modules 44 active D:\Java_project\HYPBlog\blog-cms\node_modules\echarts\lib\coord\cartesian\Cartesian2D.js
<s> [webpack.Progress] 67% building 919/962 modules 43 active D:\Java_project\HYPBlog\blog-cms\node_modules\echarts\lib\coord\cartesian\Cartesian2D.js
<s> [webpack.Progress] 67% building 919/963 modules 44 active D:\Java_project\HYPBlog\blog-cms\node_modules\echarts\lib\model\mixin\colorPalette.js
<s> [webpack.Progress] 67% building 920/963 modules 43 active D:\Java_project\HYPBlog\blog-cms\node_modules\echarts\lib\model\mixin\colorPalette.js
<s> [webpack.Progress] 67% building 921/963 modules 42 active D:\Java_project\HYPBlog\blog-cms\node_modules\echarts\lib\model\mixin\colorPalette.js
<s> [webpack.Progress] 67% building 921/964 modules 43 active D:\Java_project\HYPBlog\blog-cms\node_modules\axios\lib\helpers\isURLSameOrigin.js
<s> [webpack.Progress] 67% building 921/965 modules 44 active D:\Java_project\HYPBlog\blog-cms\node_modules\axios\lib\helpers\parseHeaders.js
<s> [webpack.Progress] 67% building 922/965 modules 43 active D:\Java_project\HYPBlog\blog-cms\node_modules\axios\lib\helpers\parseHeaders.js
<s> [webpack.Progress] 67% building 922/966 modules 44 active D:\Java_project\HYPBlog\blog-cms\node_modules\axios\lib\core\buildFullPath.js
<s> [webpack.Progress] 67% building 923/966 modules 43 active D:\Java_project\HYPBlog\blog-cms\node_modules\axios\lib\core\buildFullPath.js
<s> [webpack.Progress] 67% building 923/967 modules 44 active D:\Java_project\HYPBlog\blog-cms\node_modules\axios\lib\helpers\buildURL.js
<s> [webpack.Progress] 67% building 923/968 modules 45 active D:\Java_project\HYPBlog\blog-cms\node_modules\axios\lib\core\settle.js
<s> [webpack.Progress] 67% building 923/969 modules 46 active D:\Java_project\HYPBlog\blog-cms\node_modules\axios\lib\helpers\cookies.js
<s> [webpack.Progress] 67% building 924/969 modules 45 active D:\Java_project\HYPBlog\blog-cms\node_modules\axios\lib\helpers\cookies.js
<s> [webpack.Progress] 67% building 925/969 modules 44 active D:\Java_project\HYPBlog\blog-cms\node_modules\axios\lib\helpers\cookies.js
<s> [webpack.Progress] 67% building 925/970 modules 45 active D:\Java_project\HYPBlog\blog-cms\node_modules\echarts\lib\component\axis\CartesianAxisView.js
<s> [webpack.Progress] 67% building 926/970 modules 44 active D:\Java_project\HYPBlog\blog-cms\node_modules\echarts\lib\component\axis\CartesianAxisView.js
<s> [webpack.Progress] 67% building 926/971 modules 45 active D:\Java_project\HYPBlog\blog-cms\node_modules\zrender\lib\graphic\helper\image.js
<s> [webpack.Progress] 67% building 926/972 modules 46 active D:\Java_project\HYPBlog\blog-cms\node_modules\zrender\lib\graphic\helper\text.js
<s> [webpack.Progress] 67% building 927/972 modules 45 active D:\Java_project\HYPBlog\blog-cms\node_modules\zrender\lib\graphic\helper\text.js
<s> [webpack.Progress] 67% building 928/972 modules 44 active D:\Java_project\HYPBlog\blog-cms\node_modules\zrender\lib\graphic\helper\text.js
<s> [webpack.Progress] 67% building 929/972 modules 43 active D:\Java_project\HYPBlog\blog-cms\node_modules\zrender\lib\graphic\helper\text.js
<s> [webpack.Progress] 67% building 930/972 modules 42 active D:\Java_project\HYPBlog\blog-cms\node_modules\zrender\lib\graphic\helper\text.js
<s> [webpack.Progress] 67% building 931/972 modules 41 active D:\Java_project\HYPBlog\blog-cms\node_modules\zrender\lib\graphic\helper\text.js
<s> [webpack.Progress] 67% building 932/972 modules 40 active D:\Java_project\HYPBlog\blog-cms\node_modules\zrender\lib\graphic\helper\text.js
<s> [webpack.Progress] 67% building 932/973 modules 41 active D:\Java_project\HYPBlog\blog-cms\node_modules\vue-loader\lib\loaders\pitcher.js??ref--4!D:\Java_project\HYPBlog\blog-cms\node_modules\cache-loader\dist\cjs.js??ref--0-0!D:\Java_project\HYPBlog\blog-cms\node_modules\vue-loader\lib\index.js??vue-loader-options!D:\Java_project\HYPBlog\blog-cms\src\components\Hamburger\index.vue?vue&type=template&id=4e6f274c&scoped=true
<s> [webpack.Progress] 67% building 933/973 modules 40 active D:\Java_project\HYPBlog\blog-cms\node_modules\zrender\lib\graphic\helper\text.js
<s> [webpack.Progress] 67% building 933/974 modules 41 active D:\Java_project\HYPBlog\blog-cms\node_modules\vue-loader\lib\loaders\pitcher.js??ref--4!D:\Java_project\HYPBlog\blog-cms\node_modules\vue-style-loader\index.js??ref--6-oneOf-1-0!D:\Java_project\HYPBlog\blog-cms\node_modules\css-loader\dist\cjs.js??ref--6-oneOf-1-1!D:\Java_project\HYPBlog\blog-cms\node_modules\postcss-loader\src\index.js??ref--6-oneOf-1-2!D:\Java_project\HYPBlog\blog-cms\node_modules\cache-loader\dist\cjs.js??ref--0-0!D:\Java_project\HYPBlog\blog-cms\node_modules\vue-loader\lib\index.js??vue-loader-options!D:\Java_project\HYPBlog\blog-cms\src\components\Hamburger\index.vue?vue&type=style&index=0&id=4e6f274c&scoped=true&lang=css
<s> [webpack.Progress] 67% building 934/974 modules 40 active D:\Java_project\HYPBlog\blog-cms\node_modules\zrender\lib\graphic\helper\text.js
<s> [webpack.Progress] 67% building 934/975 modules 41 active D:\Java_project\HYPBlog\blog-cms\node_modules\vue-loader\lib\loaders\pitcher.js??ref--4!D:\Java_project\HYPBlog\blog-cms\node_modules\cache-loader\dist\cjs.js??ref--12-0!D:\Java_project\HYPBlog\blog-cms\node_modules\babel-loader\lib\index.js!D:\Java_project\HYPBlog\blog-cms\node_modules\cache-loader\dist\cjs.js??ref--0-0!D:\Java_project\HYPBlog\blog-cms\node_modules\vue-loader\lib\index.js??vue-loader-options!D:\Java_project\HYPBlog\blog-cms\src\components\Hamburger\index.vue?vue&type=script&lang=js
<s> [webpack.Progress] 67% building 935/975 modules 40 active D:\Java_project\HYPBlog\blog-cms\node_modules\zrender\lib\graphic\helper\text.js
<s> [webpack.Progress] 67% building 935/976 modules 41 active D:\Java_project\HYPBlog\blog-cms\node_modules\cache-loader\dist\cjs.js??ref--12-0!D:\Java_project\HYPBlog\blog-cms\node_modules\babel-loader\lib\index.js!D:\Java_project\HYPBlog\blog-cms\node_modules\cache-loader\dist\cjs.js??ref--0-0!D:\Java_project\HYPBlog\blog-cms\node_modules\vue-loader\lib\index.js??vue-loader-options!D:\Java_project\HYPBlog\blog-cms\src\components\Hamburger\index.vue?vue&type=script&lang=js
<s> [webpack.Progress] 67% building 935/977 modules 42 active D:\Java_project\HYPBlog\blog-cms\node_modules\cache-loader\dist\cjs.js?{"cacheDirectory":"node_modules/.cache/vue-loader","cacheIdentifier":"b828289e-vue-loader-template"}!D:\Java_project\HYPBlog\blog-cms\node_modules\vue-loader\lib\loaders\templateLoader.js??vue-loader-options!D:\Java_project\HYPBlog\blog-cms\node_modules\cache-loader\dist\cjs.js??ref--0-0!D:\Java_project\HYPBlog\blog-cms\node_modules\vue-loader\lib\index.js??vue-loader-options!D:\Java_project\HYPBlog\blog-cms\src\components\Hamburger\index.vue?vue&type=template&id=4e6f274c&scoped=true
<s> [webpack.Progress] 67% building 935/978 modules 43 active D:\Java_project\HYPBlog\blog-cms\node_modules\vue-style-loader\index.js??ref--6-oneOf-1-0!D:\Java_project\HYPBlog\blog-cms\node_modules\css-loader\dist\cjs.js??ref--6-oneOf-1-1!D:\Java_project\HYPBlog\blog-cms\node_modules\vue-loader\lib\loaders\stylePostLoader.js!D:\Java_project\HYPBlog\blog-cms\node_modules\postcss-loader\src\index.js??ref--6-oneOf-1-2!D:\Java_project\HYPBlog\blog-cms\node_modules\cache-loader\dist\cjs.js??ref--0-0!D:\Java_project\HYPBlog\blog-cms\node_modules\vue-loader\lib\index.js??vue-loader-options!D:\Java_project\HYPBlog\blog-cms\src\components\Hamburger\index.vue?vue&type=style&index=0&id=4e6f274c&scoped=true&lang=css
<s> [webpack.Progress] 67% building 936/978 modules 42 active D:\Java_project\HYPBlog\blog-cms\node_modules\cache-loader\dist\cjs.js?{"cacheDirectory":"node_modules/.cache/vue-loader","cacheIdentifier":"b828289e-vue-loader-template"}!D:\Java_project\HYPBlog\blog-cms\node_modules\vue-loader\lib\loaders\templateLoader.js??vue-loader-options!D:\Java_project\HYPBlog\blog-cms\node_modules\cache-loader\dist\cjs.js??ref--0-0!D:\Java_project\HYPBlog\blog-cms\node_modules\vue-loader\lib\index.js??vue-loader-options!D:\Java_project\HYPBlog\blog-cms\src\components\Hamburger\index.vue?vue&type=template&id=4e6f274c&scoped=true
<s> [webpack.Progress] 67% building 936/979 modules 43 active D:\Java_project\HYPBlog\blog-cms\node_modules\css-loader\dist\cjs.js??ref--6-oneOf-1-1!D:\Java_project\HYPBlog\blog-cms\node_modules\vue-loader\lib\loaders\stylePostLoader.js!D:\Java_project\HYPBlog\blog-cms\node_modules\postcss-loader\src\index.js??ref--6-oneOf-1-2!D:\Java_project\HYPBlog\blog-cms\node_modules\cache-loader\dist\cjs.js??ref--0-0!D:\Java_project\HYPBlog\blog-cms\node_modules\vue-loader\lib\index.js??vue-loader-options!D:\Java_project\HYPBlog\blog-cms\src\components\Hamburger\index.vue?vue&type=style&index=0&id=4e6f274c&scoped=true&lang=css
<s> [webpack.Progress] 67% building 937/979 modules 42 active D:\Java_project\HYPBlog\blog-cms\node_modules\css-loader\dist\cjs.js??ref--6-oneOf-1-1!D:\Java_project\HYPBlog\blog-cms\node_modules\vue-loader\lib\loaders\stylePostLoader.js!D:\Java_project\HYPBlog\blog-cms\node_modules\postcss-loader\src\index.js??ref--6-oneOf-1-2!D:\Java_project\HYPBlog\blog-cms\node_modules\cache-loader\dist\cjs.js??ref--0-0!D:\Java_project\HYPBlog\blog-cms\node_modules\vue-loader\lib\index.js??vue-loader-options!D:\Java_project\HYPBlog\blog-cms\src\components\Hamburger\index.vue?vue&type=style&index=0&id=4e6f274c&scoped=true&lang=css
<s> [webpack.Progress] 67% building 938/979 modules 41 active D:\Java_project\HYPBlog\blog-cms\node_modules\css-loader\dist\cjs.js??ref--6-oneOf-1-1!D:\Java_project\HYPBlog\blog-cms\node_modules\vue-loader\lib\loaders\stylePostLoader.js!D:\Java_project\HYPBlog\blog-cms\node_modules\postcss-loader\src\index.js??ref--6-oneOf-1-2!D:\Java_project\HYPBlog\blog-cms\node_modules\cache-loader\dist\cjs.js??ref--0-0!D:\Java_project\HYPBlog\blog-cms\node_modules\vue-loader\lib\index.js??vue-loader-options!D:\Java_project\HYPBlog\blog-cms\src\components\Hamburger\index.vue?vue&type=style&index=0&id=4e6f274c&scoped=true&lang=css
<s> [webpack.Progress] 67% building 939/979 modules 40 active D:\Java_project\HYPBlog\blog-cms\node_modules\css-loader\dist\cjs.js??ref--6-oneOf-1-1!D:\Java_project\HYPBlog\blog-cms\node_modules\vue-loader\lib\loaders\stylePostLoader.js!D:\Java_project\HYPBlog\blog-cms\node_modules\postcss-loader\src\index.js??ref--6-oneOf-1-2!D:\Java_project\HYPBlog\blog-cms\node_modules\cache-loader\dist\cjs.js??ref--0-0!D:\Java_project\HYPBlog\blog-cms\node_modules\vue-loader\lib\index.js??vue-loader-options!D:\Java_project\HYPBlog\blog-cms\src\components\Hamburger\index.vue?vue&type=style&index=0&id=4e6f274c&scoped=true&lang=css
<s> [webpack.Progress] 67% building 940/979 modules 39 active D:\Java_project\HYPBlog\blog-cms\node_modules\css-loader\dist\cjs.js??ref--6-oneOf-1-1!D:\Java_project\HYPBlog\blog-cms\node_modules\vue-loader\lib\loaders\stylePostLoader.js!D:\Java_project\HYPBlog\blog-cms\node_modules\postcss-loader\src\index.js??ref--6-oneOf-1-2!D:\Java_project\HYPBlog\blog-cms\node_modules\cache-loader\dist\cjs.js??ref--0-0!D:\Java_project\HYPBlog\blog-cms\node_modules\vue-loader\lib\index.js??vue-loader-options!D:\Java_project\HYPBlog\blog-cms\src\components\Hamburger\index.vue?vue&type=style&index=0&id=4e6f274c&scoped=true&lang=css
<s> [webpack.Progress] 67% building 941/979 modules 38 active D:\Java_project\HYPBlog\blog-cms\node_modules\css-loader\dist\cjs.js??ref--6-oneOf-1-1!D:\Java_project\HYPBlog\blog-cms\node_modules\vue-loader\lib\loaders\stylePostLoader.js!D:\Java_project\HYPBlog\blog-cms\node_modules\postcss-loader\src\index.js??ref--6-oneOf-1-2!D:\Java_project\HYPBlog\blog-cms\node_modules\cache-loader\dist\cjs.js??ref--0-0!D:\Java_project\HYPBlog\blog-cms\node_modules\vue-loader\lib\index.js??vue-loader-options!D:\Java_project\HYPBlog\blog-cms\src\components\Hamburger\index.vue?vue&type=style&index=0&id=4e6f274c&scoped=true&lang=css
<s> [webpack.Progress] 67% building 942/979 modules 37 active D:\Java_project\HYPBlog\blog-cms\node_modules\css-loader\dist\cjs.js??ref--6-oneOf-1-1!D:\Java_project\HYPBlog\blog-cms\node_modules\vue-loader\lib\loaders\stylePostLoader.js!D:\Java_project\HYPBlog\blog-cms\node_modules\postcss-loader\src\index.js??ref--6-oneOf-1-2!D:\Java_project\HYPBlog\blog-cms\node_modules\cache-loader\dist\cjs.js??ref--0-0!D:\Java_project\HYPBlog\blog-cms\node_modules\vue-loader\lib\index.js??vue-loader-options!D:\Java_project\HYPBlog\blog-cms\src\components\Hamburger\index.vue?vue&type=style&index=0&id=4e6f274c&scoped=true&lang=css
<s> [webpack.Progress] 67% building 943/979 modules 36 active D:\Java_project\HYPBlog\blog-cms\node_modules\css-loader\dist\cjs.js??ref--6-oneOf-1-1!D:\Java_project\HYPBlog\blog-cms\node_modules\vue-loader\lib\loaders\stylePostLoader.js!D:\Java_project\HYPBlog\blog-cms\node_modules\postcss-loader\src\index.js??ref--6-oneOf-1-2!D:\Java_project\HYPBlog\blog-cms\node_modules\cache-loader\dist\cjs.js??ref--0-0!D:\Java_project\HYPBlog\blog-cms\node_modules\vue-loader\lib\index.js??vue-loader-options!D:\Java_project\HYPBlog\blog-cms\src\components\Hamburger\index.vue?vue&type=style&index=0&id=4e6f274c&scoped=true&lang=css
<s> [webpack.Progress] 67% building 943/980 modules 37 active D:\Java_project\HYPBlog\blog-cms\node_modules\echarts\lib\component\helper\RoamController.js
<s> [webpack.Progress] 67% building 944/980 modules 36 active D:\Java_project\HYPBlog\blog-cms\node_modules\echarts\lib\component\helper\RoamController.js
<s> [webpack.Progress] 67% building 945/980 modules 35 active D:\Java_project\HYPBlog\blog-cms\node_modules\echarts\lib\component\helper\RoamController.js
<s> [webpack.Progress] 67% building 946/980 modules 34 active D:\Java_project\HYPBlog\blog-cms\node_modules\echarts\lib\component\helper\RoamController.js
<s> [webpack.Progress] 67% building 946/981 modules 35 active D:\Java_project\HYPBlog\blog-cms\node_modules\echarts\lib\util\component.js
<s> [webpack.Progress] 67% building 947/981 modules 34 active D:\Java_project\HYPBlog\blog-cms\node_modules\echarts\lib\util\component.js
<s> [webpack.Progress] 67% building 948/981 modules 33 active D:\Java_project\HYPBlog\blog-cms\node_modules\echarts\lib\util\component.js
<s> [webpack.Progress] 68% building 949/981 modules 32 active D:\Java_project\HYPBlog\blog-cms\node_modules\echarts\lib\util\component.js
<s> [webpack.Progress] 68% building 950/981 modules 31 active D:\Java_project\HYPBlog\blog-cms\node_modules\echarts\lib\util\component.js
<s> [webpack.Progress] 68% building 951/981 modules 30 active D:\Java_project\HYPBlog\blog-cms\node_modules\echarts\lib\util\component.js
<s> [webpack.Progress] 68% building 952/981 modules 29 active D:\Java_project\HYPBlog\blog-cms\node_modules\echarts\lib\util\component.js
<s> [webpack.Progress] 68% building 953/981 modules 28 active D:\Java_project\HYPBlog\blog-cms\node_modules\echarts\lib\util\component.js
<s> [webpack.Progress] 68% building 954/981 modules 27 active D:\Java_project\HYPBlog\blog-cms\node_modules\echarts\lib\util\component.js
<s> [webpack.Progress] 68% building 955/981 modules 26 active D:\Java_project\HYPBlog\blog-cms\node_modules\echarts\lib\util\component.js
<s> [webpack.Progress] 68% building 956/981 modules 25 active D:\Java_project\HYPBlog\blog-cms\node_modules\echarts\lib\util\component.js
<s> [webpack.Progress] 68% building 957/981 modules 24 active D:\Java_project\HYPBlog\blog-cms\node_modules\echarts\lib\util\component.js
<s> [webpack.Progress] 68% building 958/981 modules 23 active D:\Java_project\HYPBlog\blog-cms\node_modules\echarts\lib\util\component.js
<s> [webpack.Progress] 68% building 958/982 modules 24 active D:\Java_project\HYPBlog\blog-cms\node_modules\zrender\lib\graphic\helper\subPixelOptimize.js
<s> [webpack.Progress] 68% building 958/983 modules 25 active D:\Java_project\HYPBlog\blog-cms\node_modules\zrender\lib\graphic\IncrementalDisplayable.js
<s> [webpack.Progress] 68% building 959/983 modules 24 active D:\Java_project\HYPBlog\blog-cms\node_modules\zrender\lib\graphic\IncrementalDisplayable.js
<s> [webpack.Progress] 68% building 960/983 modules 23 active D:\Java_project\HYPBlog\blog-cms\node_modules\zrender\lib\graphic\IncrementalDisplayable.js
<s> [webpack.Progress] 68% building 960/984 modules 24 active D:\Java_project\HYPBlog\blog-cms\node_modules\zrender\lib\core\curve.js
<s> [webpack.Progress] 68% building 960/985 modules 25 active D:\Java_project\HYPBlog\blog-cms\node_modules\zrender\lib\graphic\RadialGradient.js
<s> [webpack.Progress] 68% building 961/985 modules 24 active D:\Java_project\HYPBlog\blog-cms\node_modules\zrender\lib\graphic\RadialGradient.js
<s> [webpack.Progress] 68% building 962/985 modules 23 active D:\Java_project\HYPBlog\blog-cms\node_modules\zrender\lib\graphic\RadialGradient.js
<s> [webpack.Progress] 68% building 962/986 modules 24 active D:\Java_project\HYPBlog\blog-cms\node_modules\zrender\lib\config.js
<s> [webpack.Progress] 68% building 963/986 modules 23 active D:\Java_project\HYPBlog\blog-cms\node_modules\zrender\lib\config.js
<s> [webpack.Progress] 68% building 964/986 modules 22 active D:\Java_project\HYPBlog\blog-cms\node_modules\zrender\lib\config.js
<s> [webpack.Progress] 68% building 964/987 modules 23 active D:\Java_project\HYPBlog\blog-cms\node_modules\echarts\lib\component\helper\interactionMutex.js
<s> [webpack.Progress] 68% building 964/988 modules 24 active D:\Java_project\HYPBlog\blog-cms\node_modules\normalize-wheel\src\ExecutionEnvironment.js
<s> [webpack.Progress] 68% building 965/988 modules 23 active D:\Java_project\HYPBlog\blog-cms\node_modules\normalize-wheel\src\ExecutionEnvironment.js
<s> [webpack.Progress] 68% building 965/989 modules 24 active D:\Java_project\HYPBlog\blog-cms\node_modules\zrender\lib\graphic\CompoundPath.js
<s> [webpack.Progress] 68% building 965/990 modules 25 active D:\Java_project\HYPBlog\blog-cms\node_modules\zrender\lib\graphic\LinearGradient.js
<s> [webpack.Progress] 68% building 966/990 modules 24 active D:\Java_project\HYPBlog\blog-cms\node_modules\zrender\lib\graphic\LinearGradient.js
<s> [webpack.Progress] 68% building 967/990 modules 23 active D:\Java_project\HYPBlog\blog-cms\node_modules\zrender\lib\graphic\LinearGradient.js
<s> [webpack.Progress] 68% building 968/990 modules 22 active D:\Java_project\HYPBlog\blog-cms\node_modules\zrender\lib\graphic\LinearGradient.js
<s> [webpack.Progress] 68% building 969/990 modules 21 active D:\Java_project\HYPBlog\blog-cms\node_modules\zrender\lib\graphic\LinearGradient.js
<s> [webpack.Progress] 68% building 970/990 modules 20 active D:\Java_project\HYPBlog\blog-cms\node_modules\zrender\lib\graphic\LinearGradient.js
<s> [webpack.Progress] 68% building 971/990 modules 19 active D:\Java_project\HYPBlog\blog-cms\node_modules\zrender\lib\graphic\LinearGradient.js
<s> [webpack.Progress] 68% building 972/990 modules 18 active D:\Java_project\HYPBlog\blog-cms\node_modules\zrender\lib\graphic\LinearGradient.js
<s> [webpack.Progress] 68% building 973/990 modules 17 active D:\Java_project\HYPBlog\blog-cms\node_modules\zrender\lib\graphic\LinearGradient.js
<s> [webpack.Progress] 68% building 973/991 modules 18 active D:\Java_project\HYPBlog\blog-cms\node_modules\zrender\lib\tool\path.js
<s> [webpack.Progress] 68% building 973/992 modules 19 active D:\Java_project\HYPBlog\blog-cms\node_modules\axios\lib\core\InterceptorManager.js
<s> [webpack.Progress] 68% building 973/993 modules 20 active D:\Java_project\HYPBlog\blog-cms\node_modules\zrender\lib\Element.js
<s> [webpack.Progress] 68% building 973/994 modules 21 active D:\Java_project\HYPBlog\blog-cms\node_modules\zrender\lib\graphic\Pattern.js
<s> [webpack.Progress] 68% building 973/995 modules 22 active D:\Java_project\HYPBlog\blog-cms\node_modules\zrender\lib\graphic\constant.js
<s> [webpack.Progress] 68% building 973/996 modules 23 active D:\Java_project\HYPBlog\blog-cms\node_modules\zrender\lib\contain\path.js
<s> [webpack.Progress] 68% building 974/996 modules 22 active D:\Java_project\HYPBlog\blog-cms\node_modules\zrender\lib\contain\path.js
<s> [webpack.Progress] 68% building 975/996 modules 21 active D:\Java_project\HYPBlog\blog-cms\node_modules\zrender\lib\contain\path.js
<s> [webpack.Progress] 68% building 975/997 modules 22 active D:\Java_project\HYPBlog\blog-cms\node_modules\zrender\lib\graphic\Style.js
<s> [webpack.Progress] 68% building 975/998 modules 23 active D:\Java_project\HYPBlog\blog-cms\node_modules\babel-runtime\node_modules\core-js\library\modules\_wks-define.js
<s> [webpack.Progress] 68% building 975/999 modules 24 active D:\Java_project\HYPBlog\blog-cms\node_modules\zrender\lib\container\Group.js
<s> [webpack.Progress] 68% building 976/999 modules 23 active D:\Java_project\HYPBlog\blog-cms\node_modules\zrender\lib\container\Group.js
<s> [webpack.Progress] 68% building 977/999 modules 22 active D:\Java_project\HYPBlog\blog-cms\node_modules\zrender\lib\container\Group.js
<s> [webpack.Progress] 68% building 977/1000 modules 23 active D:\Java_project\HYPBlog\blog-cms\node_modules\babel-runtime\node_modules\core-js\library\modules\_library.js
<s> [webpack.Progress] 68% building 978/1000 modules 22 active D:\Java_project\HYPBlog\blog-cms\node_modules\babel-runtime\node_modules\core-js\library\modules\_library.js
<s> [webpack.Progress] 68% building 979/1000 modules 21 active D:\Java_project\HYPBlog\blog-cms\node_modules\babel-runtime\node_modules\core-js\library\modules\_library.js
<s> [webpack.Progress] 68% building 979/1001 modules 22 active D:\Java_project\HYPBlog\blog-cms\node_modules\echarts\lib\coord\axisModelCommonMixin.js
<s> [webpack.Progress] 68% building 979/1002 modules 23 active D:\Java_project\HYPBlog\blog-cms\node_modules\zrender\lib\graphic\shape\Arc.js
<s> [webpack.Progress] 68% building 979/1003 modules 24 active D:\Java_project\HYPBlog\blog-cms\node_modules\zrender\lib\graphic\shape\BezierCurve.js
<s> [webpack.Progress] 68% building 979/1004 modules 25 active D:\Java_project\HYPBlog\blog-cms\node_modules\zrender\lib\graphic\shape\Polygon.js
<s> [webpack.Progress] 68% building 979/1005 modules 26 active D:\Java_project\HYPBlog\blog-cms\node_modules\zrender\lib\graphic\shape\Line.js
<s> [webpack.Progress] 68% building 979/1006 modules 27 active D:\Java_project\HYPBlog\blog-cms\node_modules\zrender\lib\graphic\shape\Rect.js
<s> [webpack.Progress] 68% building 979/1007 modules 28 active D:\Java_project\HYPBlog\blog-cms\node_modules\zrender\lib\graphic\shape\Polyline.js
<s> [webpack.Progress] 68% building 979/1008 modules 29 active D:\Java_project\HYPBlog\blog-cms\node_modules\zrender\lib\graphic\shape\Sector.js
<s> [webpack.Progress] 68% building 979/1009 modules 30 active D:\Java_project\HYPBlog\blog-cms\node_modules\zrender\lib\graphic\shape\Ring.js
<s> [webpack.Progress] 68% building 979/1010 modules 31 active D:\Java_project\HYPBlog\blog-cms\node_modules\zrender\lib\graphic\shape\Circle.js
<s> [webpack.Progress] 68% building 980/1010 modules 30 active D:\Java_project\HYPBlog\blog-cms\node_modules\zrender\lib\graphic\shape\Circle.js
<s> [webpack.Progress] 68% building 980/1011 modules 31 active D:\Java_project\HYPBlog\blog-cms\node_modules\echarts\lib\coord\axisModelCreator.js
<s> [webpack.Progress] 68% building 980/1012 modules 32 active D:\Java_project\HYPBlog\blog-cms\node_modules\babel-runtime\node_modules\core-js\library\modules\_object-pie.js
<s> [webpack.Progress] 68% building 980/1013 modules 33 active D:\Java_project\HYPBlog\blog-cms\node_modules\zrender\lib\svg\helper\Definable.js
<s> [webpack.Progress] 68% building 981/1013 modules 32 active D:\Java_project\HYPBlog\blog-cms\node_modules\zrender\lib\svg\helper\Definable.js
<s> [webpack.Progress] 68% building 981/1014 modules 33 active D:\Java_project\HYPBlog\blog-cms\node_modules\axios\lib\core\enhanceError.js
<s> [webpack.Progress] 68% building 982/1014 modules 32 active D:\Java_project\HYPBlog\blog-cms\node_modules\axios\lib\core\enhanceError.js
<s> [webpack.Progress] 68% building 982/1015 modules 33 active D:\Java_project\HYPBlog\blog-cms\node_modules\babel-runtime\node_modules\core-js\library\modules\_object-gopn.js
<s> [webpack.Progress] 67% building 982/1016 modules 34 active D:\Java_project\HYPBlog\blog-cms\node_modules\babel-runtime\node_modules\core-js\library\modules\_object-keys.js
<s> [webpack.Progress] 68% building 983/1016 modules 33 active D:\Java_project\HYPBlog\blog-cms\node_modules\babel-runtime\node_modules\core-js\library\modules\_object-keys.js
<s> [webpack.Progress] 68% building 984/1016 modules 32 active D:\Java_project\HYPBlog\blog-cms\node_modules\babel-runtime\node_modules\core-js\library\modules\_object-keys.js
<s> [webpack.Progress] 68% building 985/1016 modules 31 active D:\Java_project\HYPBlog\blog-cms\node_modules\babel-runtime\node_modules\core-js\library\modules\_object-keys.js
<s> [webpack.Progress] 68% building 985/1017 modules 32 active D:\Java_project\HYPBlog\blog-cms\node_modules\echarts\lib\component\helper\cursorHelper.js
<s> [webpack.Progress] 68% building 986/1017 modules 31 active D:\Java_project\HYPBlog\blog-cms\node_modules\echarts\lib\component\helper\cursorHelper.js
<s> [webpack.Progress] 68% building 987/1017 modules 30 active D:\Java_project\HYPBlog\blog-cms\node_modules\echarts\lib\component\helper\cursorHelper.js
<s> [webpack.Progress] 68% building 987/1018 modules 31 active D:\Java_project\HYPBlog\blog-cms\node_modules\babel-runtime\node_modules\core-js\library\modules\_object-dp.js
<s> [webpack.Progress] 68% building 987/1019 modules 32 active D:\Java_project\HYPBlog\blog-cms\node_modules\babel-runtime\node_modules\core-js\library\modules\_object-gopd.js
<s> [webpack.Progress] 68% building 988/1019 modules 31 active D:\Java_project\HYPBlog\blog-cms\node_modules\babel-runtime\node_modules\core-js\library\modules\_object-gopd.js
<s> [webpack.Progress] 68% building 988/1020 modules 32 active D:\Java_project\HYPBlog\blog-cms\node_modules\babel-runtime\node_modules\core-js\library\modules\_object-gopn-ext.js
<s> [webpack.Progress] 68% building 988/1021 modules 33 active D:\Java_project\HYPBlog\blog-cms\node_modules\babel-runtime\node_modules\core-js\library\modules\_object-gops.js
<s> [webpack.Progress] 68% building 988/1022 modules 34 active D:\Java_project\HYPBlog\blog-cms\node_modules\zrender\lib\core\dom.js
<s> [webpack.Progress] 67% building 988/1023 modules 35 active D:\Java_project\HYPBlog\blog-cms\node_modules\babel-runtime\node_modules\core-js\library\modules\_object-create.js
<s> [webpack.Progress] 68% building 989/1023 modules 34 active D:\Java_project\HYPBlog\blog-cms\node_modules\babel-runtime\node_modules\core-js\library\modules\_object-create.js
<s> [webpack.Progress] 67% building 989/1024 modules 35 active D:\Java_project\HYPBlog\blog-cms\node_modules\babel-runtime\node_modules\core-js\library\modules\_property-desc.js
<s> [webpack.Progress] 67% building 989/1025 modules 36 active D:\Java_project\HYPBlog\blog-cms\node_modules\zrender\lib\contain\windingLine.js
<s> [webpack.Progress] 67% building 989/1026 modules 37 active D:\Java_project\HYPBlog\blog-cms\node_modules\babel-runtime\node_modules\core-js\library\modules\_uid.js
<s> [webpack.Progress] 67% building 989/1027 modules 38 active D:\Java_project\HYPBlog\blog-cms\node_modules\babel-runtime\node_modules\core-js\library\modules\_shared.js
<s> [webpack.Progress] 67% building 989/1028 modules 39 active D:\Java_project\HYPBlog\blog-cms\node_modules\babel-runtime\node_modules\core-js\library\modules\_has.js
<s> [webpack.Progress] 67% building 989/1029 modules 40 active D:\Java_project\HYPBlog\blog-cms\node_modules\babel-runtime\node_modules\core-js\library\modules\_descriptors.js
<s> [webpack.Progress] 67% building 989/1030 modules 41 active D:\Java_project\HYPBlog\blog-cms\node_modules\babel-runtime\node_modules\core-js\library\modules\_add-to-unscopables.js
<s> [webpack.Progress] 67% building 989/1031 modules 42 active D:\Java_project\HYPBlog\blog-cms\node_modules\babel-runtime\node_modules\core-js\library\modules\_to-integer.js
<s> [webpack.Progress] 67% building 990/1031 modules 41 active D:\Java_project\HYPBlog\blog-cms\node_modules\babel-runtime\node_modules\core-js\library\modules\_to-integer.js
<s> [webpack.Progress] 67% building 991/1031 modules 40 active D:\Java_project\HYPBlog\blog-cms\node_modules\babel-runtime\node_modules\core-js\library\modules\_to-integer.js
<s> [webpack.Progress] 67% building 992/1031 modules 39 active D:\Java_project\HYPBlog\blog-cms\node_modules\babel-runtime\node_modules\core-js\library\modules\_to-integer.js
<s> [webpack.Progress] 67% building 993/1031 modules 38 active D:\Java_project\HYPBlog\blog-cms\node_modules\babel-runtime\node_modules\core-js\library\modules\_to-integer.js
<s> [webpack.Progress] 67% building 994/1031 modules 37 active D:\Java_project\HYPBlog\blog-cms\node_modules\babel-runtime\node_modules\core-js\library\modules\_to-integer.js
<s> [webpack.Progress] 67% building 994/1032 modules 38 active D:\Java_project\HYPBlog\blog-cms\node_modules\zrender\lib\animation\Clip.js
<s> [webpack.Progress] 67% building 994/1033 modules 39 active D:\Java_project\HYPBlog\blog-cms\node_modules\babel-runtime\node_modules\core-js\library\modules\_defined.js
<s> [webpack.Progress] 67% building 995/1033 modules 38 active D:\Java_project\HYPBlog\blog-cms\node_modules\babel-runtime\node_modules\core-js\library\modules\_defined.js
<s> [webpack.Progress] 67% building 995/1034 modules 39 active D:\Java_project\HYPBlog\blog-cms\node_modules\babel-runtime\node_modules\core-js\library\modules\_to-iobject.js
<s> [webpack.Progress] 67% building 995/1035 modules 40 active D:\Java_project\HYPBlog\blog-cms\node_modules\babel-runtime\node_modules\core-js\library\modules\_ctx.js
<s> [webpack.Progress] 67% building 995/1036 modules 41 active D:\Java_project\HYPBlog\blog-cms\node_modules\babel-runtime\node_modules\core-js\library\modules\_iter-step.js
<s> [webpack.Progress] 67% building 996/1036 modules 40 active D:\Java_project\HYPBlog\blog-cms\node_modules\babel-runtime\node_modules\core-js\library\modules\_iter-step.js
<s> [webpack.Progress] 67% building 996/1037 modules 41 active D:\Java_project\HYPBlog\blog-cms\node_modules\echarts\lib\data\helper\completeDimensions.js
<s> [webpack.Progress] 67% building 996/1038 modules 42 active D:\Java_project\HYPBlog\blog-cms\node_modules\echarts\lib\chart\helper\labelHelper.js
<s> [webpack.Progress] 67% building 996/1039 modules 43 active D:\Java_project\HYPBlog\blog-cms\node_modules\echarts\lib\scale\helper.js
<s> [webpack.Progress] 67% building 996/1040 modules 44 active D:\Java_project\HYPBlog\blog-cms\node_modules\echarts\lib\chart\helper\LinePath.js
<s> [webpack.Progress] 67% building 997/1040 modules 43 active D:\Java_project\HYPBlog\blog-cms\node_modules\echarts\lib\chart\helper\LinePath.js
<s> [webpack.Progress] 67% building 997/1041 modules 44 active D:\Java_project\HYPBlog\blog-cms\node_modules\echarts\lib\data\OrdinalMeta.js
<s> [webpack.Progress] 67% building 998/1041 modules 43 active D:\Java_project\HYPBlog\blog-cms\node_modules\echarts\lib\data\OrdinalMeta.js
<s> [webpack.Progress] 67% building 998/1042 modules 44 active D:\Java_project\HYPBlog\blog-cms\node_modules\babel-runtime\node_modules\core-js\library\modules\_fails.js
<s> [webpack.Progress] 67% building 999/1042 modules 43 active D:\Java_project\HYPBlog\blog-cms\node_modules\babel-runtime\node_modules\core-js\library\modules\_fails.js
<s> [webpack.Progress] 67% building 1000/1042 modules 42 active D:\Java_project\HYPBlog\blog-cms\node_modules\babel-runtime\node_modules\core-js\library\modules\_fails.js
<s> [webpack.Progress] 67% building 1001/1042 modules 41 active D:\Java_project\HYPBlog\blog-cms\node_modules\babel-runtime\node_modules\core-js\library\modules\_fails.js
<s> [webpack.Progress] 67% building 1002/1042 modules 40 active D:\Java_project\HYPBlog\blog-cms\node_modules\babel-runtime\node_modules\core-js\library\modules\_fails.js
<s> [webpack.Progress] 67% building 1003/1042 modules 39 active D:\Java_project\HYPBlog\blog-cms\node_modules\babel-runtime\node_modules\core-js\library\modules\_fails.js
<s> [webpack.Progress] 67% building 1004/1042 modules 38 active D:\Java_project\HYPBlog\blog-cms\node_modules\babel-runtime\node_modules\core-js\library\modules\_fails.js
<s> [webpack.Progress] 67% building 1005/1042 modules 37 active D:\Java_project\HYPBlog\blog-cms\node_modules\babel-runtime\node_modules\core-js\library\modules\_fails.js
<s> [webpack.Progress] 67% building 1006/1042 modules 36 active D:\Java_project\HYPBlog\blog-cms\node_modules\babel-runtime\node_modules\core-js\library\modules\_fails.js
<s> [webpack.Progress] 67% building 1007/1042 modules 35 active D:\Java_project\HYPBlog\blog-cms\node_modules\babel-runtime\node_modules\core-js\library\modules\_fails.js
<s> [webpack.Progress] 67% building 1007/1043 modules 36 active D:\Java_project\HYPBlog\blog-cms\node_modules\cache-loader\dist\cjs.js??ref--0-0!D:\Java_project\HYPBlog\blog-cms\node_modules\vue-loader\lib\index.js??vue-loader-options!D:\Java_project\HYPBlog\blog-cms\src\layout\components\Sidebar\SidebarItem.vue
<s> [webpack.Progress] 67% building 1008/1043 modules 35 active D:\Java_project\HYPBlog\blog-cms\node_modules\cache-loader\dist\cjs.js??ref--0-0!D:\Java_project\HYPBlog\blog-cms\node_modules\vue-loader\lib\index.js??vue-loader-options!D:\Java_project\HYPBlog\blog-cms\src\layout\components\Sidebar\SidebarItem.vue
<s> [webpack.Progress] 68% building 1009/1043 modules 34 active D:\Java_project\HYPBlog\blog-cms\node_modules\cache-loader\dist\cjs.js??ref--0-0!D:\Java_project\HYPBlog\blog-cms\node_modules\vue-loader\lib\index.js??vue-loader-options!D:\Java_project\HYPBlog\blog-cms\src\layout\components\Sidebar\SidebarItem.vue
<s> [webpack.Progress] 67% building 1009/1044 modules 35 active D:\Java_project\HYPBlog\blog-cms\node_modules\babel-runtime\node_modules\core-js\library\modules\_iobject.js
<s> [webpack.Progress] 67% building 1009/1045 modules 36 active D:\Java_project\HYPBlog\blog-cms\node_modules\babel-runtime\node_modules\core-js\library\modules\_to-object.js
<s> [webpack.Progress] 67% building 1010/1045 modules 35 active D:\Java_project\HYPBlog\blog-cms\node_modules\babel-runtime\node_modules\core-js\library\modules\_to-object.js
<s> [webpack.Progress] 67% building 1010/1046 modules 36 active D:\Java_project\HYPBlog\blog-cms\node_modules\echarts\lib\coord\parallel\ParallelAxis.js
<s> [webpack.Progress] 67% building 1010/1047 modules 37 active D:\Java_project\HYPBlog\blog-cms\node_modules\cache-loader\dist\cjs.js??ref--0-0!D:\Java_project\HYPBlog\blog-cms\node_modules\vue-loader\lib\index.js??vue-loader-options!D:\Java_project\HYPBlog\blog-cms\src\layout\components\Sidebar\Logo.vue
<s> [webpack.Progress] 67% building 1011/1047 modules 36 active D:\Java_project\HYPBlog\blog-cms\node_modules\cache-loader\dist\cjs.js??ref--0-0!D:\Java_project\HYPBlog\blog-cms\node_modules\vue-loader\lib\index.js??vue-loader-options!D:\Java_project\HYPBlog\blog-cms\src\layout\components\Sidebar\Logo.vue
<s> [webpack.Progress] 67% building 1012/1047 modules 35 active D:\Java_project\HYPBlog\blog-cms\node_modules\cache-loader\dist\cjs.js??ref--0-0!D:\Java_project\HYPBlog\blog-cms\node_modules\vue-loader\lib\index.js??vue-loader-options!D:\Java_project\HYPBlog\blog-cms\src\layout\components\Sidebar\Logo.vue
<s> [webpack.Progress] 68% building 1013/1047 modules 34 active D:\Java_project\HYPBlog\blog-cms\node_modules\cache-loader\dist\cjs.js??ref--0-0!D:\Java_project\HYPBlog\blog-cms\node_modules\vue-loader\lib\index.js??vue-loader-options!D:\Java_project\HYPBlog\blog-cms\src\layout\components\Sidebar\Logo.vue
<s> [webpack.Progress] 67% building 1013/1048 modules 35 active D:\Java_project\HYPBlog\blog-cms\node_modules\echarts\lib\coord\cartesian\Cartesian.js
<s> [webpack.Progress] 67% building 1013/1049 modules 36 active D:\Java_project\HYPBlog\blog-cms\node_modules\babel-runtime\node_modules\core-js\library\modules\_object-gpo.js
<s> [webpack.Progress] 67% building 1014/1049 modules 35 active D:\Java_project\HYPBlog\blog-cms\node_modules\babel-runtime\node_modules\core-js\library\modules\_object-gpo.js
<s> [webpack.Progress] 68% building 1015/1049 modules 34 active D:\Java_project\HYPBlog\blog-cms\node_modules\babel-runtime\node_modules\core-js\library\modules\_object-gpo.js
<s> [webpack.Progress] 68% building 1015/1050 modules 35 active D:\Java_project\HYPBlog\blog-cms\node_modules\babel-runtime\node_modules\core-js\library\modules\_set-to-string-tag.js
<s> [webpack.Progress] 68% building 1016/1050 modules 34 active D:\Java_project\HYPBlog\blog-cms\node_modules\babel-runtime\node_modules\core-js\library\modules\_set-to-string-tag.js
<s> [webpack.Progress] 68% building 1016/1051 modules 35 active D:\Java_project\HYPBlog\blog-cms\node_modules\axios\lib\helpers\isAbsoluteURL.js
<s> [webpack.Progress] 67% building 1016/1052 modules 36 active D:\Java_project\HYPBlog\blog-cms\node_modules\babel-runtime\node_modules\core-js\library\modules\_iter-create.js
<s> [webpack.Progress] 67% building 1016/1053 modules 37 active D:\Java_project\HYPBlog\blog-cms\node_modules\axios\lib\helpers\combineURLs.js
<s> [webpack.Progress] 67% building 1016/1054 modules 38 active D:\Java_project\HYPBlog\blog-cms\node_modules\babel-runtime\node_modules\core-js\library\modules\_redefine.js
<s> [webpack.Progress] 67% building 1016/1055 modules 39 active D:\Java_project\HYPBlog\blog-cms\node_modules\echarts\lib\component\axis\axisSplitHelper.js
<s> [webpack.Progress] 67% building 1016/1056 modules 40 active D:\Java_project\HYPBlog\blog-cms\node_modules\echarts\lib\coord\cartesian\cartesianAxisHelper.js
<s> [webpack.Progress] 67% building 1017/1056 modules 39 active D:\Java_project\HYPBlog\blog-cms\node_modules\echarts\lib\coord\cartesian\cartesianAxisHelper.js
<s> [webpack.Progress] 67% building 1018/1056 modules 38 active D:\Java_project\HYPBlog\blog-cms\node_modules\echarts\lib\coord\cartesian\cartesianAxisHelper.js
<s> [webpack.Progress] 67% building 1019/1056 modules 37 active D:\Java_project\HYPBlog\blog-cms\node_modules\echarts\lib\coord\cartesian\cartesianAxisHelper.js
<s> [webpack.Progress] 67% building 1020/1056 modules 36 active D:\Java_project\HYPBlog\blog-cms\node_modules\echarts\lib\coord\cartesian\cartesianAxisHelper.js
<s> [webpack.Progress] 67% building 1020/1057 modules 37 active D:\Java_project\HYPBlog\blog-cms\node_modules\zrender\lib\graphic\helper\fixShadow.js
<s> [webpack.Progress] 67% building 1021/1057 modules 36 active D:\Java_project\HYPBlog\blog-cms\node_modules\zrender\lib\graphic\helper\fixShadow.js
<s> [webpack.Progress] 68% building 1022/1057 modules 35 active D:\Java_project\HYPBlog\blog-cms\node_modules\zrender\lib\graphic\helper\fixShadow.js
<s> [webpack.Progress] 68% building 1023/1057 modules 34 active D:\Java_project\HYPBlog\blog-cms\node_modules\zrender\lib\graphic\helper\fixShadow.js
<s> [webpack.Progress] 68% building 1024/1057 modules 33 active D:\Java_project\HYPBlog\blog-cms\node_modules\zrender\lib\graphic\helper\fixShadow.js
<s> [webpack.Progress] 68% building 1024/1058 modules 34 active D:\Java_project\HYPBlog\blog-cms\node_modules\zrender\lib\graphic\helper\roundRect.js
<s> [webpack.Progress] 68% building 1025/1058 modules 33 active D:\Java_project\HYPBlog\blog-cms\node_modules\zrender\lib\graphic\helper\roundRect.js
<s> [webpack.Progress] 68% building 1026/1058 modules 32 active D:\Java_project\HYPBlog\blog-cms\node_modules\zrender\lib\graphic\helper\roundRect.js
<s> [webpack.Progress] 68% building 1027/1058 modules 31 active D:\Java_project\HYPBlog\blog-cms\node_modules\zrender\lib\graphic\helper\roundRect.js
<s> [webpack.Progress] 68% building 1028/1058 modules 30 active D:\Java_project\HYPBlog\blog-cms\node_modules\zrender\lib\graphic\helper\roundRect.js
<s> [webpack.Progress] 68% building 1029/1058 modules 29 active D:\Java_project\HYPBlog\blog-cms\node_modules\zrender\lib\graphic\helper\roundRect.js
<s> [webpack.Progress] 68% building 1030/1058 modules 28 active D:\Java_project\HYPBlog\blog-cms\node_modules\zrender\lib\graphic\helper\roundRect.js
<s> [webpack.Progress] 68% building 1031/1058 modules 27 active D:\Java_project\HYPBlog\blog-cms\node_modules\zrender\lib\graphic\helper\roundRect.js
<s> [webpack.Progress] 68% building 1032/1058 modules 26 active D:\Java_project\HYPBlog\blog-cms\node_modules\zrender\lib\graphic\helper\roundRect.js
<s> [webpack.Progress] 68% building 1033/1058 modules 25 active D:\Java_project\HYPBlog\blog-cms\node_modules\zrender\lib\graphic\helper\roundRect.js
<s> [webpack.Progress] 68% building 1034/1058 modules 24 active D:\Java_project\HYPBlog\blog-cms\node_modules\zrender\lib\graphic\helper\roundRect.js
<s> [webpack.Progress] 68% building 1035/1058 modules 23 active D:\Java_project\HYPBlog\blog-cms\node_modules\zrender\lib\graphic\helper\roundRect.js
<s> [webpack.Progress] 68% building 1036/1058 modules 22 active D:\Java_project\HYPBlog\blog-cms\node_modules\zrender\lib\graphic\helper\roundRect.js
<s> [webpack.Progress] 68% building 1037/1058 modules 21 active D:\Java_project\HYPBlog\blog-cms\node_modules\zrender\lib\graphic\helper\roundRect.js
<s> [webpack.Progress] 68% building 1038/1058 modules 20 active D:\Java_project\HYPBlog\blog-cms\node_modules\zrender\lib\graphic\helper\roundRect.js
<s> [webpack.Progress] 68% building 1039/1058 modules 19 active D:\Java_project\HYPBlog\blog-cms\node_modules\zrender\lib\graphic\helper\roundRect.js
<s> [webpack.Progress] 68% building 1040/1058 modules 18 active D:\Java_project\HYPBlog\blog-cms\node_modules\zrender\lib\graphic\helper\roundRect.js
<s> [webpack.Progress] 69% building 1041/1058 modules 17 active D:\Java_project\HYPBlog\blog-cms\node_modules\zrender\lib\graphic\helper\roundRect.js
<s> [webpack.Progress] 69% building 1042/1058 modules 16 active D:\Java_project\HYPBlog\blog-cms\node_modules\zrender\lib\graphic\helper\roundRect.js
<s> [webpack.Progress] 69% building 1043/1058 modules 15 active D:\Java_project\HYPBlog\blog-cms\node_modules\zrender\lib\graphic\helper\roundRect.js
<s> [webpack.Progress] 69% building 1043/1059 modules 16 active D:\Java_project\HYPBlog\blog-cms\node_modules\es-errors\uri.js
<s> [webpack.Progress] 69% building 1044/1059 modules 15 active D:\Java_project\HYPBlog\blog-cms\node_modules\es-errors\uri.js
<s> [webpack.Progress] 69% building 1044/1060 modules 16 active D:\Java_project\HYPBlog\blog-cms\node_modules\es-errors\syntax.js
<s> [webpack.Progress] 69% building 1044/1061 modules 17 active D:\Java_project\HYPBlog\blog-cms\node_modules\es-errors\ref.js
<s> [webpack.Progress] 68% building 1044/1062 modules 18 active D:\Java_project\HYPBlog\blog-cms\node_modules\es-errors\range.js
<s> [webpack.Progress] 69% building 1045/1062 modules 17 active D:\Java_project\HYPBlog\blog-cms\node_modules\es-errors\range.js
<s> [webpack.Progress] 69% building 1046/1062 modules 16 active D:\Java_project\HYPBlog\blog-cms\node_modules\es-errors\range.js
<s> [webpack.Progress] 69% building 1046/1063 modules 17 active D:\Java_project\HYPBlog\blog-cms\node_modules\es-errors\eval.js
<s> [webpack.Progress] 68% building 1046/1064 modules 18 active D:\Java_project\HYPBlog\blog-cms\node_modules\babel-runtime\node_modules\core-js\library\modules\_to-primitive.js
<s> [webpack.Progress] 69% building 1047/1064 modules 17 active D:\Java_project\HYPBlog\blog-cms\node_modules\babel-runtime\node_modules\core-js\library\modules\_to-primitive.js
<s> [webpack.Progress] 68% building 1047/1065 modules 18 active D:\Java_project\HYPBlog\blog-cms\node_modules\babel-runtime\node_modules\core-js\library\modules\_is-object.js
<s> [webpack.Progress] 68% building 1047/1066 modules 19 active D:\Java_project\HYPBlog\blog-cms\node_modules\babel-runtime\node_modules\core-js\library\modules\_an-object.js
<s> [webpack.Progress] 68% building 1048/1066 modules 18 active D:\Java_project\HYPBlog\blog-cms\node_modules\babel-runtime\node_modules\core-js\library\modules\_an-object.js
<s> [webpack.Progress] 68% building 1048/1067 modules 19 active D:\Java_project\HYPBlog\blog-cms\node_modules\vue-loader\lib\loaders\pitcher.js??ref--4!D:\Java_project\HYPBlog\blog-cms\node_modules\cache-loader\dist\cjs.js??ref--0-0!D:\Java_project\HYPBlog\blog-cms\node_modules\vue-loader\lib\index.js??vue-loader-options!D:\Java_project\HYPBlog\blog-cms\src\layout\components\Sidebar\SidebarItem.vue?vue&type=template&id=2d2bbdc2
<s> [webpack.Progress] 68% building 1049/1067 modules 18 active D:\Java_project\HYPBlog\blog-cms\node_modules\babel-runtime\node_modules\core-js\library\modules\_an-object.js
<s> [webpack.Progress] 68% building 1049/1068 modules 19 active D:\Java_project\HYPBlog\blog-cms\node_modules\vue-loader\lib\loaders\pitcher.js??ref--4!D:\Java_project\HYPBlog\blog-cms\node_modules\cache-loader\dist\cjs.js??ref--12-0!D:\Java_project\HYPBlog\blog-cms\node_modules\babel-loader\lib\index.js!D:\Java_project\HYPBlog\blog-cms\node_modules\cache-loader\dist\cjs.js??ref--0-0!D:\Java_project\HYPBlog\blog-cms\node_modules\vue-loader\lib\index.js??vue-loader-options!D:\Java_project\HYPBlog\blog-cms\src\layout\components\Sidebar\SidebarItem.vue?vue&type=script&lang=js
<s> [webpack.Progress] 68% building 1050/1068 modules 18 active D:\Java_project\HYPBlog\blog-cms\node_modules\babel-runtime\node_modules\core-js\library\modules\_an-object.js
<s> [webpack.Progress] 68% building 1050/1069 modules 19 active D:\Java_project\HYPBlog\blog-cms\node_modules\cache-loader\dist\cjs.js??ref--12-0!D:\Java_project\HYPBlog\blog-cms\node_modules\babel-loader\lib\index.js!D:\Java_project\HYPBlog\blog-cms\node_modules\cache-loader\dist\cjs.js??ref--0-0!D:\Java_project\HYPBlog\blog-cms\node_modules\vue-loader\lib\index.js??vue-loader-options!D:\Java_project\HYPBlog\blog-cms\src\layout\components\Sidebar\SidebarItem.vue?vue&type=script&lang=js
<s> [webpack.Progress] 68% building 1050/1070 modules 20 active D:\Java_project\HYPBlog\blog-cms\node_modules\cache-loader\dist\cjs.js?{"cacheDirectory":"node_modules/.cache/vue-loader","cacheIdentifier":"b828289e-vue-loader-template"}!D:\Java_project\HYPBlog\blog-cms\node_modules\vue-loader\lib\loaders\templateLoader.js??vue-loader-options!D:\Java_project\HYPBlog\blog-cms\node_modules\cache-loader\dist\cjs.js??ref--0-0!D:\Java_project\HYPBlog\blog-cms\node_modules\vue-loader\lib\index.js??vue-loader-options!D:\Java_project\HYPBlog\blog-cms\src\layout\components\Sidebar\SidebarItem.vue?vue&type=template&id=2d2bbdc2
<s> [webpack.Progress] 68% building 1050/1071 modules 21 active D:\Java_project\HYPBlog\blog-cms\node_modules\call-bind-apply-helpers\functionCall.js
<s> [webpack.Progress] 68% building 1050/1072 modules 22 active D:\Java_project\HYPBlog\blog-cms\node_modules\call-bind-apply-helpers\functionApply.js
<s> [webpack.Progress] 68% building 1050/1073 modules 23 active D:\Java_project\HYPBlog\blog-cms\node_modules\get-proto\Reflect.getPrototypeOf.js
<s> [webpack.Progress] 68% building 1050/1074 modules 24 active D:\Java_project\HYPBlog\blog-cms\node_modules\get-proto\Object.getPrototypeOf.js
<s> [webpack.Progress] 68% building 1050/1075 modules 25 active D:\Java_project\HYPBlog\blog-cms\node_modules\vue-loader\lib\loaders\pitcher.js??ref--4!D:\Java_project\HYPBlog\blog-cms\node_modules\cache-loader\dist\cjs.js??ref--0-0!D:\Java_project\HYPBlog\blog-cms\node_modules\vue-loader\lib\index.js??vue-loader-options!D:\Java_project\HYPBlog\blog-cms\src\layout\components\Sidebar\Logo.vue?vue&type=template&id=6494804b&scoped=true
<s> [webpack.Progress] 68% building 1051/1075 modules 24 active D:\Java_project\HYPBlog\blog-cms\node_modules\get-proto\Object.getPrototypeOf.js
<s> [webpack.Progress] 68% building 1051/1076 modules 25 active D:\Java_project\HYPBlog\blog-cms\node_modules\vue-loader\lib\loaders\pitcher.js??ref--4!D:\Java_project\HYPBlog\blog-cms\node_modules\vue-style-loader\index.js??ref--8-oneOf-1-0!D:\Java_project\HYPBlog\blog-cms\node_modules\css-loader\dist\cjs.js??ref--8-oneOf-1-1!D:\Java_project\HYPBlog\blog-cms\node_modules\postcss-loader\src\index.js??ref--8-oneOf-1-2!D:\Java_project\HYPBlog\blog-cms\node_modules\sass-loader\dist\cjs.js??ref--8-oneOf-1-3!D:\Java_project\HYPBlog\blog-cms\node_modules\cache-loader\dist\cjs.js??ref--0-0!D:\Java_project\HYPBlog\blog-cms\node_modules\vue-loader\lib\index.js??vue-loader-options!D:\Java_project\HYPBlog\blog-cms\src\layout\components\Sidebar\Logo.vue?vue&type=style&index=0&id=6494804b&lang=scss&scoped=true
<s> [webpack.Progress] 68% building 1052/1076 modules 24 active D:\Java_project\HYPBlog\blog-cms\node_modules\get-proto\Object.getPrototypeOf.js
<s> [webpack.Progress] 68% building 1052/1077 modules 25 active D:\Java_project\HYPBlog\blog-cms\node_modules\vue-loader\lib\loaders\pitcher.js??ref--4!D:\Java_project\HYPBlog\blog-cms\node_modules\cache-loader\dist\cjs.js??ref--12-0!D:\Java_project\HYPBlog\blog-cms\node_modules\babel-loader\lib\index.js!D:\Java_project\HYPBlog\blog-cms\node_modules\cache-loader\dist\cjs.js??ref--0-0!D:\Java_project\HYPBlog\blog-cms\node_modules\vue-loader\lib\index.js??vue-loader-options!D:\Java_project\HYPBlog\blog-cms\src\layout\components\Sidebar\Logo.vue?vue&type=script&lang=js
<s> [webpack.Progress] 68% building 1053/1077 modules 24 active D:\Java_project\HYPBlog\blog-cms\node_modules\get-proto\Object.getPrototypeOf.js
<s> [webpack.Progress] 68% building 1053/1078 modules 25 active D:\Java_project\HYPBlog\blog-cms\node_modules\cache-loader\dist\cjs.js??ref--12-0!D:\Java_project\HYPBlog\blog-cms\node_modules\babel-loader\lib\index.js!D:\Java_project\HYPBlog\blog-cms\node_modules\cache-loader\dist\cjs.js??ref--0-0!D:\Java_project\HYPBlog\blog-cms\node_modules\vue-loader\lib\index.js??vue-loader-options!D:\Java_project\HYPBlog\blog-cms\src\layout\components\Sidebar\Logo.vue?vue&type=script&lang=js
<s> [webpack.Progress] 68% building 1053/1079 modules 26 active D:\Java_project\HYPBlog\blog-cms\node_modules\cache-loader\dist\cjs.js?{"cacheDirectory":"node_modules/.cache/vue-loader","cacheIdentifier":"b828289e-vue-loader-template"}!D:\Java_project\HYPBlog\blog-cms\node_modules\vue-loader\lib\loaders\templateLoader.js??vue-loader-options!D:\Java_project\HYPBlog\blog-cms\node_modules\cache-loader\dist\cjs.js??ref--0-0!D:\Java_project\HYPBlog\blog-cms\node_modules\vue-loader\lib\index.js??vue-loader-options!D:\Java_project\HYPBlog\blog-cms\src\layout\components\Sidebar\Logo.vue?vue&type=template&id=6494804b&scoped=true
<s> [webpack.Progress] 68% building 1053/1080 modules 27 active D:\Java_project\HYPBlog\blog-cms\node_modules\vue-style-loader\index.js??ref--8-oneOf-1-0!D:\Java_project\HYPBlog\blog-cms\node_modules\css-loader\dist\cjs.js??ref--8-oneOf-1-1!D:\Java_project\HYPBlog\blog-cms\node_modules\vue-loader\lib\loaders\stylePostLoader.js!D:\Java_project\HYPBlog\blog-cms\node_modules\postcss-loader\src\index.js??ref--8-oneOf-1-2!D:\Java_project\HYPBlog\blog-cms\node_modules\sass-loader\dist\cjs.js??ref--8-oneOf-1-3!D:\Java_project\HYPBlog\blog-cms\node_modules\cache-loader\dist\cjs.js??ref--0-0!D:\Java_project\HYPBlog\blog-cms\node_modules\vue-loader\lib\index.js??vue-loader-options!D:\Java_project\HYPBlog\blog-cms\src\layout\components\Sidebar\Logo.vue?vue&type=style&index=0&id=6494804b&lang=scss&scoped=true
<s> [webpack.Progress] 68% building 1054/1080 modules 26 active D:\Java_project\HYPBlog\blog-cms\node_modules\cache-loader\dist\cjs.js?{"cacheDirectory":"node_modules/.cache/vue-loader","cacheIdentifier":"b828289e-vue-loader-template"}!D:\Java_project\HYPBlog\blog-cms\node_modules\vue-loader\lib\loaders\templateLoader.js??vue-loader-options!D:\Java_project\HYPBlog\blog-cms\node_modules\cache-loader\dist\cjs.js??ref--0-0!D:\Java_project\HYPBlog\blog-cms\node_modules\vue-loader\lib\index.js??vue-loader-options!D:\Java_project\HYPBlog\blog-cms\src\layout\components\Sidebar\Logo.vue?vue&type=template&id=6494804b&scoped=true
<s> [webpack.Progress] 68% building 1054/1081 modules 27 active D:\Java_project\HYPBlog\blog-cms\node_modules\css-loader\dist\cjs.js??ref--8-oneOf-1-1!D:\Java_project\HYPBlog\blog-cms\node_modules\vue-loader\lib\loaders\stylePostLoader.js!D:\Java_project\HYPBlog\blog-cms\node_modules\postcss-loader\src\index.js??ref--8-oneOf-1-2!D:\Java_project\HYPBlog\blog-cms\node_modules\sass-loader\dist\cjs.js??ref--8-oneOf-1-3!D:\Java_project\HYPBlog\blog-cms\node_modules\cache-loader\dist\cjs.js??ref--0-0!D:\Java_project\HYPBlog\blog-cms\node_modules\vue-loader\lib\index.js??vue-loader-options!D:\Java_project\HYPBlog\blog-cms\src\layout\components\Sidebar\Logo.vue?vue&type=style&index=0&id=6494804b&lang=scss&scoped=true
<s> [webpack.Progress] 68% building 1055/1081 modules 26 active D:\Java_project\HYPBlog\blog-cms\node_modules\css-loader\dist\cjs.js??ref--8-oneOf-1-1!D:\Java_project\HYPBlog\blog-cms\node_modules\vue-loader\lib\loaders\stylePostLoader.js!D:\Java_project\HYPBlog\blog-cms\node_modules\postcss-loader\src\index.js??ref--8-oneOf-1-2!D:\Java_project\HYPBlog\blog-cms\node_modules\sass-loader\dist\cjs.js??ref--8-oneOf-1-3!D:\Java_project\HYPBlog\blog-cms\node_modules\cache-loader\dist\cjs.js??ref--0-0!D:\Java_project\HYPBlog\blog-cms\node_modules\vue-loader\lib\index.js??vue-loader-options!D:\Java_project\HYPBlog\blog-cms\src\layout\components\Sidebar\Logo.vue?vue&type=style&index=0&id=6494804b&lang=scss&scoped=true
<s> [webpack.Progress] 68% building 1056/1081 modules 25 active D:\Java_project\HYPBlog\blog-cms\node_modules\css-loader\dist\cjs.js??ref--8-oneOf-1-1!D:\Java_project\HYPBlog\blog-cms\node_modules\vue-loader\lib\loaders\stylePostLoader.js!D:\Java_project\HYPBlog\blog-cms\node_modules\postcss-loader\src\index.js??ref--8-oneOf-1-2!D:\Java_project\HYPBlog\blog-cms\node_modules\sass-loader\dist\cjs.js??ref--8-oneOf-1-3!D:\Java_project\HYPBlog\blog-cms\node_modules\cache-loader\dist\cjs.js??ref--0-0!D:\Java_project\HYPBlog\blog-cms\node_modules\vue-loader\lib\index.js??vue-loader-options!D:\Java_project\HYPBlog\blog-cms\src\layout\components\Sidebar\Logo.vue?vue&type=style&index=0&id=6494804b&lang=scss&scoped=true
<s> [webpack.Progress] 68% building 1057/1081 modules 24 active D:\Java_project\HYPBlog\blog-cms\node_modules\css-loader\dist\cjs.js??ref--8-oneOf-1-1!D:\Java_project\HYPBlog\blog-cms\node_modules\vue-loader\lib\loaders\stylePostLoader.js!D:\Java_project\HYPBlog\blog-cms\node_modules\postcss-loader\src\index.js??ref--8-oneOf-1-2!D:\Java_project\HYPBlog\blog-cms\node_modules\sass-loader\dist\cjs.js??ref--8-oneOf-1-3!D:\Java_project\HYPBlog\blog-cms\node_modules\cache-loader\dist\cjs.js??ref--0-0!D:\Java_project\HYPBlog\blog-cms\node_modules\vue-loader\lib\index.js??vue-loader-options!D:\Java_project\HYPBlog\blog-cms\src\layout\components\Sidebar\Logo.vue?vue&type=style&index=0&id=6494804b&lang=scss&scoped=true
<s> [webpack.Progress] 68% building 1058/1081 modules 23 active D:\Java_project\HYPBlog\blog-cms\node_modules\css-loader\dist\cjs.js??ref--8-oneOf-1-1!D:\Java_project\HYPBlog\blog-cms\node_modules\vue-loader\lib\loaders\stylePostLoader.js!D:\Java_project\HYPBlog\blog-cms\node_modules\postcss-loader\src\index.js??ref--8-oneOf-1-2!D:\Java_project\HYPBlog\blog-cms\node_modules\sass-loader\dist\cjs.js??ref--8-oneOf-1-3!D:\Java_project\HYPBlog\blog-cms\node_modules\cache-loader\dist\cjs.js??ref--0-0!D:\Java_project\HYPBlog\blog-cms\node_modules\vue-loader\lib\index.js??vue-loader-options!D:\Java_project\HYPBlog\blog-cms\src\layout\components\Sidebar\Logo.vue?vue&type=style&index=0&id=6494804b&lang=scss&scoped=true
<s> [webpack.Progress] 68% building 1059/1081 modules 22 active D:\Java_project\HYPBlog\blog-cms\node_modules\css-loader\dist\cjs.js??ref--8-oneOf-1-1!D:\Java_project\HYPBlog\blog-cms\node_modules\vue-loader\lib\loaders\stylePostLoader.js!D:\Java_project\HYPBlog\blog-cms\node_modules\postcss-loader\src\index.js??ref--8-oneOf-1-2!D:\Java_project\HYPBlog\blog-cms\node_modules\sass-loader\dist\cjs.js??ref--8-oneOf-1-3!D:\Java_project\HYPBlog\blog-cms\node_modules\cache-loader\dist\cjs.js??ref--0-0!D:\Java_project\HYPBlog\blog-cms\node_modules\vue-loader\lib\index.js??vue-loader-options!D:\Java_project\HYPBlog\blog-cms\src\layout\components\Sidebar\Logo.vue?vue&type=style&index=0&id=6494804b&lang=scss&scoped=true
<s> [webpack.Progress] 68% building 1059/1082 modules 23 active D:\Java_project\HYPBlog\blog-cms\node_modules\babel-runtime\node_modules\core-js\library\modules\_is-array.js
<s> [webpack.Progress] 68% building 1060/1082 modules 22 active D:\Java_project\HYPBlog\blog-cms\node_modules\babel-runtime\node_modules\core-js\library\modules\_is-array.js
<s> [webpack.Progress] 68% building 1060/1083 modules 23 active D:\Java_project\HYPBlog\blog-cms\node_modules\babel-runtime\node_modules\core-js\library\modules\_enum-keys.js
<s> [webpack.Progress] 68% building 1060/1084 modules 24 active D:\Java_project\HYPBlog\blog-cms\node_modules\zrender\lib\tool\transformPath.js
<s> [webpack.Progress] 68% building 1061/1084 modules 23 active D:\Java_project\HYPBlog\blog-cms\node_modules\zrender\lib\tool\transformPath.js
<s> [webpack.Progress] 68% building 1061/1085 modules 24 active D:\Java_project\HYPBlog\blog-cms\node_modules\zrender\lib\mixin\Animatable.js
<s> [webpack.Progress] 68% building 1061/1086 modules 25 active D:\Java_project\HYPBlog\blog-cms\node_modules\zrender\lib\contain\util.js
<s> [webpack.Progress] 68% building 1061/1087 modules 26 active D:\Java_project\HYPBlog\blog-cms\node_modules\zrender\lib\contain\arc.js
<s> [webpack.Progress] 68% building 1062/1087 modules 25 active D:\Java_project\HYPBlog\blog-cms\node_modules\zrender\lib\contain\arc.js
<s> [webpack.Progress] 68% building 1062/1088 modules 26 active D:\Java_project\HYPBlog\blog-cms\node_modules\zrender\lib\contain\quadratic.js
<s> [webpack.Progress] 68% building 1063/1088 modules 25 active D:\Java_project\HYPBlog\blog-cms\node_modules\zrender\lib\contain\quadratic.js
<s> [webpack.Progress] 68% building 1063/1089 modules 26 active D:\Java_project\HYPBlog\blog-cms\node_modules\zrender\lib\contain\cubic.js
<s> [webpack.Progress] 68% building 1063/1090 modules 27 active D:\Java_project\HYPBlog\blog-cms\node_modules\zrender\lib\contain\line.js
<s> [webpack.Progress] 68% building 1063/1091 modules 28 active D:\Java_project\HYPBlog\blog-cms\node_modules\babel-runtime\node_modules\core-js\library\modules\_meta.js
<s> [webpack.Progress] 68% building 1063/1092 modules 29 active D:\Java_project\HYPBlog\blog-cms\node_modules\echarts\lib\component\timeline\TimelineAxis.js
<s> [webpack.Progress] 68% building 1063/1093 modules 30 active D:\Java_project\HYPBlog\blog-cms\node_modules\echarts\lib\component\axisPointer\globalListener.js
<s> [webpack.Progress] 68% building 1063/1094 modules 31 active D:\Java_project\HYPBlog\blog-cms\node_modules\echarts\lib\component\timeline\TimelineView.js
<s> [webpack.Progress] 68% building 1063/1095 modules 32 active D:\Java_project\HYPBlog\blog-cms\node_modules\echarts\lib\component\axisPointer\findPointFromSeries.js
<s> [webpack.Progress] 68% building 1063/1096 modules 33 active D:\Java_project\HYPBlog\blog-cms\node_modules\zrender\lib\graphic\helper\poly.js
<s> [webpack.Progress] 68% building 1063/1097 modules 34 active D:\Java_project\HYPBlog\blog-cms\node_modules\zrender\lib\graphic\helper\fixClipWithShadow.js
<s> [webpack.Progress] 68% building 1063/1098 modules 35 active D:\Java_project\HYPBlog\blog-cms\node_modules\echarts\lib\component\tooltip\TooltipRichContent.js
<s> [webpack.Progress] 68% building 1063/1099 modules 36 active D:\Java_project\HYPBlog\blog-cms\node_modules\echarts\lib\component\tooltip\TooltipContent.js
<s> [webpack.Progress] 67% building 1063/1100 modules 37 active D:\Java_project\HYPBlog\blog-cms\node_modules\echarts\lib\coord\axisDefault.js
<s> [webpack.Progress] 67% building 1063/1101 modules 38 active D:\Java_project\HYPBlog\blog-cms\node_modules\math-intrinsics\round.js
<s> [webpack.Progress] 67% building 1063/1102 modules 39 active D:\Java_project\HYPBlog\blog-cms\node_modules\math-intrinsics\pow.js
<s> [webpack.Progress] 67% building 1063/1103 modules 40 active D:\Java_project\HYPBlog\blog-cms\node_modules\math-intrinsics\min.js
<s> [webpack.Progress] 67% building 1063/1104 modules 41 active D:\Java_project\HYPBlog\blog-cms\node_modules\math-intrinsics\max.js
<s> [webpack.Progress] 67% building 1063/1105 modules 42 active D:\Java_project\HYPBlog\blog-cms\node_modules\math-intrinsics\floor.js
<s> [webpack.Progress] 67% building 1063/1106 modules 43 active D:\Java_project\HYPBlog\blog-cms\node_modules\math-intrinsics\abs.js
<s> [webpack.Progress] 67% building 1063/1107 modules 44 active D:\Java_project\HYPBlog\blog-cms\node_modules\math-intrinsics\sign.js
<s> [webpack.Progress] 67% building 1064/1107 modules 43 active D:\Java_project\HYPBlog\blog-cms\node_modules\math-intrinsics\sign.js
<s> [webpack.Progress] 67% building 1064/1108 modules 44 active D:\Java_project\HYPBlog\blog-cms\node_modules\echarts\lib\chart\helper\createListFromArray.js
<s> [webpack.Progress] 67% building 1064/1109 modules 45 active D:\Java_project\HYPBlog\blog-cms\node_modules\babel-runtime\node_modules\core-js\library\modules\_object-keys-internal.js
<s> [webpack.Progress] 67% building 1064/1110 modules 46 active D:\Java_project\HYPBlog\blog-cms\node_modules\echarts\lib\chart\tree\layoutHelper.js
<s> [webpack.Progress] 67% building 1065/1110 modules 45 active D:\Java_project\HYPBlog\blog-cms\node_modules\echarts\lib\chart\tree\layoutHelper.js
<s> [webpack.Progress] 67% building 1066/1110 modules 44 active D:\Java_project\HYPBlog\blog-cms\node_modules\echarts\lib\chart\tree\layoutHelper.js
<s> [webpack.Progress] 67% building 1067/1110 modules 43 active D:\Java_project\HYPBlog\blog-cms\node_modules\echarts\lib\chart\tree\layoutHelper.js
<s> [webpack.Progress] 67% building 1067/1111 modules 44 active D:\Java_project\HYPBlog\blog-cms\node_modules\babel-runtime\node_modules\core-js\library\modules\_enum-bug-keys.js
<s> [webpack.Progress] 67% building 1068/1111 modules 43 active D:\Java_project\HYPBlog\blog-cms\node_modules\babel-runtime\node_modules\core-js\library\modules\_enum-bug-keys.js
<s> [webpack.Progress] 67% building 1069/1111 modules 42 active D:\Java_project\HYPBlog\blog-cms\node_modules\babel-runtime\node_modules\core-js\library\modules\_enum-bug-keys.js
<s> [webpack.Progress] 67% building 1069/1112 modules 43 active D:\Java_project\HYPBlog\blog-cms\node_modules\babel-runtime\node_modules\core-js\library\modules\_ie8-dom-define.js
<s> [webpack.Progress] 67% building 1069/1113 modules 44 active D:\Java_project\HYPBlog\blog-cms\node_modules\babel-runtime\node_modules\core-js\library\modules\_html.js
<s> [webpack.Progress] 67% building 1070/1113 modules 43 active D:\Java_project\HYPBlog\blog-cms\node_modules\babel-runtime\node_modules\core-js\library\modules\_html.js
<s> [webpack.Progress] 67% building 1070/1114 modules 44 active D:\Java_project\HYPBlog\blog-cms\node_modules\zrender\lib\core\fourPointsTransform.js
<s> [webpack.Progress] 67% building 1071/1114 modules 43 active D:\Java_project\HYPBlog\blog-cms\node_modules\zrender\lib\core\fourPointsTransform.js
<s> [webpack.Progress] 67% building 1071/1115 modules 44 active D:\Java_project\HYPBlog\blog-cms\node_modules\babel-runtime\node_modules\core-js\library\modules\_dom-create.js
<s> [webpack.Progress] 67% building 1072/1115 modules 43 active D:\Java_project\HYPBlog\blog-cms\node_modules\babel-runtime\node_modules\core-js\library\modules\_dom-create.js
<s> [webpack.Progress] 67% building 1073/1115 modules 42 active D:\Java_project\HYPBlog\blog-cms\node_modules\babel-runtime\node_modules\core-js\library\modules\_dom-create.js
<s> [webpack.Progress] 67% building 1074/1115 modules 41 active D:\Java_project\HYPBlog\blog-cms\node_modules\babel-runtime\node_modules\core-js\library\modules\_dom-create.js
<s> [webpack.Progress] 67% building 1075/1115 modules 40 active D:\Java_project\HYPBlog\blog-cms\node_modules\babel-runtime\node_modules\core-js\library\modules\_dom-create.js
<s> [webpack.Progress] 67% building 1076/1115 modules 39 active D:\Java_project\HYPBlog\blog-cms\node_modules\babel-runtime\node_modules\core-js\library\modules\_dom-create.js
<s> [webpack.Progress] 67% building 1077/1115 modules 38 active D:\Java_project\HYPBlog\blog-cms\node_modules\babel-runtime\node_modules\core-js\library\modules\_dom-create.js
<s> [webpack.Progress] 67% building 1077/1116 modules 39 active D:\Java_project\HYPBlog\blog-cms\node_modules\babel-runtime\node_modules\core-js\library\modules\_shared-key.js
<s> [webpack.Progress] 67% building 1078/1116 modules 38 active D:\Java_project\HYPBlog\blog-cms\node_modules\babel-runtime\node_modules\core-js\library\modules\_shared-key.js
<s> [webpack.Progress] 68% building 1079/1116 modules 37 active D:\Java_project\HYPBlog\blog-cms\node_modules\babel-runtime\node_modules\core-js\library\modules\_shared-key.js
<s> [webpack.Progress] 67% building 1079/1117 modules 38 active D:\Java_project\HYPBlog\blog-cms\node_modules\babel-runtime\node_modules\core-js\library\modules\_object-dps.js
<s> [webpack.Progress] 67% building 1079/1118 modules 39 active D:\Java_project\HYPBlog\blog-cms\node_modules\zrender\lib\Painter.js
<s> [webpack.Progress] 67% building 1079/1119 modules 40 active D:\Java_project\HYPBlog\blog-cms\node_modules\zrender\lib\Storage.js
<s> [webpack.Progress] 67% building 1079/1120 modules 41 active D:\Java_project\HYPBlog\blog-cms\node_modules\zrender\lib\Handler.js
<s> [webpack.Progress] 67% building 1080/1120 modules 40 active D:\Java_project\HYPBlog\blog-cms\node_modules\zrender\lib\Handler.js
<s> [webpack.Progress] 67% building 1080/1121 modules 41 active D:\Java_project\HYPBlog\blog-cms\node_modules\axios\lib\helpers\normalizeHeaderName.js
<s> [webpack.Progress] 67% building 1081/1121 modules 40 active D:\Java_project\HYPBlog\blog-cms\node_modules\axios\lib\helpers\normalizeHeaderName.js
<s> [webpack.Progress] 67% building 1082/1121 modules 39 active D:\Java_project\HYPBlog\blog-cms\node_modules\axios\lib\helpers\normalizeHeaderName.js
<s> [webpack.Progress] 67% building 1083/1121 modules 38 active D:\Java_project\HYPBlog\blog-cms\node_modules\axios\lib\helpers\normalizeHeaderName.js
<s> [webpack.Progress] 67% building 1083/1122 modules 39 active D:\Java_project\HYPBlog\blog-cms\node_modules\echarts\lib\component\visualMap\visualEncoding.js
<s> [webpack.Progress] 67% building 1083/1123 modules 40 active D:\Java_project\HYPBlog\blog-cms\node_modules\echarts\lib\coord\single\singleAxisHelper.js
<s> [webpack.Progress] 67% building 1084/1123 modules 39 active D:\Java_project\HYPBlog\blog-cms\node_modules\echarts\lib\coord\single\singleAxisHelper.js
<s> [webpack.Progress] 67% building 1085/1123 modules 38 active D:\Java_project\HYPBlog\blog-cms\node_modules\echarts\lib\coord\single\singleAxisHelper.js
<s> [webpack.Progress] 68% building 1086/1123 modules 37 active D:\Java_project\HYPBlog\blog-cms\node_modules\echarts\lib\coord\single\singleAxisHelper.js
<s> [webpack.Progress] 67% building 1086/1124 modules 38 active D:\Java_project\HYPBlog\blog-cms\node_modules\zrender\lib\animation\easing.js
<s> [webpack.Progress] 67% building 1086/1125 modules 39 active D:\Java_project\HYPBlog\blog-cms\node_modules\babel-runtime\node_modules\core-js\library\modules\_a-function.js
<s> [webpack.Progress] 67% building 1086/1126 modules 40 active D:\Java_project\HYPBlog\blog-cms\node_modules\echarts\lib\component\visualMap\typeDefaulter.js
<s> [webpack.Progress] 67% building 1086/1127 modules 41 active D:\Java_project\HYPBlog\blog-cms\node_modules\echarts\lib\component\timeline\SliderTimelineModel.js
<s> [webpack.Progress] 67% building 1086/1128 modules 42 active D:\Java_project\HYPBlog\blog-cms\node_modules\echarts\lib\component\timeline\timelineAction.js
<s> [webpack.Progress] 67% building 1086/1129 modules 43 active D:\Java_project\HYPBlog\blog-cms\node_modules\echarts\lib\component\visualMap\preprocessor.js
<s> [webpack.Progress] 67% building 1086/1130 modules 44 active D:\Java_project\HYPBlog\blog-cms\node_modules\echarts\lib\component\timeline\typeDefaulter.js
<s> [webpack.Progress] 67% building 1087/1130 modules 43 active D:\Java_project\HYPBlog\blog-cms\node_modules\echarts\lib\component\timeline\typeDefaulter.js
<s> [webpack.Progress] 67% building 1087/1131 modules 44 active D:\Java_project\HYPBlog\blog-cms\node_modules\echarts\lib\component\timeline\preprocessor.js
<s> [webpack.Progress] 67% building 1087/1132 modules 45 active D:\Java_project\HYPBlog\blog-cms\node_modules\echarts\lib\coord\parallel\ParallelModel.js
<s> [webpack.Progress] 67% building 1088/1132 modules 44 active D:\Java_project\HYPBlog\blog-cms\node_modules\echarts\lib\coord\parallel\ParallelModel.js
<s> [webpack.Progress] 67% building 1089/1132 modules 43 active D:\Java_project\HYPBlog\blog-cms\node_modules\echarts\lib\coord\parallel\ParallelModel.js
<s> [webpack.Progress] 67% building 1090/1132 modules 42 active D:\Java_project\HYPBlog\blog-cms\node_modules\echarts\lib\coord\parallel\ParallelModel.js
<s> [webpack.Progress] 67% building 1091/1132 modules 41 active D:\Java_project\HYPBlog\blog-cms\node_modules\echarts\lib\coord\parallel\ParallelModel.js
<s> [webpack.Progress] 67% building 1092/1132 modules 40 active D:\Java_project\HYPBlog\blog-cms\node_modules\echarts\lib\coord\parallel\ParallelModel.js
<s> [webpack.Progress] 67% building 1093/1132 modules 39 active D:\Java_project\HYPBlog\blog-cms\node_modules\echarts\lib\coord\parallel\ParallelModel.js
<s> [webpack.Progress] 67% building 1094/1132 modules 38 active D:\Java_project\HYPBlog\blog-cms\node_modules\echarts\lib\coord\parallel\ParallelModel.js
<s> [webpack.Progress] 68% building 1095/1132 modules 37 active D:\Java_project\HYPBlog\blog-cms\node_modules\echarts\lib\coord\parallel\ParallelModel.js
<s> [webpack.Progress] 68% building 1096/1132 modules 36 active D:\Java_project\HYPBlog\blog-cms\node_modules\echarts\lib\coord\parallel\ParallelModel.js
<s> [webpack.Progress] 68% building 1097/1132 modules 35 active D:\Java_project\HYPBlog\blog-cms\node_modules\echarts\lib\coord\parallel\ParallelModel.js
<s> [webpack.Progress] 68% building 1098/1132 modules 34 active D:\Java_project\HYPBlog\blog-cms\node_modules\echarts\lib\coord\parallel\ParallelModel.js
<s> [webpack.Progress] 68% building 1098/1133 modules 35 active D:\Java_project\HYPBlog\blog-cms\node_modules\babel-runtime\node_modules\core-js\library\modules\_cof.js
<s> [webpack.Progress] 68% building 1099/1133 modules 34 active D:\Java_project\HYPBlog\blog-cms\node_modules\babel-runtime\node_modules\core-js\library\modules\_cof.js
<s> [webpack.Progress] 68% building 1099/1134 modules 35 active D:\Java_project\HYPBlog\blog-cms\node_modules\echarts\lib\coord\parallel\parallelPreprocessor.js
<s> [webpack.Progress] 68% building 1100/1134 modules 34 active D:\Java_project\HYPBlog\blog-cms\node_modules\echarts\lib\coord\parallel\parallelPreprocessor.js
<s> [webpack.Progress] 68% building 1101/1134 modules 33 active D:\Java_project\HYPBlog\blog-cms\node_modules\echarts\lib\coord\parallel\parallelPreprocessor.js
<s> [webpack.Progress] 68% building 1102/1134 modules 32 active D:\Java_project\HYPBlog\blog-cms\node_modules\echarts\lib\coord\parallel\parallelPreprocessor.js
<s> [webpack.Progress] 68% building 1103/1134 modules 31 active D:\Java_project\HYPBlog\blog-cms\node_modules\echarts\lib\coord\parallel\parallelPreprocessor.js
<s> [webpack.Progress] 68% building 1104/1134 modules 30 active D:\Java_project\HYPBlog\blog-cms\node_modules\echarts\lib\coord\parallel\parallelPreprocessor.js
<s> [webpack.Progress] 68% building 1105/1134 modules 29 active D:\Java_project\HYPBlog\blog-cms\node_modules\echarts\lib\coord\parallel\parallelPreprocessor.js
<s> [webpack.Progress] 68% building 1106/1134 modules 28 active D:\Java_project\HYPBlog\blog-cms\node_modules\echarts\lib\coord\parallel\parallelPreprocessor.js
<s> [webpack.Progress] 68% building 1106/1135 modules 29 active D:\Java_project\HYPBlog\blog-cms\node_modules\echarts\lib\coord\calendar\CalendarModel.js
<s> [webpack.Progress] 68% building 1106/1136 modules 30 active D:\Java_project\HYPBlog\blog-cms\node_modules\echarts\lib\component\axisPointer\AxisPointerView.js
<s> [webpack.Progress] 68% building 1107/1136 modules 29 active D:\Java_project\HYPBlog\blog-cms\node_modules\echarts\lib\component\axisPointer\AxisPointerView.js
<s> [webpack.Progress] 68% building 1108/1136 modules 28 active D:\Java_project\HYPBlog\blog-cms\node_modules\echarts\lib\component\axisPointer\AxisPointerView.js
<s> [webpack.Progress] 68% building 1109/1136 modules 27 active D:\Java_project\HYPBlog\blog-cms\node_modules\echarts\lib\component\axisPointer\AxisPointerView.js
<s> [webpack.Progress] 68% building 1110/1136 modules 26 active D:\Java_project\HYPBlog\blog-cms\node_modules\echarts\lib\component\axisPointer\AxisPointerView.js
<s> [webpack.Progress] 68% building 1110/1137 modules 27 active D:\Java_project\HYPBlog\blog-cms\node_modules\echarts\lib\component\axisPointer\AxisPointerModel.js
<s> [webpack.Progress] 68% building 1110/1138 modules 28 active D:\Java_project\HYPBlog\blog-cms\node_modules\echarts\lib\component\tooltip\TooltipModel.js
<s> [webpack.Progress] 68% building 1110/1139 modules 29 active D:\Java_project\HYPBlog\blog-cms\node_modules\echarts\lib\component\toolbox\feature\Restore.js
<s> [webpack.Progress] 68% building 1110/1140 modules 30 active D:\Java_project\HYPBlog\blog-cms\node_modules\echarts\lib\component\axisPointer\axisTrigger.js
<s> [webpack.Progress] 68% building 1110/1141 modules 31 active D:\Java_project\HYPBlog\blog-cms\node_modules\echarts\lib\component\toolbox\feature\DataZoom.js
<s> [webpack.Progress] 68% building 1110/1142 modules 32 active D:\Java_project\HYPBlog\blog-cms\node_modules\echarts\lib\component\toolbox\feature\DataView.js
<s> [webpack.Progress] 68% building 1110/1143 modules 33 active D:\Java_project\HYPBlog\blog-cms\node_modules\echarts\lib\component\toolbox\feature\MagicType.js
<s> [webpack.Progress] 68% building 1111/1143 modules 32 active D:\Java_project\HYPBlog\blog-cms\node_modules\echarts\lib\component\toolbox\feature\MagicType.js
<s> [webpack.Progress] 68% building 1111/1144 modules 33 active D:\Java_project\HYPBlog\blog-cms\node_modules\echarts\lib\component\calendar\CalendarView.js
<s> [webpack.Progress] 68% building 1112/1144 modules 32 active D:\Java_project\HYPBlog\blog-cms\node_modules\echarts\lib\component\calendar\CalendarView.js
<s> [webpack.Progress] 68% building 1113/1144 modules 31 active D:\Java_project\HYPBlog\blog-cms\node_modules\echarts\lib\component\calendar\CalendarView.js
<s> [webpack.Progress] 68% building 1113/1145 modules 32 active D:\Java_project\HYPBlog\blog-cms\node_modules\echarts\lib\component\toolbox\feature\SaveAsImage.js
<s> [webpack.Progress] 68% building 1114/1145 modules 31 active D:\Java_project\HYPBlog\blog-cms\node_modules\echarts\lib\component\toolbox\feature\SaveAsImage.js
<s> [webpack.Progress] 68% building 1114/1146 modules 32 active D:\Java_project\HYPBlog\blog-cms\node_modules\es-object-atoms\index.js
<s> [webpack.Progress] 68% building 1114/1147 modules 33 active D:\Java_project\HYPBlog\blog-cms\node_modules\echarts\lib\component\toolbox\ToolboxView.js
<s> [webpack.Progress] 68% building 1115/1147 modules 32 active D:\Java_project\HYPBlog\blog-cms\node_modules\echarts\lib\component\toolbox\ToolboxView.js
<s> [webpack.Progress] 68% building 1116/1147 modules 31 active D:\Java_project\HYPBlog\blog-cms\node_modules\echarts\lib\component\toolbox\ToolboxView.js
<s> [webpack.Progress] 68% building 1116/1148 modules 32 active D:\Java_project\HYPBlog\blog-cms\node_modules\hasown\index.js
<s> [webpack.Progress] 68% building 1117/1148 modules 31 active D:\Java_project\HYPBlog\blog-cms\node_modules\hasown\index.js
<s> [webpack.Progress] 68% building 1118/1148 modules 30 active D:\Java_project\HYPBlog\blog-cms\node_modules\hasown\index.js
<s> [webpack.Progress] 68% building 1119/1148 modules 29 active D:\Java_project\HYPBlog\blog-cms\node_modules\hasown\index.js
<s> [webpack.Progress] 68% building 1119/1149 modules 30 active D:\Java_project\HYPBlog\blog-cms\node_modules\es-errors\index.js
<s> [webpack.Progress] 68% building 1120/1149 modules 29 active D:\Java_project\HYPBlog\blog-cms\node_modules\es-errors\index.js
<s> [webpack.Progress] 68% building 1121/1149 modules 28 active D:\Java_project\HYPBlog\blog-cms\node_modules\es-errors\index.js
<s> [webpack.Progress] 68% building 1122/1149 modules 27 active D:\Java_project\HYPBlog\blog-cms\node_modules\es-errors\index.js
<s> [webpack.Progress] 68% building 1123/1149 modules 26 active D:\Java_project\HYPBlog\blog-cms\node_modules\es-errors\index.js
<s> [webpack.Progress] 68% building 1124/1149 modules 25 active D:\Java_project\HYPBlog\blog-cms\node_modules\es-errors\index.js
<s> [webpack.Progress] 68% building 1125/1149 modules 24 active D:\Java_project\HYPBlog\blog-cms\node_modules\es-errors\index.js
<s> [webpack.Progress] 68% building 1126/1149 modules 23 active D:\Java_project\HYPBlog\blog-cms\node_modules\es-errors\index.js
<s> [webpack.Progress] 68% building 1127/1149 modules 22 active D:\Java_project\HYPBlog\blog-cms\node_modules\es-errors\index.js
<s> [webpack.Progress] 68% building 1128/1149 modules 21 active D:\Java_project\HYPBlog\blog-cms\node_modules\es-errors\index.js
<s> [webpack.Progress] 68% building 1129/1149 modules 20 active D:\Java_project\HYPBlog\blog-cms\node_modules\es-errors\index.js
<s> [webpack.Progress] 69% building 1130/1149 modules 19 active D:\Java_project\HYPBlog\blog-cms\node_modules\es-errors\index.js
<s> [webpack.Progress] 69% building 1131/1149 modules 18 active D:\Java_project\HYPBlog\blog-cms\node_modules\es-errors\index.js
<s> [webpack.Progress] 69% building 1131/1150 modules 19 active D:\Java_project\HYPBlog\blog-cms\node_modules\echarts\lib\component\geo\GeoView.js
<s> [webpack.Progress] 68% building 1131/1151 modules 20 active D:\Java_project\HYPBlog\blog-cms\node_modules\echarts\lib\coord\geo\geoCreator.js
<s> [webpack.Progress] 68% building 1131/1152 modules 21 active D:\Java_project\HYPBlog\blog-cms\node_modules\echarts\lib\component\visualMap\ContinuousView.js
<s> [webpack.Progress] 68% building 1131/1153 modules 22 active D:\Java_project\HYPBlog\blog-cms\node_modules\echarts\lib\coord\geo\GeoModel.js
<s> [webpack.Progress] 68% building 1132/1153 modules 21 active D:\Java_project\HYPBlog\blog-cms\node_modules\echarts\lib\coord\geo\GeoModel.js
<s> [webpack.Progress] 68% building 1132/1154 modules 22 active D:\Java_project\HYPBlog\blog-cms\node_modules\get-proto\index.js
<s> [webpack.Progress] 68% building 1132/1155 modules 23 active D:\Java_project\HYPBlog\blog-cms\node_modules\echarts\lib\component\visualMap\ContinuousModel.js
<s> [webpack.Progress] 68% building 1133/1155 modules 22 active D:\Java_project\HYPBlog\blog-cms\node_modules\echarts\lib\component\visualMap\ContinuousModel.js
<s> [webpack.Progress] 68% building 1133/1156 modules 23 active D:\Java_project\HYPBlog\blog-cms\node_modules\echarts\lib\coord\single\AxisModel.js
<s> [webpack.Progress] 68% building 1133/1157 modules 24 active D:\Java_project\HYPBlog\blog-cms\node_modules\echarts\lib\component\axis\SingleAxisView.js
<s> [webpack.Progress] 68% building 1133/1158 modules 25 active D:\Java_project\HYPBlog\blog-cms\node_modules\echarts\lib\component\marker\MarkPointModel.js
<s> [webpack.Progress] 68% building 1133/1159 modules 26 active D:\Java_project\HYPBlog\blog-cms\node_modules\echarts\lib\coord\single\singleCreator.js
<s> [webpack.Progress] 68% building 1133/1160 modules 27 active D:\Java_project\HYPBlog\blog-cms\node_modules\echarts\lib\component\radiusAxis.js
<s> [webpack.Progress] 68% building 1133/1161 modules 28 active D:\Java_project\HYPBlog\blog-cms\node_modules\echarts\lib\component\angleAxis.js
<s> [webpack.Progress] 68% building 1134/1161 modules 27 active D:\Java_project\HYPBlog\blog-cms\node_modules\echarts\lib\component\angleAxis.js
<s> [webpack.Progress] 68% building 1135/1161 modules 26 active D:\Java_project\HYPBlog\blog-cms\node_modules\echarts\lib\component\angleAxis.js
<s> [webpack.Progress] 68% building 1135/1162 modules 27 active D:\Java_project\HYPBlog\blog-cms\node_modules\echarts\lib\layout\barPolar.js
<s> [webpack.Progress] 68% building 1135/1163 modules 28 active D:\Java_project\HYPBlog\blog-cms\node_modules\echarts\lib\coord\calendar\prepareCustom.js
<s> [webpack.Progress] 68% building 1135/1164 modules 29 active D:\Java_project\HYPBlog\blog-cms\node_modules\cache-loader\dist\cjs.js??ref--12-0!D:\Java_project\HYPBlog\blog-cms\node_modules\babel-loader\lib\index.js!D:\Java_project\HYPBlog\blog-cms\src\layout\components\Sidebar\FixiOSBug.js
<s> [webpack.Progress] 68% building 1135/1165 modules 30 active D:\Java_project\HYPBlog\blog-cms\node_modules\echarts\lib\coord\single\prepareCustom.js
<s> [webpack.Progress] 68% building 1136/1165 modules 29 active D:\Java_project\HYPBlog\blog-cms\node_modules\echarts\lib\coord\single\prepareCustom.js
<s> [webpack.Progress] 68% building 1137/1165 modules 28 active D:\Java_project\HYPBlog\blog-cms\node_modules\echarts\lib\coord\single\prepareCustom.js
<s> [webpack.Progress] 68% building 1138/1165 modules 27 active D:\Java_project\HYPBlog\blog-cms\node_modules\echarts\lib\coord\single\prepareCustom.js
<s> [webpack.Progress] 68% building 1139/1165 modules 26 active D:\Java_project\HYPBlog\blog-cms\node_modules\echarts\lib\coord\single\prepareCustom.js
<s> [webpack.Progress] 68% building 1140/1165 modules 25 active D:\Java_project\HYPBlog\blog-cms\node_modules\echarts\lib\coord\single\prepareCustom.js
<s> [webpack.Progress] 68% building 1141/1165 modules 24 active D:\Java_project\HYPBlog\blog-cms\node_modules\echarts\lib\coord\single\prepareCustom.js
<s> [webpack.Progress] 68% building 1141/1166 modules 25 active D:\Java_project\HYPBlog\blog-cms\node_modules\echarts\lib\coord\geo\prepareCustom.js
<s> [webpack.Progress] 68% building 1142/1166 modules 24 active D:\Java_project\HYPBlog\blog-cms\node_modules\echarts\lib\coord\geo\prepareCustom.js
<s> [webpack.Progress] 68% building 1142/1167 modules 25 active D:\Java_project\HYPBlog\blog-cms\node_modules\echarts\lib\coord\cartesian\prepareCustom.js
<s> [webpack.Progress] 68% building 1142/1168 modules 26 active D:\Java_project\HYPBlog\blog-cms\node_modules\echarts\lib\view\Chart.js
<s> [webpack.Progress] 68% building 1142/1169 modules 27 active D:\Java_project\HYPBlog\blog-cms\node_modules\echarts\lib\chart\helper\createClipPathFromCoordSys.js
<s> [webpack.Progress] 68% building 1142/1170 modules 28 active D:\Java_project\HYPBlog\blog-cms\node_modules\echarts\lib\visual\dataColor.js
<s> [webpack.Progress] 68% building 1143/1170 modules 27 active D:\Java_project\HYPBlog\blog-cms\node_modules\echarts\lib\visual\dataColor.js
<s> [webpack.Progress] 68% building 1144/1170 modules 26 active D:\Java_project\HYPBlog\blog-cms\node_modules\echarts\lib\visual\dataColor.js
<s> [webpack.Progress] 68% building 1145/1170 modules 25 active D:\Java_project\HYPBlog\blog-cms\node_modules\echarts\lib\visual\dataColor.js
<s> [webpack.Progress] 68% building 1145/1171 modules 26 active D:\Java_project\HYPBlog\blog-cms\node_modules\echarts\lib\chart\heatmap\HeatmapView.js
<s> [webpack.Progress] 68% building 1145/1172 modules 27 active D:\Java_project\HYPBlog\blog-cms\node_modules\function-bind\index.js
<s> [webpack.Progress] 68% building 1145/1173 modules 28 active D:\Java_project\HYPBlog\blog-cms\node_modules\has-symbols\index.js
<s> [webpack.Progress] 68% building 1146/1173 modules 27 active D:\Java_project\HYPBlog\blog-cms\node_modules\has-symbols\index.js
<s> [webpack.Progress] 68% building 1147/1173 modules 26 active D:\Java_project\HYPBlog\blog-cms\node_modules\has-symbols\index.js
<s> [webpack.Progress] 68% building 1147/1174 modules 27 active D:\Java_project\HYPBlog\blog-cms\node_modules\es-define-property\index.js
<s> [webpack.Progress] 68% building 1147/1175 modules 28 active D:\Java_project\HYPBlog\blog-cms\node_modules\gopd\index.js
<s> [webpack.Progress] 68% building 1148/1175 modules 27 active D:\Java_project\HYPBlog\blog-cms\node_modules\gopd\index.js
<s> [webpack.Progress] 68% building 1148/1176 modules 28 active D:\Java_project\HYPBlog\blog-cms\node_modules\echarts\lib\chart\sunburst\sunburstLayout.js
<s> [webpack.Progress] 68% building 1148/1177 modules 29 active D:\Java_project\HYPBlog\blog-cms\node_modules\echarts\lib\chart\sunburst\sunburstAction.js
<s> [webpack.Progress] 68% building 1148/1178 modules 30 active D:\Java_project\HYPBlog\blog-cms\node_modules\echarts\lib\chart\sunburst\SunburstView.js
<s> [webpack.Progress] 68% building 1148/1179 modules 31 active D:\Java_project\HYPBlog\blog-cms\node_modules\echarts\lib\chart\sunburst\SunburstSeries.js
<s> [webpack.Progress] 68% building 1148/1180 modules 32 active D:\Java_project\HYPBlog\blog-cms\node_modules\echarts\lib\chart\sankey\sankeyAction.js
<s> [webpack.Progress] 68% building 1148/1181 modules 33 active D:\Java_project\HYPBlog\blog-cms\node_modules\echarts\lib\chart\sankey\sankeyLayout.js
<s> [webpack.Progress] 68% building 1148/1182 modules 34 active D:\Java_project\HYPBlog\blog-cms\node_modules\echarts\lib\chart\sankey\SankeyView.js
<s> [webpack.Progress] 68% building 1148/1183 modules 35 active D:\Java_project\HYPBlog\blog-cms\node_modules\echarts\lib\chart\sankey\SankeySeries.js
<s> [webpack.Progress] 68% building 1148/1184 modules 36 active D:\Java_project\HYPBlog\blog-cms\node_modules\zrender\lib\graphic\helper\smoothSpline.js
<s> [webpack.Progress] 68% building 1148/1185 modules 37 active D:\Java_project\HYPBlog\blog-cms\node_modules\zrender\lib\graphic\helper\smoothBezier.js
<s> [webpack.Progress] 68% building 1148/1186 modules 38 active D:\Java_project\HYPBlog\blog-cms\node_modules\echarts\lib\visual\symbol.js
<s> [webpack.Progress] 68% building 1148/1187 modules 39 active D:\Java_project\HYPBlog\blog-cms\node_modules\echarts\lib\coord\polar\polarCreator.js
<s> [webpack.Progress] 67% building 1148/1188 modules 40 active D:\Java_project\HYPBlog\blog-cms\node_modules\echarts\lib\coord\polar\prepareCustom.js
<s> [webpack.Progress] 67% building 1148/1189 modules 41 active D:\Java_project\HYPBlog\blog-cms\node_modules\echarts\lib\chart\themeRiver\themeRiverVisual.js
<s> [webpack.Progress] 67% building 1148/1190 modules 42 active D:\Java_project\HYPBlog\blog-cms\node_modules\echarts\lib\chart\themeRiver\themeRiverLayout.js
<s> [webpack.Progress] 67% building 1148/1191 modules 43 active D:\Java_project\HYPBlog\blog-cms\node_modules\echarts\lib\chart\themeRiver\ThemeRiverView.js
<s> [webpack.Progress] 67% building 1148/1192 modules 44 active D:\Java_project\HYPBlog\blog-cms\node_modules\echarts\lib\chart\themeRiver\ThemeRiverSeries.js
<s> [webpack.Progress] 67% building 1148/1193 modules 45 active D:\Java_project\HYPBlog\blog-cms\node_modules\echarts\lib\chart\tree\treeAction.js
<s> [webpack.Progress] 67% building 1148/1194 modules 46 active D:\Java_project\HYPBlog\blog-cms\node_modules\echarts\lib\chart\lines\linesLayout.js
<s> [webpack.Progress] 67% building 1148/1195 modules 47 active D:\Java_project\HYPBlog\blog-cms\node_modules\echarts\lib\chart\lines\LinesView.js
<s> [webpack.Progress] 67% building 1148/1196 modules 48 active D:\Java_project\HYPBlog\blog-cms\node_modules\echarts\lib\chart\lines\LinesSeries.js
<s> [webpack.Progress] 67% building 1148/1197 modules 49 active D:\Java_project\HYPBlog\blog-cms\node_modules\echarts\lib\chart\tree\TreeView.js
<s> [webpack.Progress] 67% building 1148/1198 modules 50 active D:\Java_project\HYPBlog\blog-cms\node_modules\math-intrinsics\isNaN.js
<s> [webpack.Progress] 67% building 1149/1198 modules 49 active D:\Java_project\HYPBlog\blog-cms\node_modules\math-intrinsics\isNaN.js
<s> [webpack.Progress] 67% building 1150/1198 modules 48 active D:\Java_project\HYPBlog\blog-cms\node_modules\math-intrinsics\isNaN.js
<s> [webpack.Progress] 67% building 1150/1199 modules 49 active D:\Java_project\HYPBlog\blog-cms\node_modules\babel-runtime\node_modules\core-js\library\modules\_array-includes.js
<s> [webpack.Progress] 67% building 1150/1200 modules 50 active D:\Java_project\HYPBlog\blog-cms\node_modules\echarts\lib\chart\bar\PictorialBarView.js
<s> [webpack.Progress] 67% building 1150/1201 modules 51 active D:\Java_project\HYPBlog\blog-cms\node_modules\echarts\lib\chart\bar\PictorialBarSeries.js
<s> [webpack.Progress] 67% building 1150/1202 modules 52 active D:\Java_project\HYPBlog\blog-cms\node_modules\echarts\lib\chart\tree\TreeSeries.js
<s> [webpack.Progress] 67% building 1151/1202 modules 51 active D:\Java_project\HYPBlog\blog-cms\node_modules\echarts\lib\chart\tree\TreeSeries.js
<s> [webpack.Progress] 67% building 1152/1202 modules 50 active D:\Java_project\HYPBlog\blog-cms\node_modules\echarts\lib\chart\tree\TreeSeries.js
<s> [webpack.Progress] 67% building 1153/1202 modules 49 active D:\Java_project\HYPBlog\blog-cms\node_modules\echarts\lib\chart\tree\TreeSeries.js
<s> [webpack.Progress] 67% building 1153/1203 modules 50 active D:\Java_project\HYPBlog\blog-cms\node_modules\echarts\lib\model\referHelper.js
<s> [webpack.Progress] 67% building 1154/1203 modules 49 active D:\Java_project\HYPBlog\blog-cms\node_modules\echarts\lib\model\referHelper.js
<s> [webpack.Progress] 67% building 1155/1203 modules 48 active D:\Java_project\HYPBlog\blog-cms\node_modules\echarts\lib\model\referHelper.js
<s> [webpack.Progress] 67% building 1156/1203 modules 47 active D:\Java_project\HYPBlog\blog-cms\node_modules\echarts\lib\model\referHelper.js
<s> [webpack.Progress] 67% building 1157/1203 modules 46 active D:\Java_project\HYPBlog\blog-cms\node_modules\echarts\lib\model\referHelper.js
<s> [webpack.Progress] 67% building 1158/1203 modules 45 active D:\Java_project\HYPBlog\blog-cms\node_modules\echarts\lib\model\referHelper.js
<s> [webpack.Progress] 67% building 1159/1203 modules 44 active D:\Java_project\HYPBlog\blog-cms\node_modules\echarts\lib\model\referHelper.js
<s> [webpack.Progress] 67% building 1159/1204 modules 45 active D:\Java_project\HYPBlog\blog-cms\node_modules\echarts\lib\chart\gauge\GaugeView.js
<s> [webpack.Progress] 67% building 1160/1204 modules 44 active D:\Java_project\HYPBlog\blog-cms\node_modules\echarts\lib\chart\gauge\GaugeView.js
<s> [webpack.Progress] 67% building 1161/1204 modules 43 active D:\Java_project\HYPBlog\blog-cms\node_modules\echarts\lib\chart\gauge\GaugeView.js
<s> [webpack.Progress] 67% building 1162/1204 modules 42 active D:\Java_project\HYPBlog\blog-cms\node_modules\echarts\lib\chart\gauge\GaugeView.js
<s> [webpack.Progress] 67% building 1162/1205 modules 43 active D:\Java_project\HYPBlog\blog-cms\node_modules\cache-loader\dist\cjs.js??ref--0-0!D:\Java_project\HYPBlog\blog-cms\node_modules\vue-loader\lib\index.js??vue-loader-options!D:\Java_project\HYPBlog\blog-cms\src\layout\components\Sidebar\Link.vue
<s> [webpack.Progress] 67% building 1163/1205 modules 42 active D:\Java_project\HYPBlog\blog-cms\node_modules\cache-loader\dist\cjs.js??ref--0-0!D:\Java_project\HYPBlog\blog-cms\node_modules\vue-loader\lib\index.js??vue-loader-options!D:\Java_project\HYPBlog\blog-cms\src\layout\components\Sidebar\Link.vue
<s> [webpack.Progress] 67% building 1163/1206 modules 43 active D:\Java_project\HYPBlog\blog-cms\node_modules\cache-loader\dist\cjs.js??ref--0-0!D:\Java_project\HYPBlog\blog-cms\node_modules\vue-loader\lib\index.js??vue-loader-options!D:\Java_project\HYPBlog\blog-cms\src\layout\components\Sidebar\Item.vue
<s> [webpack.Progress] 67% building 1164/1206 modules 42 active D:\Java_project\HYPBlog\blog-cms\node_modules\cache-loader\dist\cjs.js??ref--0-0!D:\Java_project\HYPBlog\blog-cms\node_modules\vue-loader\lib\index.js??vue-loader-options!D:\Java_project\HYPBlog\blog-cms\src\layout\components\Sidebar\Item.vue
<s> [webpack.Progress] 67% building 1164/1207 modules 43 active D:\Java_project\HYPBlog\blog-cms\node_modules\zrender\lib\Layer.js
<s> [webpack.Progress] 67% building 1164/1208 modules 44 active D:\Java_project\HYPBlog\blog-cms\node_modules\zrender\lib\core\timsort.js
<s> [webpack.Progress] 67% building 1164/1209 modules 45 active D:\Java_project\HYPBlog\blog-cms\node_modules\zrender\lib\core\GestureMgr.js
<s> [webpack.Progress] 67% building 1164/1210 modules 46 active D:\Java_project\HYPBlog\blog-cms\node_modules\zrender\lib\mixin\Draggable.js
<s> [webpack.Progress] 67% building 1165/1210 modules 45 active D:\Java_project\HYPBlog\blog-cms\node_modules\zrender\lib\mixin\Draggable.js
<s> [webpack.Progress] 67% building 1166/1210 modules 44 active D:\Java_project\HYPBlog\blog-cms\node_modules\zrender\lib\mixin\Draggable.js
<s> [webpack.Progress] 67% building 1166/1211 modules 45 active D:\Java_project\HYPBlog\blog-cms\node_modules\echarts\lib\chart\effectScatter\EffectScatterView.js
<s> [webpack.Progress] 67% building 1166/1212 modules 46 active D:\Java_project\HYPBlog\blog-cms\node_modules\echarts\lib\chart\effectScatter\EffectScatterSeries.js
<s> [webpack.Progress] 67% building 1167/1212 modules 45 active D:\Java_project\HYPBlog\blog-cms\node_modules\echarts\lib\chart\effectScatter\EffectScatterSeries.js
<s> [webpack.Progress] 67% building 1168/1212 modules 44 active D:\Java_project\HYPBlog\blog-cms\node_modules\echarts\lib\chart\effectScatter\EffectScatterSeries.js
<s> [webpack.Progress] 67% building 1169/1212 modules 43 active D:\Java_project\HYPBlog\blog-cms\node_modules\echarts\lib\chart\effectScatter\EffectScatterSeries.js
<s> [webpack.Progress] 67% building 1169/1213 modules 44 active D:\Java_project\HYPBlog\blog-cms\node_modules\echarts\lib\chart\boxplot\boxplotVisual.js
<s> [webpack.Progress] 67% building 1169/1214 modules 45 active D:\Java_project\HYPBlog\blog-cms\node_modules\echarts\lib\chart\funnel\funnelLayout.js
<s> [webpack.Progress] 67% building 1169/1215 modules 46 active D:\Java_project\HYPBlog\blog-cms\node_modules\echarts\lib\chart\funnel\FunnelView.js
<s> [webpack.Progress] 67% building 1169/1216 modules 47 active D:\Java_project\HYPBlog\blog-cms\node_modules\echarts\lib\chart\funnel\FunnelSeries.js
<s> [webpack.Progress] 67% building 1169/1217 modules 48 active D:\Java_project\HYPBlog\blog-cms\node_modules\echarts\lib\chart\boxplot\BoxplotView.js
<s> [webpack.Progress] 67% building 1169/1218 modules 49 active D:\Java_project\HYPBlog\blog-cms\node_modules\echarts\lib\chart\boxplot\BoxplotSeries.js
<s> [webpack.Progress] 67% building 1169/1219 modules 50 active D:\Java_project\HYPBlog\blog-cms\node_modules\echarts\lib\chart\graph\forceLayout.js
<s> [webpack.Progress] 67% building 1169/1220 modules 51 active D:\Java_project\HYPBlog\blog-cms\node_modules\echarts\lib\component\timeline\TimelineModel.js
<s> [webpack.Progress] 67% building 1169/1221 modules 52 active D:\Java_project\HYPBlog\blog-cms\node_modules\echarts\lib\chart\graph\simpleLayout.js
<s> [webpack.Progress] 67% building 1169/1222 modules 53 active D:\Java_project\HYPBlog\blog-cms\node_modules\echarts\lib\chart\graph\circularLayout.js
<s> [webpack.Progress] 67% building 1170/1222 modules 52 active D:\Java_project\HYPBlog\blog-cms\node_modules\echarts\lib\chart\graph\circularLayout.js
<s> [webpack.Progress] 67% building 1171/1222 modules 51 active D:\Java_project\HYPBlog\blog-cms\node_modules\echarts\lib\chart\graph\circularLayout.js
<s> [webpack.Progress] 67% building 1171/1223 modules 52 active D:\Java_project\HYPBlog\blog-cms\node_modules\echarts\lib\chart\graph\edgeVisual.js
<s> [webpack.Progress] 67% building 1172/1223 modules 51 active D:\Java_project\HYPBlog\blog-cms\node_modules\echarts\lib\chart\graph\edgeVisual.js
<s> [webpack.Progress] 67% building 1172/1224 modules 52 active D:\Java_project\HYPBlog\blog-cms\node_modules\echarts\lib\coord\parallel\AxisModel.js
<s> [webpack.Progress] 67% building 1173/1224 modules 51 active D:\Java_project\HYPBlog\blog-cms\node_modules\echarts\lib\coord\parallel\AxisModel.js
<s> [webpack.Progress] 67% building 1174/1224 modules 50 active D:\Java_project\HYPBlog\blog-cms\node_modules\echarts\lib\coord\parallel\AxisModel.js
<s> [webpack.Progress] 67% building 1175/1224 modules 49 active D:\Java_project\HYPBlog\blog-cms\node_modules\echarts\lib\coord\parallel\AxisModel.js
<s> [webpack.Progress] 67% building 1176/1224 modules 48 active D:\Java_project\HYPBlog\blog-cms\node_modules\echarts\lib\coord\parallel\AxisModel.js
<s> [webpack.Progress] 67% building 1177/1224 modules 47 active D:\Java_project\HYPBlog\blog-cms\node_modules\echarts\lib\coord\parallel\AxisModel.js
<s> [webpack.Progress] 67% building 1178/1224 modules 46 active D:\Java_project\HYPBlog\blog-cms\node_modules\echarts\lib\coord\parallel\AxisModel.js
<s> [webpack.Progress] 67% building 1179/1224 modules 45 active D:\Java_project\HYPBlog\blog-cms\node_modules\echarts\lib\coord\parallel\AxisModel.js
<s> [webpack.Progress] 67% building 1180/1224 modules 44 active D:\Java_project\HYPBlog\blog-cms\node_modules\echarts\lib\coord\parallel\AxisModel.js
<s> [webpack.Progress] 67% building 1181/1224 modules 43 active D:\Java_project\HYPBlog\blog-cms\node_modules\echarts\lib\coord\parallel\AxisModel.js
<s> [webpack.Progress] 67% building 1182/1224 modules 42 active D:\Java_project\HYPBlog\blog-cms\node_modules\echarts\lib\coord\parallel\AxisModel.js
<s> [webpack.Progress] 67% building 1183/1224 modules 41 active D:\Java_project\HYPBlog\blog-cms\node_modules\echarts\lib\coord\parallel\AxisModel.js
<s> [webpack.Progress] 67% building 1183/1225 modules 42 active D:\Java_project\HYPBlog\blog-cms\node_modules\echarts\lib\chart\graph\categoryVisual.js
<s> [webpack.Progress] 67% building 1184/1225 modules 41 active D:\Java_project\HYPBlog\blog-cms\node_modules\echarts\lib\chart\graph\categoryVisual.js
<s> [webpack.Progress] 68% building 1185/1225 modules 40 active D:\Java_project\HYPBlog\blog-cms\node_modules\echarts\lib\chart\graph\categoryVisual.js
<s> [webpack.Progress] 68% building 1186/1225 modules 39 active D:\Java_project\HYPBlog\blog-cms\node_modules\echarts\lib\chart\graph\categoryVisual.js
<s> [webpack.Progress] 68% building 1187/1225 modules 38 active D:\Java_project\HYPBlog\blog-cms\node_modules\echarts\lib\chart\graph\categoryVisual.js
<s> [webpack.Progress] 68% building 1187/1226 modules 39 active D:\Java_project\HYPBlog\blog-cms\node_modules\echarts\lib\chart\graph\categoryFilter.js
<s> [webpack.Progress] 68% building 1188/1226 modules 38 active D:\Java_project\HYPBlog\blog-cms\node_modules\echarts\lib\chart\graph\categoryFilter.js
<s> [webpack.Progress] 68% building 1189/1226 modules 37 active D:\Java_project\HYPBlog\blog-cms\node_modules\echarts\lib\chart\graph\categoryFilter.js
<s> [webpack.Progress] 68% building 1190/1226 modules 36 active D:\Java_project\HYPBlog\blog-cms\node_modules\echarts\lib\chart\graph\categoryFilter.js
<s> [webpack.Progress] 68% building 1191/1226 modules 35 active D:\Java_project\HYPBlog\blog-cms\node_modules\echarts\lib\chart\graph\categoryFilter.js
<s> [webpack.Progress] 68% building 1192/1226 modules 34 active D:\Java_project\HYPBlog\blog-cms\node_modules\echarts\lib\chart\graph\categoryFilter.js
<s> [webpack.Progress] 68% building 1193/1226 modules 33 active D:\Java_project\HYPBlog\blog-cms\node_modules\echarts\lib\chart\graph\categoryFilter.js
<s> [webpack.Progress] 68% building 1194/1226 modules 32 active D:\Java_project\HYPBlog\blog-cms\node_modules\echarts\lib\chart\graph\categoryFilter.js
<s> [webpack.Progress] 68% building 1195/1226 modules 31 active D:\Java_project\HYPBlog\blog-cms\node_modules\echarts\lib\chart\graph\categoryFilter.js
<s> [webpack.Progress] 68% building 1196/1226 modules 30 active D:\Java_project\HYPBlog\blog-cms\node_modules\echarts\lib\chart\graph\categoryFilter.js
<s> [webpack.Progress] 68% building 1197/1226 modules 29 active D:\Java_project\HYPBlog\blog-cms\node_modules\echarts\lib\chart\graph\categoryFilter.js
<s> [webpack.Progress] 68% building 1197/1227 modules 30 active D:\Java_project\HYPBlog\blog-cms\node_modules\echarts\lib\chart\graph\graphAction.js
<s> [webpack.Progress] 68% building 1197/1228 modules 31 active D:\Java_project\HYPBlog\blog-cms\node_modules\echarts\lib\chart\graph\GraphView.js
<s> [webpack.Progress] 68% building 1198/1228 modules 30 active D:\Java_project\HYPBlog\blog-cms\node_modules\echarts\lib\chart\graph\GraphView.js
<s> [webpack.Progress] 68% building 1199/1228 modules 29 active D:\Java_project\HYPBlog\blog-cms\node_modules\echarts\lib\chart\graph\GraphView.js
<s> [webpack.Progress] 68% building 1200/1228 modules 28 active D:\Java_project\HYPBlog\blog-cms\node_modules\echarts\lib\chart\graph\GraphView.js
<s> [webpack.Progress] 68% building 1201/1228 modules 27 active D:\Java_project\HYPBlog\blog-cms\node_modules\echarts\lib\chart\graph\GraphView.js
<s> [webpack.Progress] 68% building 1202/1228 modules 26 active D:\Java_project\HYPBlog\blog-cms\node_modules\echarts\lib\chart\graph\GraphView.js
<s> [webpack.Progress] 68% building 1202/1229 modules 27 active D:\Java_project\HYPBlog\blog-cms\node_modules\echarts\lib\chart\graph\GraphSeries.js
<s> [webpack.Progress] 68% building 1202/1230 modules 28 active D:\Java_project\HYPBlog\blog-cms\node_modules\echarts\lib\component\dataZoom\history.js
<s> [webpack.Progress] 68% building 1202/1231 modules 29 active D:\Java_project\HYPBlog\blog-cms\node_modules\echarts\lib\chart\candlestick\preprocessor.js
<s> [webpack.Progress] 68% building 1202/1232 modules 30 active D:\Java_project\HYPBlog\blog-cms\node_modules\echarts\lib\chart\candlestick\candlestickVisual.js
<s> [webpack.Progress] 68% building 1202/1233 modules 31 active D:\Java_project\HYPBlog\blog-cms\node_modules\echarts\lib\component\dataZoomSelect.js
<s> [webpack.Progress] 68% building 1202/1234 modules 32 active D:\Java_project\HYPBlog\blog-cms\node_modules\echarts\lib\chart\candlestick\CandlestickView.js
<s> [webpack.Progress] 68% building 1202/1235 modules 33 active D:\Java_project\HYPBlog\blog-cms\node_modules\echarts\lib\chart\candlestick\CandlestickSeries.js
<s> [webpack.Progress] 68% building 1203/1235 modules 32 active D:\Java_project\HYPBlog\blog-cms\node_modules\echarts\lib\chart\candlestick\CandlestickSeries.js
<s> [webpack.Progress] 68% building 1203/1236 modules 33 active D:\Java_project\HYPBlog\blog-cms\node_modules\echarts\lib\chart\parallel\ParallelView.js
<s> [webpack.Progress] 68% building 1203/1237 modules 34 active D:\Java_project\HYPBlog\blog-cms\node_modules\echarts\lib\chart\parallel\ParallelSeries.js
<s> [webpack.Progress] 68% building 1204/1237 modules 33 active D:\Java_project\HYPBlog\blog-cms\node_modules\echarts\lib\chart\parallel\ParallelSeries.js
<s> [webpack.Progress] 68% building 1205/1237 modules 32 active D:\Java_project\HYPBlog\blog-cms\node_modules\echarts\lib\chart\parallel\ParallelSeries.js
<s> [webpack.Progress] 68% building 1205/1238 modules 33 active D:\Java_project\HYPBlog\blog-cms\node_modules\echarts\lib\chart\radar\radarLayout.js
<s> [webpack.Progress] 68% building 1205/1239 modules 34 active D:\Java_project\HYPBlog\blog-cms\node_modules\call-bound\index.js
<s> [webpack.Progress] 68% building 1206/1239 modules 33 active D:\Java_project\HYPBlog\blog-cms\node_modules\call-bound\index.js
<s> [webpack.Progress] 68% building 1207/1239 modules 32 active D:\Java_project\HYPBlog\blog-cms\node_modules\call-bound\index.js
<s> [webpack.Progress] 68% building 1208/1239 modules 31 active D:\Java_project\HYPBlog\blog-cms\node_modules\call-bound\index.js
<s> [webpack.Progress] 68% building 1209/1239 modules 30 active D:\Java_project\HYPBlog\blog-cms\node_modules\call-bound\index.js
<s> [webpack.Progress] 68% building 1210/1239 modules 29 active D:\Java_project\HYPBlog\blog-cms\node_modules\call-bound\index.js
<s> [webpack.Progress] 68% building 1211/1239 modules 28 active D:\Java_project\HYPBlog\blog-cms\node_modules\call-bound\index.js
<s> [webpack.Progress] 68% building 1211/1240 modules 29 active D:\Java_project\HYPBlog\blog-cms\node_modules\echarts\lib\chart\radar\RadarView.js
<s> [webpack.Progress] 68% building 1211/1241 modules 30 active D:\Java_project\HYPBlog\blog-cms\node_modules\echarts\lib\component\radar.js
<s> [webpack.Progress] 68% building 1211/1242 modules 31 active D:\Java_project\HYPBlog\blog-cms\node_modules\echarts\lib\chart\radar\RadarSeries.js
<s> [webpack.Progress] 68% building 1212/1242 modules 30 active D:\Java_project\HYPBlog\blog-cms\node_modules\echarts\lib\chart\radar\RadarSeries.js
<s> [webpack.Progress] 68% building 1213/1242 modules 29 active D:\Java_project\HYPBlog\blog-cms\node_modules\echarts\lib\chart\radar\RadarSeries.js
<s> [webpack.Progress] 68% building 1214/1242 modules 28 active D:\Java_project\HYPBlog\blog-cms\node_modules\echarts\lib\chart\radar\RadarSeries.js
<s> [webpack.Progress] 68% building 1215/1242 modules 27 active D:\Java_project\HYPBlog\blog-cms\node_modules\echarts\lib\chart\radar\RadarSeries.js
<s> [webpack.Progress] 68% building 1216/1242 modules 26 active D:\Java_project\HYPBlog\blog-cms\node_modules\echarts\lib\chart\radar\RadarSeries.js
<s> [webpack.Progress] 68% building 1217/1242 modules 25 active D:\Java_project\HYPBlog\blog-cms\node_modules\echarts\lib\chart\radar\RadarSeries.js
<s> [webpack.Progress] 68% building 1218/1242 modules 24 active D:\Java_project\HYPBlog\blog-cms\node_modules\echarts\lib\chart\radar\RadarSeries.js
<s> [webpack.Progress] 68% building 1219/1242 modules 23 active D:\Java_project\HYPBlog\blog-cms\node_modules\echarts\lib\chart\radar\RadarSeries.js
<s> [webpack.Progress] 68% building 1220/1242 modules 22 active D:\Java_project\HYPBlog\blog-cms\node_modules\echarts\lib\chart\radar\RadarSeries.js
<s> [webpack.Progress] 68% building 1221/1242 modules 21 active D:\Java_project\HYPBlog\blog-cms\node_modules\echarts\lib\chart\radar\RadarSeries.js
<s> [webpack.Progress] 68% building 1221/1243 modules 22 active D:\Java_project\HYPBlog\blog-cms\node_modules\vue-loader\lib\loaders\pitcher.js??ref--4!D:\Java_project\HYPBlog\blog-cms\node_modules\cache-loader\dist\cjs.js??ref--0-0!D:\Java_project\HYPBlog\blog-cms\node_modules\vue-loader\lib\index.js??vue-loader-options!D:\Java_project\HYPBlog\blog-cms\src\layout\components\Sidebar\Link.vue?vue&type=template&id=32e8ab1a
<s> [webpack.Progress] 68% building 1222/1243 modules 21 active D:\Java_project\HYPBlog\blog-cms\node_modules\echarts\lib\chart\radar\RadarSeries.js
<s> [webpack.Progress] 68% building 1222/1244 modules 22 active D:\Java_project\HYPBlog\blog-cms\node_modules\vue-loader\lib\loaders\pitcher.js??ref--4!D:\Java_project\HYPBlog\blog-cms\node_modules\cache-loader\dist\cjs.js??ref--12-0!D:\Java_project\HYPBlog\blog-cms\node_modules\babel-loader\lib\index.js!D:\Java_project\HYPBlog\blog-cms\node_modules\cache-loader\dist\cjs.js??ref--0-0!D:\Java_project\HYPBlog\blog-cms\node_modules\vue-loader\lib\index.js??vue-loader-options!D:\Java_project\HYPBlog\blog-cms\src\layout\components\Sidebar\Link.vue?vue&type=script&lang=js
<s> [webpack.Progress] 68% building 1223/1244 modules 21 active D:\Java_project\HYPBlog\blog-cms\node_modules\echarts\lib\chart\radar\RadarSeries.js
<s> [webpack.Progress] 68% building 1223/1245 modules 22 active D:\Java_project\HYPBlog\blog-cms\node_modules\cache-loader\dist\cjs.js??ref--12-0!D:\Java_project\HYPBlog\blog-cms\node_modules\babel-loader\lib\index.js!D:\Java_project\HYPBlog\blog-cms\node_modules\cache-loader\dist\cjs.js??ref--0-0!D:\Java_project\HYPBlog\blog-cms\node_modules\vue-loader\lib\index.js??vue-loader-options!D:\Java_project\HYPBlog\blog-cms\src\layout\components\Sidebar\Link.vue?vue&type=script&lang=js
<s> [webpack.Progress] 68% building 1223/1246 modules 23 active D:\Java_project\HYPBlog\blog-cms\node_modules\cache-loader\dist\cjs.js?{"cacheDirectory":"node_modules/.cache/vue-loader","cacheIdentifier":"b828289e-vue-loader-template"}!D:\Java_project\HYPBlog\blog-cms\node_modules\vue-loader\lib\loaders\templateLoader.js??vue-loader-options!D:\Java_project\HYPBlog\blog-cms\node_modules\cache-loader\dist\cjs.js??ref--0-0!D:\Java_project\HYPBlog\blog-cms\node_modules\vue-loader\lib\index.js??vue-loader-options!D:\Java_project\HYPBlog\blog-cms\src\layout\components\Sidebar\Link.vue?vue&type=template&id=32e8ab1a
<s> [webpack.Progress] 68% building 1223/1247 modules 24 active D:\Java_project\HYPBlog\blog-cms\node_modules\vue-loader\lib\loaders\pitcher.js??ref--4!D:\Java_project\HYPBlog\blog-cms\node_modules\cache-loader\dist\cjs.js??ref--12-0!D:\Java_project\HYPBlog\blog-cms\node_modules\babel-loader\lib\index.js!D:\Java_project\HYPBlog\blog-cms\node_modules\cache-loader\dist\cjs.js??ref--0-0!D:\Java_project\HYPBlog\blog-cms\node_modules\vue-loader\lib\index.js??vue-loader-options!D:\Java_project\HYPBlog\blog-cms\src\layout\components\Sidebar\Item.vue?vue&type=script&lang=js
<s> [webpack.Progress] 68% building 1224/1247 modules 23 active D:\Java_project\HYPBlog\blog-cms\node_modules\cache-loader\dist\cjs.js?{"cacheDirectory":"node_modules/.cache/vue-loader","cacheIdentifier":"b828289e-vue-loader-template"}!D:\Java_project\HYPBlog\blog-cms\node_modules\vue-loader\lib\loaders\templateLoader.js??vue-loader-options!D:\Java_project\HYPBlog\blog-cms\node_modules\cache-loader\dist\cjs.js??ref--0-0!D:\Java_project\HYPBlog\blog-cms\node_modules\vue-loader\lib\index.js??vue-loader-options!D:\Java_project\HYPBlog\blog-cms\src\layout\components\Sidebar\Link.vue?vue&type=template&id=32e8ab1a
<s> [webpack.Progress] 68% building 1224/1248 modules 24 active D:\Java_project\HYPBlog\blog-cms\node_modules\vue-loader\lib\loaders\pitcher.js??ref--4!D:\Java_project\HYPBlog\blog-cms\node_modules\vue-style-loader\index.js??ref--6-oneOf-1-0!D:\Java_project\HYPBlog\blog-cms\node_modules\css-loader\dist\cjs.js??ref--6-oneOf-1-1!D:\Java_project\HYPBlog\blog-cms\node_modules\postcss-loader\src\index.js??ref--6-oneOf-1-2!D:\Java_project\HYPBlog\blog-cms\node_modules\cache-loader\dist\cjs.js??ref--0-0!D:\Java_project\HYPBlog\blog-cms\node_modules\vue-loader\lib\index.js??vue-loader-options!D:\Java_project\HYPBlog\blog-cms\src\layout\components\Sidebar\Item.vue?vue&type=style&index=0&id=31ea41b3&scoped=true&lang=css
<s> [webpack.Progress] 68% building 1225/1248 modules 23 active D:\Java_project\HYPBlog\blog-cms\node_modules\cache-loader\dist\cjs.js?{"cacheDirectory":"node_modules/.cache/vue-loader","cacheIdentifier":"b828289e-vue-loader-template"}!D:\Java_project\HYPBlog\blog-cms\node_modules\vue-loader\lib\loaders\templateLoader.js??vue-loader-options!D:\Java_project\HYPBlog\blog-cms\node_modules\cache-loader\dist\cjs.js??ref--0-0!D:\Java_project\HYPBlog\blog-cms\node_modules\vue-loader\lib\index.js??vue-loader-options!D:\Java_project\HYPBlog\blog-cms\src\layout\components\Sidebar\Link.vue?vue&type=template&id=32e8ab1a
<s> [webpack.Progress] 68% building 1225/1249 modules 24 active D:\Java_project\HYPBlog\blog-cms\node_modules\cache-loader\dist\cjs.js??ref--12-0!D:\Java_project\HYPBlog\blog-cms\node_modules\babel-loader\lib\index.js!D:\Java_project\HYPBlog\blog-cms\node_modules\cache-loader\dist\cjs.js??ref--0-0!D:\Java_project\HYPBlog\blog-cms\node_modules\vue-loader\lib\index.js??vue-loader-options!D:\Java_project\HYPBlog\blog-cms\src\layout\components\Sidebar\Item.vue?vue&type=script&lang=js
<s> [webpack.Progress] 68% building 1225/1250 modules 25 active D:\Java_project\HYPBlog\blog-cms\node_modules\vue-style-loader\index.js??ref--6-oneOf-1-0!D:\Java_project\HYPBlog\blog-cms\node_modules\css-loader\dist\cjs.js??ref--6-oneOf-1-1!D:\Java_project\HYPBlog\blog-cms\node_modules\vue-loader\lib\loaders\stylePostLoader.js!D:\Java_project\HYPBlog\blog-cms\node_modules\postcss-loader\src\index.js??ref--6-oneOf-1-2!D:\Java_project\HYPBlog\blog-cms\node_modules\cache-loader\dist\cjs.js??ref--0-0!D:\Java_project\HYPBlog\blog-cms\node_modules\vue-loader\lib\index.js??vue-loader-options!D:\Java_project\HYPBlog\blog-cms\src\layout\components\Sidebar\Item.vue?vue&type=style&index=0&id=31ea41b3&scoped=true&lang=css
<s> [webpack.Progress] 68% building 1226/1250 modules 24 active D:\Java_project\HYPBlog\blog-cms\node_modules\cache-loader\dist\cjs.js??ref--12-0!D:\Java_project\HYPBlog\blog-cms\node_modules\babel-loader\lib\index.js!D:\Java_project\HYPBlog\blog-cms\node_modules\cache-loader\dist\cjs.js??ref--0-0!D:\Java_project\HYPBlog\blog-cms\node_modules\vue-loader\lib\index.js??vue-loader-options!D:\Java_project\HYPBlog\blog-cms\src\layout\components\Sidebar\Item.vue?vue&type=script&lang=js
<s> [webpack.Progress] 68% building 1226/1251 modules 25 active D:\Java_project\HYPBlog\blog-cms\node_modules\css-loader\dist\cjs.js??ref--6-oneOf-1-1!D:\Java_project\HYPBlog\blog-cms\node_modules\vue-loader\lib\loaders\stylePostLoader.js!D:\Java_project\HYPBlog\blog-cms\node_modules\postcss-loader\src\index.js??ref--6-oneOf-1-2!D:\Java_project\HYPBlog\blog-cms\node_modules\cache-loader\dist\cjs.js??ref--0-0!D:\Java_project\HYPBlog\blog-cms\node_modules\vue-loader\lib\index.js??vue-loader-options!D:\Java_project\HYPBlog\blog-cms\src\layout\components\Sidebar\Item.vue?vue&type=style&index=0&id=31ea41b3&scoped=true&lang=css
<s> [webpack.Progress] 68% building 1227/1251 modules 24 active D:\Java_project\HYPBlog\blog-cms\node_modules\css-loader\dist\cjs.js??ref--6-oneOf-1-1!D:\Java_project\HYPBlog\blog-cms\node_modules\vue-loader\lib\loaders\stylePostLoader.js!D:\Java_project\HYPBlog\blog-cms\node_modules\postcss-loader\src\index.js??ref--6-oneOf-1-2!D:\Java_project\HYPBlog\blog-cms\node_modules\cache-loader\dist\cjs.js??ref--0-0!D:\Java_project\HYPBlog\blog-cms\node_modules\vue-loader\lib\index.js??vue-loader-options!D:\Java_project\HYPBlog\blog-cms\src\layout\components\Sidebar\Item.vue?vue&type=style&index=0&id=31ea41b3&scoped=true&lang=css
<s> [webpack.Progress] 68% building 1228/1251 modules 23 active D:\Java_project\HYPBlog\blog-cms\node_modules\css-loader\dist\cjs.js??ref--6-oneOf-1-1!D:\Java_project\HYPBlog\blog-cms\node_modules\vue-loader\lib\loaders\stylePostLoader.js!D:\Java_project\HYPBlog\blog-cms\node_modules\postcss-loader\src\index.js??ref--6-oneOf-1-2!D:\Java_project\HYPBlog\blog-cms\node_modules\cache-loader\dist\cjs.js??ref--0-0!D:\Java_project\HYPBlog\blog-cms\node_modules\vue-loader\lib\index.js??vue-loader-options!D:\Java_project\HYPBlog\blog-cms\src\layout\components\Sidebar\Item.vue?vue&type=style&index=0&id=31ea41b3&scoped=true&lang=css
<s> [webpack.Progress] 68% building 1228/1252 modules 24 active D:\Java_project\HYPBlog\blog-cms\node_modules\echarts\lib\component\helper\MapDraw.js
<s> [webpack.Progress] 68% building 1228/1253 modules 25 active D:\Java_project\HYPBlog\blog-cms\node_modules\echarts\lib\coord\geo\mapDataStorage.js
<s> [webpack.Progress] 68% building 1228/1254 modules 26 active D:\Java_project\HYPBlog\blog-cms\node_modules\echarts\lib\chart\map\backwardCompat.js
<s> [webpack.Progress] 68% building 1228/1255 modules 27 active D:\Java_project\HYPBlog\blog-cms\node_modules\echarts\lib\chart\map\mapDataStatistic.js
<s> [webpack.Progress] 68% building 1228/1256 modules 28 active D:\Java_project\HYPBlog\blog-cms\node_modules\echarts\lib\chart\map\mapVisual.js
<s> [webpack.Progress] 68% building 1229/1256 modules 27 active D:\Java_project\HYPBlog\blog-cms\node_modules\echarts\lib\chart\map\mapVisual.js
<s> [webpack.Progress] 68% building 1229/1257 modules 28 active D:\Java_project\HYPBlog\blog-cms\node_modules\echarts\lib\coord\geo\geoSourceManager.js
<s> [webpack.Progress] 68% building 1229/1258 modules 29 active D:\Java_project\HYPBlog\blog-cms\node_modules\echarts\lib\coord\geo\Geo.js
<s> [webpack.Progress] 68% building 1229/1259 modules 30 active D:\Java_project\HYPBlog\blog-cms\node_modules\echarts\lib\component\helper\selectableMixin.js
<s> [webpack.Progress] 68% building 1230/1259 modules 29 active D:\Java_project\HYPBlog\blog-cms\node_modules\echarts\lib\component\helper\selectableMixin.js
<s> [webpack.Progress] 68% building 1230/1260 modules 30 active D:\Java_project\HYPBlog\blog-cms\node_modules\echarts\lib\chart\map\mapSymbolLayout.js
<s> [webpack.Progress] 68% building 1230/1261 modules 31 active D:\Java_project\HYPBlog\blog-cms\node_modules\echarts\lib\chart\map\MapView.js
<s> [webpack.Progress] 68% building 1230/1262 modules 32 active D:\Java_project\HYPBlog\blog-cms\node_modules\echarts\lib\coord\single\Single.js
<s> [webpack.Progress] 68% building 1230/1263 modules 33 active D:\Java_project\HYPBlog\blog-cms\node_modules\echarts\lib\chart\map\MapSeries.js
<s> [webpack.Progress] 68% building 1230/1264 modules 34 active D:\Java_project\HYPBlog\blog-cms\node_modules\echarts\lib\component\axis\RadiusAxisView.js
<s> [webpack.Progress] 68% building 1231/1264 modules 33 active D:\Java_project\HYPBlog\blog-cms\node_modules\echarts\lib\component\axis\RadiusAxisView.js
<s> [webpack.Progress] 68% building 1231/1265 modules 34 active D:\Java_project\HYPBlog\blog-cms\node_modules\echarts\lib\component\axis\AngleAxisView.js
<s> [webpack.Progress] 68% building 1232/1265 modules 33 active D:\Java_project\HYPBlog\blog-cms\node_modules\echarts\lib\component\axis\AngleAxisView.js
<s> [webpack.Progress] 68% building 1232/1266 modules 34 active D:\Java_project\HYPBlog\blog-cms\node_modules\echarts\lib\chart\treemap\treemapVisual.js
<s> [webpack.Progress] 68% building 1232/1267 modules 35 active D:\Java_project\HYPBlog\blog-cms\node_modules\echarts\lib\chart\treemap\treemapAction.js
<s> [webpack.Progress] 68% building 1233/1267 modules 34 active D:\Java_project\HYPBlog\blog-cms\node_modules\echarts\lib\chart\treemap\treemapAction.js
<s> [webpack.Progress] 68% building 1233/1268 modules 35 active D:\Java_project\HYPBlog\blog-cms\node_modules\echarts\lib\chart\treemap\TreemapView.js
<s> [webpack.Progress] 68% building 1233/1269 modules 36 active D:\Java_project\HYPBlog\blog-cms\node_modules\echarts\lib\chart\treemap\TreemapSeries.js
<s> [webpack.Progress] 68% building 1234/1269 modules 35 active D:\Java_project\HYPBlog\blog-cms\node_modules\echarts\lib\chart\treemap\TreemapSeries.js
<s> [webpack.Progress] 68% building 1235/1269 modules 34 active D:\Java_project\HYPBlog\blog-cms\node_modules\echarts\lib\chart\treemap\TreemapSeries.js
<s> [webpack.Progress] 68% building 1236/1269 modules 33 active D:\Java_project\HYPBlog\blog-cms\node_modules\echarts\lib\chart\treemap\TreemapSeries.js
<s> [webpack.Progress] 68% building 1237/1269 modules 32 active D:\Java_project\HYPBlog\blog-cms\node_modules\echarts\lib\chart\treemap\TreemapSeries.js
<s> [webpack.Progress] 68% building 1238/1269 modules 31 active D:\Java_project\HYPBlog\blog-cms\node_modules\echarts\lib\chart\treemap\TreemapSeries.js
<s> [webpack.Progress] 68% building 1239/1269 modules 30 active D:\Java_project\HYPBlog\blog-cms\node_modules\echarts\lib\chart\treemap\TreemapSeries.js
<s> [webpack.Progress] 68% building 1240/1269 modules 29 active D:\Java_project\HYPBlog\blog-cms\node_modules\echarts\lib\chart\treemap\TreemapSeries.js
<s> [webpack.Progress] 68% building 1241/1269 modules 28 active D:\Java_project\HYPBlog\blog-cms\node_modules\echarts\lib\chart\treemap\TreemapSeries.js
<s> [webpack.Progress] 68% building 1241/1270 modules 29 active D:\Java_project\HYPBlog\blog-cms\node_modules\function-bind\implementation.js
<s> [webpack.Progress] 68% building 1241/1271 modules 30 active D:\Java_project\HYPBlog\blog-cms\node_modules\has-symbols\shams.js
<s> [webpack.Progress] 68% building 1242/1271 modules 29 active D:\Java_project\HYPBlog\blog-cms\node_modules\has-symbols\shams.js
<s> [webpack.Progress] 68% building 1242/1272 modules 30 active D:\Java_project\HYPBlog\blog-cms\node_modules\echarts\lib\chart\heatmap\HeatmapLayer.js
<s> [webpack.Progress] 68% building 1242/1273 modules 31 active D:\Java_project\HYPBlog\blog-cms\node_modules\gopd\gOPD.js
<s> [webpack.Progress] 68% building 1243/1273 modules 30 active D:\Java_project\HYPBlog\blog-cms\node_modules\gopd\gOPD.js
<s> [webpack.Progress] 68% building 1243/1274 modules 31 active D:\Java_project\HYPBlog\blog-cms\node_modules\echarts\lib\chart\scatter\ScatterView.js
<s> [webpack.Progress] 68% building 1243/1275 modules 32 active D:\Java_project\HYPBlog\blog-cms\node_modules\echarts\lib\chart\scatter\ScatterSeries.js
<s> [webpack.Progress] 68% building 1243/1276 modules 33 active D:\Java_project\HYPBlog\blog-cms\node_modules\echarts\lib\chart\pie\pieLayout.js
<s> [webpack.Progress] 68% building 1243/1277 modules 34 active D:\Java_project\HYPBlog\blog-cms\node_modules\echarts\lib\chart\pie\PieView.js
<s> [webpack.Progress] 68% building 1243/1278 modules 35 active D:\Java_project\HYPBlog\blog-cms\node_modules\echarts\lib\chart\pie\PieSeries.js
<s> [webpack.Progress] 68% building 1243/1279 modules 36 active D:\Java_project\HYPBlog\blog-cms\node_modules\echarts\lib\chart\helper\focusNodeAdjacencyAction.js
<s> [webpack.Progress] 68% building 1243/1280 modules 37 active D:\Java_project\HYPBlog\blog-cms\node_modules\echarts\lib\data\Tree.js
<s> [webpack.Progress] 68% building 1244/1280 modules 36 active D:\Java_project\HYPBlog\blog-cms\node_modules\echarts\lib\data\Tree.js
<s> [webpack.Progress] 68% building 1244/1281 modules 37 active D:\Java_project\HYPBlog\blog-cms\node_modules\echarts\lib\chart\sunburst\SunburstPiece.js
<s> [webpack.Progress] 68% building 1244/1282 modules 38 active D:\Java_project\HYPBlog\blog-cms\node_modules\echarts\lib\stream\Scheduler.js
<s> [webpack.Progress] 68% building 1244/1283 modules 39 active D:\Java_project\HYPBlog\blog-cms\node_modules\echarts\lib\chart\helper\createGraphFromNodeEdge.js
<s> [webpack.Progress] 68% building 1245/1283 modules 38 active D:\Java_project\HYPBlog\blog-cms\node_modules\echarts\lib\chart\helper\createGraphFromNodeEdge.js
<s> [webpack.Progress] 68% building 1246/1283 modules 37 active D:\Java_project\HYPBlog\blog-cms\node_modules\echarts\lib\chart\helper\createGraphFromNodeEdge.js
<s> [webpack.Progress] 68% building 1246/1284 modules 38 active D:\Java_project\HYPBlog\blog-cms\node_modules\echarts\lib\coord\polar\PolarModel.js
<s> [webpack.Progress] 68% building 1247/1284 modules 37 active D:\Java_project\HYPBlog\blog-cms\node_modules\echarts\lib\coord\polar\PolarModel.js
<s> [webpack.Progress] 68% building 1247/1285 modules 38 active D:\Java_project\HYPBlog\blog-cms\node_modules\echarts\lib\coord\polar\Polar.js
<s> [webpack.Progress] 68% building 1248/1285 modules 37 active D:\Java_project\HYPBlog\blog-cms\node_modules\echarts\lib\coord\polar\Polar.js
<s> [webpack.Progress] 68% building 1249/1285 modules 36 active D:\Java_project\HYPBlog\blog-cms\node_modules\echarts\lib\coord\polar\Polar.js
<s> [webpack.Progress] 68% building 1250/1285 modules 35 active D:\Java_project\HYPBlog\blog-cms\node_modules\echarts\lib\coord\polar\Polar.js
<s> [webpack.Progress] 68% building 1250/1286 modules 36 active D:\Java_project\HYPBlog\blog-cms\node_modules\echarts\lib\visual\LegendVisualProvider.js
<s> [webpack.Progress] 68% building 1250/1287 modules 37 active D:\Java_project\HYPBlog\blog-cms\node_modules\echarts\lib\chart\helper\LargeLineDraw.js
<s> [webpack.Progress] 68% building 1250/1288 modules 38 active D:\Java_project\HYPBlog\blog-cms\node_modules\echarts\lib\component\helper\roamHelper.js
<s> [webpack.Progress] 68% building 1250/1289 modules 39 active D:\Java_project\HYPBlog\blog-cms\node_modules\echarts\lib\chart\helper\Polyline.js
<s> [webpack.Progress] 68% building 1250/1290 modules 40 active D:\Java_project\HYPBlog\blog-cms\node_modules\echarts\lib\chart\helper\EffectPolyline.js
<s> [webpack.Progress] 68% building 1251/1290 modules 39 active D:\Java_project\HYPBlog\blog-cms\node_modules\echarts\lib\chart\helper\EffectPolyline.js
<s> [webpack.Progress] 68% building 1252/1290 modules 38 active D:\Java_project\HYPBlog\blog-cms\node_modules\echarts\lib\chart\helper\EffectPolyline.js
<s> [webpack.Progress] 68% building 1253/1290 modules 37 active D:\Java_project\HYPBlog\blog-cms\node_modules\echarts\lib\chart\helper\EffectPolyline.js
<s> [webpack.Progress] 68% building 1254/1290 modules 36 active D:\Java_project\HYPBlog\blog-cms\node_modules\echarts\lib\chart\helper\EffectPolyline.js
<s> [webpack.Progress] 68% building 1255/1290 modules 35 active D:\Java_project\HYPBlog\blog-cms\node_modules\echarts\lib\chart\helper\EffectPolyline.js
<s> [webpack.Progress] 68% building 1255/1291 modules 36 active D:\Java_project\HYPBlog\blog-cms\node_modules\babel-runtime\node_modules\core-js\library\modules\_to-absolute-index.js
<s> [webpack.Progress] 68% building 1255/1292 modules 37 active D:\Java_project\HYPBlog\blog-cms\node_modules\echarts\lib\chart\bar\helper.js
<s> [webpack.Progress] 68% building 1256/1292 modules 36 active D:\Java_project\HYPBlog\blog-cms\node_modules\echarts\lib\chart\bar\helper.js
<s> [webpack.Progress] 68% building 1256/1293 modules 37 active D:\Java_project\HYPBlog\blog-cms\node_modules\echarts\lib\chart\bar\BaseBarSeries.js
<s> [webpack.Progress] 68% building 1257/1293 modules 36 active D:\Java_project\HYPBlog\blog-cms\node_modules\echarts\lib\chart\bar\BaseBarSeries.js
<s> [webpack.Progress] 68% building 1258/1293 modules 35 active D:\Java_project\HYPBlog\blog-cms\node_modules\echarts\lib\chart\bar\BaseBarSeries.js
<s> [webpack.Progress] 68% building 1258/1294 modules 36 active D:\Java_project\HYPBlog\blog-cms\node_modules\babel-runtime\node_modules\core-js\library\modules\_to-length.js
<s> [webpack.Progress] 68% building 1258/1295 modules 37 active D:\Java_project\HYPBlog\blog-cms\node_modules\echarts\lib\chart\helper\EffectLine.js
<s> [webpack.Progress] 68% building 1258/1296 modules 38 active D:\Java_project\HYPBlog\blog-cms\node_modules\echarts\lib\processor\dataStack.js
<s> [webpack.Progress] 68% building 1258/1297 modules 39 active D:\Java_project\HYPBlog\blog-cms\node_modules\echarts\lib\visual\seriesColor.js
<s> [webpack.Progress] 68% building 1258/1298 modules 40 active D:\Java_project\HYPBlog\blog-cms\node_modules\echarts\lib\visual\aria.js
<s> [webpack.Progress] 68% building 1259/1298 modules 39 active D:\Java_project\HYPBlog\blog-cms\node_modules\echarts\lib\visual\aria.js
<s> [webpack.Progress] 68% building 1260/1298 modules 38 active D:\Java_project\HYPBlog\blog-cms\node_modules\echarts\lib\visual\aria.js
<s> [webpack.Progress] 68% building 1260/1299 modules 39 active D:\Java_project\HYPBlog\blog-cms\node_modules\echarts\lib\model\OptionManager.js
<s> [webpack.Progress] 68% building 1260/1300 modules 40 active D:\Java_project\HYPBlog\blog-cms\node_modules\echarts\lib\chart\line\poly.js
<s> [webpack.Progress] 68% building 1260/1301 modules 41 active D:\Java_project\HYPBlog\blog-cms\node_modules\echarts\lib\ExtensionAPI.js
<s> [webpack.Progress] 68% building 1260/1302 modules 42 active D:\Java_project\HYPBlog\blog-cms\node_modules\echarts\lib\model\Global.js
<s> [webpack.Progress] 68% building 1260/1303 modules 43 active D:\Java_project\HYPBlog\blog-cms\node_modules\echarts\lib\theme\dark.js
<s> [webpack.Progress] 67% building 1260/1304 modules 44 active D:\Java_project\HYPBlog\blog-cms\node_modules\echarts\lib\theme\light.js
<s> [webpack.Progress] 68% building 1261/1304 modules 43 active D:\Java_project\HYPBlog\blog-cms\node_modules\echarts\lib\theme\light.js
<s> [webpack.Progress] 68% building 1262/1304 modules 42 active D:\Java_project\HYPBlog\blog-cms\node_modules\echarts\lib\theme\light.js
<s> [webpack.Progress] 68% building 1262/1305 modules 43 active D:\Java_project\HYPBlog\blog-cms\node_modules\echarts\lib\chart\gauge\PointerPath.js
<s> [webpack.Progress] 68% building 1263/1305 modules 42 active D:\Java_project\HYPBlog\blog-cms\node_modules\echarts\lib\chart\gauge\PointerPath.js
<s> [webpack.Progress] 68% building 1263/1306 modules 43 active D:\Java_project\HYPBlog\blog-cms\node_modules\echarts\lib\loading\default.js
<s> [webpack.Progress] 67% building 1263/1307 modules 44 active D:\Java_project\HYPBlog\blog-cms\node_modules\echarts\lib\processor\dataSample.js
<s> [webpack.Progress] 67% building 1263/1308 modules 45 active D:\Java_project\HYPBlog\blog-cms\node_modules\dunder-proto\get.js
<s> [webpack.Progress] 67% building 1264/1308 modules 44 active D:\Java_project\HYPBlog\blog-cms\node_modules\dunder-proto\get.js
<s> [webpack.Progress] 68% building 1265/1308 modules 43 active D:\Java_project\HYPBlog\blog-cms\node_modules\dunder-proto\get.js
<s> [webpack.Progress] 68% building 1266/1308 modules 42 active D:\Java_project\HYPBlog\blog-cms\node_modules\dunder-proto\get.js
<s> [webpack.Progress] 68% building 1267/1308 modules 41 active D:\Java_project\HYPBlog\blog-cms\node_modules\dunder-proto\get.js
<s> [webpack.Progress] 68% building 1268/1308 modules 40 active D:\Java_project\HYPBlog\blog-cms\node_modules\dunder-proto\get.js
<s> [webpack.Progress] 68% building 1268/1309 modules 41 active D:\Java_project\HYPBlog\blog-cms\node_modules\echarts\lib\chart\line\LineView.js
<s> [webpack.Progress] 68% building 1268/1310 modules 42 active D:\Java_project\HYPBlog\blog-cms\node_modules\echarts\lib\chart\line\LineSeries.js
<s> [webpack.Progress] 68% building 1268/1311 modules 43 active D:\Java_project\HYPBlog\blog-cms\node_modules\echarts\lib\chart\bar\BarView.js
<s> [webpack.Progress] 67% building 1268/1312 modules 44 active D:\Java_project\HYPBlog\blog-cms\node_modules\echarts\lib\chart\helper\EffectSymbol.js
<s> [webpack.Progress] 67% building 1268/1313 modules 45 active D:\Java_project\HYPBlog\blog-cms\node_modules\echarts\lib\chart\bar\BarSeries.js
<s> [webpack.Progress] 67% building 1268/1314 modules 46 active D:\Java_project\HYPBlog\blog-cms\node_modules\echarts\lib\chart\helper\whiskerBoxCommon.js
<s> [webpack.Progress] 67% building 1268/1315 modules 47 active D:\Java_project\HYPBlog\blog-cms\node_modules\echarts\lib\chart\graph\forceHelper.js
<s> [webpack.Progress] 67% building 1268/1316 modules 48 active D:\Java_project\HYPBlog\blog-cms\node_modules\echarts\lib\chart\graph\simpleLayoutHelper.js
<s> [webpack.Progress] 67% building 1268/1317 modules 49 active D:\Java_project\HYPBlog\blog-cms\node_modules\echarts\lib\chart\helper\multipleGraphEdgeHelper.js
<s> [webpack.Progress] 67% building 1268/1318 modules 50 active D:\Java_project\HYPBlog\blog-cms\node_modules\echarts\lib\chart\graph\circularLayoutHelper.js
<s> [webpack.Progress] 67% building 1269/1318 modules 49 active D:\Java_project\HYPBlog\blog-cms\node_modules\echarts\lib\chart\graph\circularLayoutHelper.js
<s> [webpack.Progress] 67% building 1269/1319 modules 50 active D:\Java_project\HYPBlog\blog-cms\node_modules\core-js\modules\es.array.includes.js
<s> [webpack.Progress] 67% building 1270/1319 modules 49 active D:\Java_project\HYPBlog\blog-cms\node_modules\core-js\modules\es.array.includes.js
<s> [webpack.Progress] 67% building 1271/1319 modules 48 active D:\Java_project\HYPBlog\blog-cms\node_modules\core-js\modules\es.array.includes.js
<s> [webpack.Progress] 67% building 1271/1320 modules 49 active D:\Java_project\HYPBlog\blog-cms\node_modules\echarts\lib\preprocessor\backwardCompat.js
<s> [webpack.Progress] 67% building 1272/1320 modules 48 active D:\Java_project\HYPBlog\blog-cms\node_modules\echarts\lib\preprocessor\backwardCompat.js
<s> [webpack.Progress] 67% building 1273/1320 modules 47 active D:\Java_project\HYPBlog\blog-cms\node_modules\echarts\lib\preprocessor\backwardCompat.js
<s> [webpack.Progress] 67% building 1274/1320 modules 46 active D:\Java_project\HYPBlog\blog-cms\node_modules\echarts\lib\preprocessor\backwardCompat.js
<s> [webpack.Progress] 67% building 1275/1320 modules 45 active D:\Java_project\HYPBlog\blog-cms\node_modules\echarts\lib\preprocessor\backwardCompat.js
<s> [webpack.Progress] 68% building 1276/1320 modules 44 active D:\Java_project\HYPBlog\blog-cms\node_modules\echarts\lib\preprocessor\backwardCompat.js
<s> [webpack.Progress] 68% building 1277/1320 modules 43 active D:\Java_project\HYPBlog\blog-cms\node_modules\echarts\lib\preprocessor\backwardCompat.js
<s> [webpack.Progress] 68% building 1278/1320 modules 42 active D:\Java_project\HYPBlog\blog-cms\node_modules\echarts\lib\preprocessor\backwardCompat.js
<s> [webpack.Progress] 68% building 1279/1320 modules 41 active D:\Java_project\HYPBlog\blog-cms\node_modules\echarts\lib\preprocessor\backwardCompat.js
<s> [webpack.Progress] 68% building 1280/1320 modules 40 active D:\Java_project\HYPBlog\blog-cms\node_modules\echarts\lib\preprocessor\backwardCompat.js
<s> [webpack.Progress] 68% building 1281/1320 modules 39 active D:\Java_project\HYPBlog\blog-cms\node_modules\echarts\lib\preprocessor\backwardCompat.js
<s> [webpack.Progress] 68% building 1282/1320 modules 38 active D:\Java_project\HYPBlog\blog-cms\node_modules\echarts\lib\preprocessor\backwardCompat.js
<s> [webpack.Progress] 68% building 1283/1320 modules 37 active D:\Java_project\HYPBlog\blog-cms\node_modules\echarts\lib\preprocessor\backwardCompat.js
<s> [webpack.Progress] 68% building 1284/1320 modules 36 active D:\Java_project\HYPBlog\blog-cms\node_modules\echarts\lib\preprocessor\backwardCompat.js
<s> [webpack.Progress] 68% building 1285/1320 modules 35 active D:\Java_project\HYPBlog\blog-cms\node_modules\echarts\lib\preprocessor\backwardCompat.js
<s> [webpack.Progress] 68% building 1286/1320 modules 34 active D:\Java_project\HYPBlog\blog-cms\node_modules\echarts\lib\preprocessor\backwardCompat.js
<s> [webpack.Progress] 68% building 1287/1320 modules 33 active D:\Java_project\HYPBlog\blog-cms\node_modules\echarts\lib\preprocessor\backwardCompat.js
<s> [webpack.Progress] 68% building 1288/1320 modules 32 active D:\Java_project\HYPBlog\blog-cms\node_modules\echarts\lib\preprocessor\backwardCompat.js
<s> [webpack.Progress] 68% building 1289/1320 modules 31 active D:\Java_project\HYPBlog\blog-cms\node_modules\echarts\lib\preprocessor\backwardCompat.js
<s> [webpack.Progress] 68% building 1289/1321 modules 32 active D:\Java_project\HYPBlog\blog-cms\node_modules\echarts\lib\chart\graph\adjustEdge.js
<s> [webpack.Progress] 68% building 1289/1322 modules 33 active D:\Java_project\HYPBlog\blog-cms\node_modules\echarts\lib\chart\graph\graphHelper.js
<s> [webpack.Progress] 68% building 1290/1322 modules 32 active D:\Java_project\HYPBlog\blog-cms\node_modules\echarts\lib\chart\graph\graphHelper.js
<s> [webpack.Progress] 68% building 1291/1322 modules 31 active D:\Java_project\HYPBlog\blog-cms\node_modules\echarts\lib\chart\graph\graphHelper.js
<s> [webpack.Progress] 68% building 1292/1322 modules 30 active D:\Java_project\HYPBlog\blog-cms\node_modules\echarts\lib\chart\graph\graphHelper.js
<s> [webpack.Progress] 68% building 1293/1322 modules 29 active D:\Java_project\HYPBlog\blog-cms\node_modules\echarts\lib\chart\graph\graphHelper.js
<s> [webpack.Progress] 68% building 1294/1322 modules 28 active D:\Java_project\HYPBlog\blog-cms\node_modules\echarts\lib\chart\graph\graphHelper.js
<s> [webpack.Progress] 68% building 1295/1322 modules 27 active D:\Java_project\HYPBlog\blog-cms\node_modules\echarts\lib\chart\graph\graphHelper.js
<s> [webpack.Progress] 68% building 1296/1322 modules 26 active D:\Java_project\HYPBlog\blog-cms\node_modules\echarts\lib\chart\graph\graphHelper.js
<s> [webpack.Progress] 68% building 1297/1322 modules 25 active D:\Java_project\HYPBlog\blog-cms\node_modules\echarts\lib\chart\graph\graphHelper.js
<s> [webpack.Progress] 68% building 1297/1323 modules 26 active D:\Java_project\HYPBlog\blog-cms\node_modules\echarts\lib\component\dataZoom\SelectZoomView.js
<s> [webpack.Progress] 68% building 1297/1324 modules 27 active D:\Java_project\HYPBlog\blog-cms\node_modules\echarts\lib\component\dataZoom\SelectZoomModel.js
<s> [webpack.Progress] 68% building 1298/1324 modules 26 active D:\Java_project\HYPBlog\blog-cms\node_modules\echarts\lib\component\dataZoom\SelectZoomModel.js
<s> [webpack.Progress] 68% building 1299/1324 modules 25 active D:\Java_project\HYPBlog\blog-cms\node_modules\echarts\lib\component\dataZoom\SelectZoomModel.js
<s> [webpack.Progress] 68% building 1300/1324 modules 24 active D:\Java_project\HYPBlog\blog-cms\node_modules\echarts\lib\component\dataZoom\SelectZoomModel.js
<s> [webpack.Progress] 68% building 1301/1324 modules 23 active D:\Java_project\HYPBlog\blog-cms\node_modules\echarts\lib\component\dataZoom\SelectZoomModel.js
<s> [webpack.Progress] 69% building 1302/1324 modules 22 active D:\Java_project\HYPBlog\blog-cms\node_modules\echarts\lib\component\dataZoom\SelectZoomModel.js
<s> [webpack.Progress] 69% building 1303/1324 modules 21 active D:\Java_project\HYPBlog\blog-cms\node_modules\echarts\lib\component\dataZoom\SelectZoomModel.js
<s> [webpack.Progress] 69% building 1304/1324 modules 20 active D:\Java_project\HYPBlog\blog-cms\node_modules\echarts\lib\component\dataZoom\SelectZoomModel.js
<s> [webpack.Progress] 69% building 1305/1324 modules 19 active D:\Java_project\HYPBlog\blog-cms\node_modules\echarts\lib\component\dataZoom\SelectZoomModel.js
<s> [webpack.Progress] 69% building 1306/1324 modules 18 active D:\Java_project\HYPBlog\blog-cms\node_modules\echarts\lib\component\dataZoom\SelectZoomModel.js
<s> [webpack.Progress] 69% building 1307/1324 modules 17 active D:\Java_project\HYPBlog\blog-cms\node_modules\echarts\lib\component\dataZoom\SelectZoomModel.js
<s> [webpack.Progress] 69% building 1308/1324 modules 16 active D:\Java_project\HYPBlog\blog-cms\node_modules\echarts\lib\component\dataZoom\SelectZoomModel.js
<s> [webpack.Progress] 69% building 1309/1324 modules 15 active D:\Java_project\HYPBlog\blog-cms\node_modules\echarts\lib\component\dataZoom\SelectZoomModel.js
<s> [webpack.Progress] 69% building 1310/1324 modules 14 active D:\Java_project\HYPBlog\blog-cms\node_modules\echarts\lib\component\dataZoom\SelectZoomModel.js
<s> [webpack.Progress] 69% building 1311/1324 modules 13 active D:\Java_project\HYPBlog\blog-cms\node_modules\echarts\lib\component\dataZoom\SelectZoomModel.js
<s> [webpack.Progress] 69% building 1312/1324 modules 12 active D:\Java_project\HYPBlog\blog-cms\node_modules\echarts\lib\component\dataZoom\SelectZoomModel.js
<s> [webpack.Progress] 69% building 1313/1324 modules 11 active D:\Java_project\HYPBlog\blog-cms\node_modules\echarts\lib\component\dataZoom\SelectZoomModel.js
<s> [webpack.Progress] 69% building 1314/1324 modules 10 active D:\Java_project\HYPBlog\blog-cms\node_modules\echarts\lib\component\dataZoom\SelectZoomModel.js
<s> [webpack.Progress] 69% building 1315/1324 modules 9 active D:\Java_project\HYPBlog\blog-cms\node_modules\echarts\lib\component\dataZoom\SelectZoomModel.js
<s> [webpack.Progress] 69% building 1316/1324 modules 8 active D:\Java_project\HYPBlog\blog-cms\node_modules\echarts\lib\component\dataZoom\SelectZoomModel.js
<s> [webpack.Progress] 69% building 1317/1324 modules 7 active D:\Java_project\HYPBlog\blog-cms\node_modules\echarts\lib\component\dataZoom\SelectZoomModel.js
<s> [webpack.Progress] 69% building 1318/1324 modules 6 active D:\Java_project\HYPBlog\blog-cms\node_modules\echarts\lib\component\dataZoom\SelectZoomModel.js
<s> [webpack.Progress] 69% building 1319/1324 modules 5 active D:\Java_project\HYPBlog\blog-cms\node_modules\echarts\lib\component\dataZoom\SelectZoomModel.js
<s> [webpack.Progress] 69% building 1319/1325 modules 6 active D:\Java_project\HYPBlog\blog-cms\node_modules\zrender\lib\tool\parseSVG.js
<s> [webpack.Progress] 69% building 1319/1326 modules 7 active D:\Java_project\HYPBlog\blog-cms\node_modules\echarts\lib\component\radar\RadarView.js
<s> [webpack.Progress] 69% building 1319/1327 modules 8 active D:\Java_project\HYPBlog\blog-cms\node_modules\echarts\lib\coord\geo\geoJSONLoader.js
<s> [webpack.Progress] 69% building 1319/1328 modules 9 active D:\Java_project\HYPBlog\blog-cms\node_modules\echarts\lib\coord\geo\geoSVGLoader.js
<s> [webpack.Progress] 69% building 1319/1329 modules 10 active D:\Java_project\HYPBlog\blog-cms\node_modules\echarts\lib\coord\single\SingleAxis.js
<s> [webpack.Progress] 69% building 1319/1330 modules 11 active D:\Java_project\HYPBlog\blog-cms\node_modules\echarts\lib\coord\radar\Radar.js
<s> [webpack.Progress] 69% building 1319/1331 modules 12 active D:\Java_project\HYPBlog\blog-cms\node_modules\echarts\lib\coord\radar\RadarModel.js
<s> [webpack.Progress] 69% building 1320/1331 modules 11 active D:\Java_project\HYPBlog\blog-cms\node_modules\echarts\lib\coord\radar\RadarModel.js
<s> [webpack.Progress] 69% building 1321/1331 modules 10 active D:\Java_project\HYPBlog\blog-cms\node_modules\echarts\lib\coord\radar\RadarModel.js
<s> [webpack.Progress] 69% building 1321/1332 modules 11 active D:\Java_project\HYPBlog\blog-cms\node_modules\echarts\lib\chart\treemap\Breadcrumb.js
<s> [webpack.Progress] 69% building 1321/1333 modules 12 active D:\Java_project\HYPBlog\blog-cms\node_modules\echarts\lib\util\animation.js
<s> [webpack.Progress] 69% building 1322/1333 modules 11 active D:\Java_project\HYPBlog\blog-cms\node_modules\echarts\lib\util\animation.js
<s> [webpack.Progress] 69% building 1323/1333 modules 10 active D:\Java_project\HYPBlog\blog-cms\node_modules\echarts\lib\util\animation.js
<s> [webpack.Progress] 69% building 1323/1334 modules 11 active D:\Java_project\HYPBlog\blog-cms\node_modules\echarts\lib\chart\helper\LargeSymbolDraw.js
<s> [webpack.Progress] 69% building 1323/1335 modules 12 active D:\Java_project\HYPBlog\blog-cms\node_modules\echarts\lib\chart\pie\labelLayout.js
<s> [webpack.Progress] 69% building 1323/1336 modules 13 active D:\Java_project\HYPBlog\blog-cms\node_modules\echarts\lib\data\helper\linkList.js
<s> [webpack.Progress] 69% building 1323/1337 modules 14 active D:\Java_project\HYPBlog\blog-cms\node_modules\echarts\lib\data\Graph.js
<s> [webpack.Progress] 69% building 1323/1338 modules 15 active D:\Java_project\HYPBlog\blog-cms\node_modules\echarts\lib\coord\polar\AxisModel.js
<s> [webpack.Progress] 69% building 1323/1339 modules 16 active D:\Java_project\HYPBlog\blog-cms\node_modules\echarts\lib\coord\polar\AngleAxis.js
<s> [webpack.Progress] 69% building 1323/1340 modules 17 active D:\Java_project\HYPBlog\blog-cms\node_modules\echarts\lib\coord\polar\RadiusAxis.js
<s> [webpack.Progress] 69% building 1324/1340 modules 16 active D:\Java_project\HYPBlog\blog-cms\node_modules\echarts\lib\coord\polar\RadiusAxis.js
<s> [webpack.Progress] 69% building 1325/1340 modules 15 active D:\Java_project\HYPBlog\blog-cms\node_modules\echarts\lib\coord\polar\RadiusAxis.js
<s> [webpack.Progress] 69% building 1326/1340 modules 14 active D:\Java_project\HYPBlog\blog-cms\node_modules\echarts\lib\coord\polar\RadiusAxis.js
<s> [webpack.Progress] 69% building 1327/1340 modules 13 active D:\Java_project\HYPBlog\blog-cms\node_modules\echarts\lib\coord\polar\RadiusAxis.js
<s> [webpack.Progress] 69% building 1327/1341 modules 14 active D:\Java_project\HYPBlog\blog-cms\node_modules\echarts\lib\model\globalDefault.js
<s> [webpack.Progress] 69% building 1328/1341 modules 13 active D:\Java_project\HYPBlog\blog-cms\node_modules\echarts\lib\model\globalDefault.js
<s> [webpack.Progress] 69% building 1329/1341 modules 12 active D:\Java_project\HYPBlog\blog-cms\node_modules\echarts\lib\model\globalDefault.js
<s> [webpack.Progress] 69% building 1330/1341 modules 11 active D:\Java_project\HYPBlog\blog-cms\node_modules\echarts\lib\model\globalDefault.js
<s> [webpack.Progress] 69% building 1330/1342 modules 12 active D:\Java_project\HYPBlog\blog-cms\node_modules\echarts\lib\chart\line\lineAnimationDiff.js
<s> [webpack.Progress] 69% building 1330/1343 modules 13 active D:\Java_project\HYPBlog\blog-cms\node_modules\echarts\lib\chart\line\helper.js
<s> [webpack.Progress] 69% building 1331/1343 modules 12 active D:\Java_project\HYPBlog\blog-cms\node_modules\echarts\lib\chart\line\helper.js
<s> [webpack.Progress] 69% building 1331/1344 modules 13 active D:\Java_project\HYPBlog\blog-cms\node_modules\echarts\lib\chart\bar\barItemStyle.js
<s> [webpack.Progress] 69% building 1332/1344 modules 12 active D:\Java_project\HYPBlog\blog-cms\node_modules\echarts\lib\chart\bar\barItemStyle.js
<s> [webpack.Progress] 69% building 1332/1345 modules 13 active D:\Java_project\HYPBlog\blog-cms\node_modules\core-js\internals\add-to-unscopables.js
<s> [webpack.Progress] 69% building 1332/1346 modules 14 active D:\Java_project\HYPBlog\blog-cms\node_modules\core-js\internals\array-method-uses-to-length.js
<s> [webpack.Progress] 69% building 1333/1346 modules 13 active D:\Java_project\HYPBlog\blog-cms\node_modules\core-js\internals\array-method-uses-to-length.js
<s> [webpack.Progress] 69% building 1334/1346 modules 12 active D:\Java_project\HYPBlog\blog-cms\node_modules\core-js\internals\array-method-uses-to-length.js
<s> [webpack.Progress] 69% building 1335/1346 modules 11 active D:\Java_project\HYPBlog\blog-cms\node_modules\core-js\internals\array-method-uses-to-length.js
<s> [webpack.Progress] 69% building 1336/1346 modules 10 active D:\Java_project\HYPBlog\blog-cms\node_modules\core-js\internals\array-method-uses-to-length.js
<s> [webpack.Progress] 69% building 1337/1346 modules 9 active D:\Java_project\HYPBlog\blog-cms\node_modules\core-js\internals\array-method-uses-to-length.js
<s> [webpack.Progress] 69% building 1338/1346 modules 8 active D:\Java_project\HYPBlog\blog-cms\node_modules\core-js\internals\array-method-uses-to-length.js
<s> [webpack.Progress] 69% building 1339/1346 modules 7 active D:\Java_project\HYPBlog\blog-cms\node_modules\core-js\internals\array-method-uses-to-length.js
<s> [webpack.Progress] 69% building 1339/1347 modules 8 active D:\Java_project\HYPBlog\blog-cms\node_modules\call-bind-apply-helpers\index.js
<s> [webpack.Progress] 69% building 1339/1348 modules 9 active D:\Java_project\HYPBlog\blog-cms\node_modules\echarts\lib\util\shape\sausage.js
<s> [webpack.Progress] 69% building 1339/1349 modules 10 active D:\Java_project\HYPBlog\blog-cms\node_modules\echarts\lib\preprocessor\helper\compatStyle.js
<s> [webpack.Progress] 69% building 1340/1349 modules 9 active D:\Java_project\HYPBlog\blog-cms\node_modules\echarts\lib\preprocessor\helper\compatStyle.js
<s> [webpack.Progress] 69% building 1341/1349 modules 8 active D:\Java_project\HYPBlog\blog-cms\node_modules\echarts\lib\preprocessor\helper\compatStyle.js
<s> [webpack.Progress] 69% building 1342/1349 modules 7 active D:\Java_project\HYPBlog\blog-cms\node_modules\echarts\lib\preprocessor\helper\compatStyle.js
<s> [webpack.Progress] 69% building 1343/1349 modules 6 active D:\Java_project\HYPBlog\blog-cms\node_modules\echarts\lib\preprocessor\helper\compatStyle.js
<s> [webpack.Progress] 69% building 1344/1349 modules 5 active D:\Java_project\HYPBlog\blog-cms\node_modules\echarts\lib\preprocessor\helper\compatStyle.js
<s> [webpack.Progress] 69% building 1345/1349 modules 4 active D:\Java_project\HYPBlog\blog-cms\node_modules\echarts\lib\preprocessor\helper\compatStyle.js
<s> [webpack.Progress] 69% building 1345/1350 modules 5 active D:\Java_project\HYPBlog\blog-cms\node_modules\zrender\lib\graphic\shape\Ellipse.js
<s> [webpack.Progress] 69% building 1346/1350 modules 4 active D:\Java_project\HYPBlog\blog-cms\node_modules\zrender\lib\graphic\shape\Ellipse.js
<s> [webpack.Progress] 69% building 1347/1350 modules 3 active D:\Java_project\HYPBlog\blog-cms\node_modules\zrender\lib\graphic\shape\Ellipse.js
<s> [webpack.Progress] 69% building 1348/1350 modules 2 active D:\Java_project\HYPBlog\blog-cms\node_modules\zrender\lib\graphic\shape\Ellipse.js
<s> [webpack.Progress] 69% building 1348/1351 modules 3 active D:\Java_project\HYPBlog\blog-cms\node_modules\echarts\lib\coord\radar\IndicatorAxis.js
<s> [webpack.Progress] 69% building 1348/1352 modules 4 active D:\Java_project\HYPBlog\blog-cms\node_modules\echarts\lib\coord\geo\fix\textCoord.js
<s> [webpack.Progress] 69% building 1348/1353 modules 5 active D:\Java_project\HYPBlog\blog-cms\node_modules\echarts\lib\coord\geo\fix\nanhai.js
<s> [webpack.Progress] 69% building 1348/1354 modules 6 active D:\Java_project\HYPBlog\blog-cms\node_modules\echarts\lib\coord\geo\fix\geoCoord.js
<s> [webpack.Progress] 69% building 1348/1355 modules 7 active D:\Java_project\HYPBlog\blog-cms\node_modules\echarts\lib\coord\geo\fix\diaoyuIsland.js
<s> [webpack.Progress] 69% building 1349/1355 modules 6 active D:\Java_project\HYPBlog\blog-cms\node_modules\echarts\lib\coord\geo\fix\diaoyuIsland.js
<s> [webpack.Progress] 69% building 1350/1355 modules 5 active D:\Java_project\HYPBlog\blog-cms\node_modules\echarts\lib\coord\geo\fix\diaoyuIsland.js
<s> [webpack.Progress] 69% building 1351/1355 modules 4 active D:\Java_project\HYPBlog\blog-cms\node_modules\echarts\lib\coord\geo\fix\diaoyuIsland.js
<s> [webpack.Progress] 69% building 1352/1355 modules 3 active D:\Java_project\HYPBlog\blog-cms\node_modules\echarts\lib\coord\geo\fix\diaoyuIsland.js
<s> [webpack.Progress] 69% building 1353/1355 modules 2 active D:\Java_project\HYPBlog\blog-cms\node_modules\echarts\lib\coord\geo\fix\nanhai.js
<s> [webpack.Progress] 69% building 1354/1355 modules 1 active D:\Java_project\HYPBlog\blog-cms\node_modules\css-loader\dist\cjs.js??ref--8-oneOf-3-1!D:\Java_project\HYPBlog\blog-cms\node_modules\postcss-loader\src\index.js??ref--8-oneOf-3-2!D:\Java_project\HYPBlog\blog-cms\node_modules\sass-loader\dist\cjs.js??ref--8-oneOf-3-3!D:\Java_project\HYPBlog\blog-cms\src\assets\styles\index.scss
<s> [webpack.Progress] 69% building 1354/1356 modules 2 active D:\Java_project\HYPBlog\blog-cms\node_modules\call-bind-apply-helpers\actualApply.js
<s> [webpack.Progress] 69% building 1355/1356 modules 1 active D:\Java_project\HYPBlog\blog-cms\node_modules\css-loader\dist\cjs.js??ref--8-oneOf-3-1!D:\Java_project\HYPBlog\blog-cms\node_modules\postcss-loader\src\index.js??ref--8-oneOf-3-2!D:\Java_project\HYPBlog\blog-cms\node_modules\sass-loader\dist\cjs.js??ref--8-oneOf-3-3!D:\Java_project\HYPBlog\blog-cms\src\assets\styles\index.scss
<s> [webpack.Progress] 69% building 1355/1357 modules 2 active D:\Java_project\HYPBlog\blog-cms\node_modules\call-bind-apply-helpers\reflectApply.js
<s> [webpack.Progress] 69% building 1356/1357 modules 1 active D:\Java_project\HYPBlog\blog-cms\node_modules\css-loader\dist\cjs.js??ref--8-oneOf-3-1!D:\Java_project\HYPBlog\blog-cms\node_modules\postcss-loader\src\index.js??ref--8-oneOf-3-2!D:\Java_project\HYPBlog\blog-cms\node_modules\sass-loader\dist\cjs.js??ref--8-oneOf-3-3!D:\Java_project\HYPBlog\blog-cms\src\assets\styles\index.scss
<s> [webpack.Progress] 70% building 1357/1357 modules 0 active 
<s> [webpack.Progress] 69% building 1357/1358 modules 1 active D:\Java_project\HYPBlog\blog-cms\node_modules\css-loader\dist\cjs.js??ref--8-oneOf-3-1!D:\Java_project\HYPBlog\blog-cms\node_modules\postcss-loader\src\index.js??ref--8-oneOf-3-2!D:\Java_project\HYPBlog\blog-cms\node_modules\sass-loader\dist\cjs.js??ref--8-oneOf-3-3!D:\Java_project\HYPBlog\blog-cms\src\assets\styles\base.css
<s> [webpack.Progress] 70% building 1358/1358 modules 0 active 
<s> [webpack.Progress] 70% building 1358/1358 modules 0 active 
<s> [webpack.Progress] 70% finish module graph
<s> [webpack.Progress] 70% finish module graph FlagDependencyExportsPlugin
<s> [webpack.Progress] 70% sealing
<s> [webpack.Progress] 70% sealing WarnCaseSensitiveModulesPlugin
<s> [webpack.Progress] 72% basic dependencies optimization
<s> [webpack.Progress] 72% dependencies optimization
<s> [webpack.Progress] 73% advanced dependencies optimization
<s> [webpack.Progress] 73% after dependencies optimization
<s> [webpack.Progress] 71% chunk graph
<s> [webpack.Progress] 71% after chunk graph
<s> [webpack.Progress] 71% after chunk graph WebAssemblyModulesPlugin
<s> [webpack.Progress] 74% optimizing
<s> [webpack.Progress] 74% basic module optimization
<s> [webpack.Progress] 75% module optimization
<s> [webpack.Progress] 75% advanced module optimization
<s> [webpack.Progress] 76% after module optimization
<s> [webpack.Progress] 76% basic chunk optimization
<s> [webpack.Progress] 76% basic chunk optimization EnsureChunkConditionsPlugin
<s> [webpack.Progress] 76% basic chunk optimization RemoveEmptyChunksPlugin
<s> [webpack.Progress] 76% basic chunk optimization MergeDuplicateChunksPlugin
<s> [webpack.Progress] 77% chunk optimization
<s> [webpack.Progress] 77% advanced chunk optimization
<s> [webpack.Progress] 77% advanced chunk optimization SplitChunksPlugin
<s> [webpack.Progress] 77% advanced chunk optimization RemoveEmptyChunksPlugin
<s> [webpack.Progress] 77% after chunk optimization
<s> [webpack.Progress] 78% module and chunk tree optimization
<s> [webpack.Progress] 78% after module and chunk tree optimization
<s> [webpack.Progress] 79% basic chunk modules optimization
<s> [webpack.Progress] 80% chunk modules optimization
<s> [webpack.Progress] 80% advanced chunk modules optimization
<s> [webpack.Progress] 81% after chunk modules optimization
<s> [webpack.Progress] 81% module reviving
<s> [webpack.Progress] 81% module reviving RecordIdsPlugin
<s> [webpack.Progress] 82% module order optimization
<s> [webpack.Progress] 82% advanced module order optimization
<s> [webpack.Progress] 83% before module ids
<s> [webpack.Progress] 83% before module ids NamedModulesPlugin
<s> [webpack.Progress] 83% module ids
<s> [webpack.Progress] 84% module id optimization
<s> [webpack.Progress] 84% module id optimization
<s> [webpack.Progress] 85% chunk reviving
<s> [webpack.Progress] 85% chunk reviving RecordIdsPlugin
<s> [webpack.Progress] 85% chunk order optimization
<s> [webpack.Progress] 85% chunk order optimization OccurrenceOrderChunkIdsPlugin
<s> [webpack.Progress] 86% before chunk ids
<s> [webpack.Progress] 86% before chunk ids NamedChunksPlugin
<s> [webpack.Progress] 86% chunk id optimization
<s> [webpack.Progress] 87% after chunk id optimization
<s> [webpack.Progress] 87% record modules
<s> [webpack.Progress] 87% record modules RecordIdsPlugin
<s> [webpack.Progress] 87% record chunks
<s> [webpack.Progress] 87% record chunks RecordIdsPlugin
<s> [webpack.Progress] 88% hashing
<s> [webpack.Progress] 88% after hashing
<s> [webpack.Progress] 88% after hashing HotModuleReplacementPlugin
<s> [webpack.Progress] 89% record hash
<s> [webpack.Progress] 89% module assets processing
<s> [webpack.Progress] 90% chunk assets processing
<s> [webpack.Progress] 90% additional chunk assets processing
<s> [webpack.Progress] 90% additional chunk assets processing HotModuleReplacementPlugin
<s> [webpack.Progress] 91% recording
<s> [webpack.Progress] 91% recording HotModuleReplacementPlugin
<s> [webpack.Progress] 92% additional asset processing
<s> [webpack.Progress] 92% chunk asset optimization
<s> [webpack.Progress] 93% after chunk asset optimization
<s> [webpack.Progress] 93% asset optimization
<s> [webpack.Progress] 94% after asset optimization
<s> [webpack.Progress] 94% after seal
<s> [webpack.Progress] 95% emitting
<s> [webpack.Progress] 95% emitting HtmlWebpackPlugin
<s> [webpack.Progress] 95% emitting CopyPlugin
<s> [webpack.Progress] 98% after emitting
<s> [webpack.Progress] 98% after emitting CopyPlugin
<s> [webpack.Progress] 100% 

