<s> [webpack.Progress] 0% compiling
<s> [webpack.Progress] 10% building 0/0 modules 0 active 
<s> [webpack.Progress] 10% building 0/1 modules 1 active multi D:\Java_project\HYPBlog\blog-view\node_modules\webpack-dev-server\client\index.js?http://localhost:8080&sockPath=/sockjs-node D:\Java_project\HYPBlog\blog-view\node_modules\webpack\hot\dev-server.js ./src/main.js
<s> [webpack.Progress] 10% building 1/1 modules 0 active 
<s> [webpack.Progress] 10% building 1/1 modules 0 active 
<s> [webpack.Progress] 10% building 1/2 modules 1 active multi D:\Java_project\HYPBlog\blog-view\node_modules\webpack\hot\dev-server.js D:\Java_project\HYPBlog\blog-view\node_modules\webpack-dev-server\client\index.js?http://localhost:8080&sockPath=/sockjs-node ./src/main.js
<s> [webpack.Progress] 10% building 2/2 modules 0 active 
<s> [webpack.Progress] 10% building 2/3 modules 1 active D:\Java_project\HYPBlog\blog-view\node_modules\webpack\hot\dev-server.js
<s> [webpack.Progress] 10% building 2/4 modules 2 active D:\Java_project\HYPBlog\blog-view\node_modules\webpack-dev-server\client\index.js?http://localhost:8080&sockPath=/sockjs-node
<s> [webpack.Progress] 10% building 2/5 modules 3 active D:\Java_project\HYPBlog\blog-view\node_modules\cache-loader\dist\cjs.js??ref--12-0!D:\Java_project\HYPBlog\blog-view\node_modules\babel-loader\lib\index.js!D:\Java_project\HYPBlog\blog-view\src\main.js
<s> [webpack.Progress] 10% building 3/5 modules 2 active D:\Java_project\HYPBlog\blog-view\node_modules\cache-loader\dist\cjs.js??ref--12-0!D:\Java_project\HYPBlog\blog-view\node_modules\babel-loader\lib\index.js!D:\Java_project\HYPBlog\blog-view\src\main.js
<s> [webpack.Progress] 10% building 4/5 modules 1 active D:\Java_project\HYPBlog\blog-view\node_modules\cache-loader\dist\cjs.js??ref--12-0!D:\Java_project\HYPBlog\blog-view\node_modules\babel-loader\lib\index.js!D:\Java_project\HYPBlog\blog-view\src\main.js
<s> [webpack.Progress] 10% building 5/5 modules 0 active 
<s> [webpack.Progress] 40% building 5/5 modules 0 active 
<s> [webpack.Progress] 40% building 5/6 modules 1 active D:\Java_project\HYPBlog\blog-view\node_modules\webpack\hot sync nonrecursive /^\.\/log$/
<s> [webpack.Progress] 40% building 5/7 modules 2 active D:\Java_project\HYPBlog\blog-view\node_modules\webpack\hot\emitter.js
<s> [webpack.Progress] 40% building 5/8 modules 3 active D:\Java_project\HYPBlog\blog-view\node_modules\webpack\hot\log-apply-result.js
<s> [webpack.Progress] 40% building 5/9 modules 4 active D:\Java_project\HYPBlog\blog-view\node_modules\webpack\hot\log.js
<s> [webpack.Progress] 40% building 6/9 modules 3 active D:\Java_project\HYPBlog\blog-view\node_modules\webpack\hot\log.js
<s> [webpack.Progress] 40% building 6/10 modules 4 active D:\Java_project\HYPBlog\blog-view\node_modules\webpack-dev-server\client\socket.js
<s> [webpack.Progress] 40% building 6/11 modules 5 active D:\Java_project\HYPBlog\blog-view\node_modules\webpack-dev-server\client\overlay.js
<s> [webpack.Progress] 40% building 6/12 modules 6 active D:\Java_project\HYPBlog\blog-view\node_modules\cache-loader\dist\cjs.js??ref--12-0!D:\Java_project\HYPBlog\blog-view\node_modules\babel-loader\lib\index.js!D:\Java_project\HYPBlog\blog-view\src\util\dateTimeFormatUtils.js
<s> [webpack.Progress] 40% building 6/13 modules 7 active D:\Java_project\HYPBlog\blog-view\node_modules\webpack-dev-server\client\utils\sendMessage.js
<s> [webpack.Progress] 40% building 6/14 modules 8 active D:\Java_project\HYPBlog\blog-view\node_modules\webpack-dev-server\client\utils\reloadApp.js
<s> [webpack.Progress] 40% building 6/15 modules 9 active D:\Java_project\HYPBlog\blog-view\node_modules\webpack-dev-server\client\utils\createSocketUrl.js
<s> [webpack.Progress] 40% building 6/16 modules 10 active D:\Java_project\HYPBlog\blog-view\node_modules\webpack-dev-server\client\utils\log.js
<s> [webpack.Progress] 40% building 7/16 modules 9 active D:\Java_project\HYPBlog\blog-view\node_modules\webpack-dev-server\client\utils\log.js
<s> [webpack.Progress] 40% building 8/16 modules 8 active D:\Java_project\HYPBlog\blog-view\node_modules\webpack-dev-server\client\utils\log.js
<s> [webpack.Progress] 40% building 9/16 modules 7 active D:\Java_project\HYPBlog\blog-view\node_modules\webpack-dev-server\client\utils\log.js
<s> [webpack.Progress] 40% building 9/17 modules 8 active D:\Java_project\HYPBlog\blog-view\node_modules\cache-loader\dist\cjs.js??ref--12-0!D:\Java_project\HYPBlog\blog-view\node_modules\babel-loader\lib\index.js!D:\Java_project\HYPBlog\blog-view\src\util\directive.js
<s> [webpack.Progress] 40% building 10/17 modules 7 active D:\Java_project\HYPBlog\blog-view\node_modules\cache-loader\dist\cjs.js??ref--12-0!D:\Java_project\HYPBlog\blog-view\node_modules\babel-loader\lib\index.js!D:\Java_project\HYPBlog\blog-view\src\util\directive.js
<s> [webpack.Progress] 40% building 11/17 modules 6 active D:\Java_project\HYPBlog\blog-view\node_modules\cache-loader\dist\cjs.js??ref--12-0!D:\Java_project\HYPBlog\blog-view\node_modules\babel-loader\lib\index.js!D:\Java_project\HYPBlog\blog-view\src\util\directive.js
<s> [webpack.Progress] 40% building 12/17 modules 5 active D:\Java_project\HYPBlog\blog-view\node_modules\cache-loader\dist\cjs.js??ref--12-0!D:\Java_project\HYPBlog\blog-view\node_modules\babel-loader\lib\index.js!D:\Java_project\HYPBlog\blog-view\src\util\directive.js
<s> [webpack.Progress] 40% building 12/18 modules 6 active D:\Java_project\HYPBlog\blog-view\node_modules\vue\dist\vue.runtime.esm.js
<s> [webpack.Progress] 40% building 13/18 modules 5 active D:\Java_project\HYPBlog\blog-view\node_modules\vue\dist\vue.runtime.esm.js
<s> [webpack.Progress] 40% building 14/18 modules 4 active D:\Java_project\HYPBlog\blog-view\node_modules\vue\dist\vue.runtime.esm.js
<s> [webpack.Progress] 40% building 15/18 modules 3 active D:\Java_project\HYPBlog\blog-view\node_modules\vue\dist\vue.runtime.esm.js
<s> [webpack.Progress] 40% building 16/18 modules 2 active D:\Java_project\HYPBlog\blog-view\node_modules\vue\dist\vue.runtime.esm.js
<s> [webpack.Progress] 40% building 16/19 modules 3 active D:\Java_project\HYPBlog\blog-view\node_modules\cache-loader\dist\cjs.js??ref--0-0!D:\Java_project\HYPBlog\blog-view\node_modules\vue-loader\lib\index.js??vue-loader-options!D:\Java_project\HYPBlog\blog-view\src\App.vue
<s> [webpack.Progress] 40% building 17/19 modules 2 active D:\Java_project\HYPBlog\blog-view\node_modules\cache-loader\dist\cjs.js??ref--0-0!D:\Java_project\HYPBlog\blog-view\node_modules\vue-loader\lib\index.js??vue-loader-options!D:\Java_project\HYPBlog\blog-view\src\App.vue
<s> [webpack.Progress] 40% building 17/20 modules 3 active D:\Java_project\HYPBlog\blog-view\node_modules\webpack-dev-server\client\clients\SockJSClient.js
<s> [webpack.Progress] 40% building 17/21 modules 4 active D:\Java_project\HYPBlog\blog-view\node_modules\vue-style-loader\index.js??ref--6-oneOf-3-0!D:\Java_project\HYPBlog\blog-view\node_modules\css-loader\dist\cjs.js??ref--6-oneOf-3-1!D:\Java_project\HYPBlog\blog-view\node_modules\postcss-loader\src\index.js??ref--6-oneOf-3-2!D:\Java_project\HYPBlog\blog-view\node_modules\semantic-ui-css\semantic.min.css
<s> [webpack.Progress] 40% building 18/21 modules 3 active D:\Java_project\HYPBlog\blog-view\node_modules\webpack-dev-server\client\clients\SockJSClient.js
<s> [webpack.Progress] 40% building 18/22 modules 4 active D:\Java_project\HYPBlog\blog-view\node_modules\css-loader\dist\cjs.js??ref--6-oneOf-3-1!D:\Java_project\HYPBlog\blog-view\node_modules\postcss-loader\src\index.js??ref--6-oneOf-3-2!D:\Java_project\HYPBlog\blog-view\node_modules\semantic-ui-css\semantic.min.css
<s> [webpack.Progress] 40% building 19/22 modules 3 active D:\Java_project\HYPBlog\blog-view\node_modules\css-loader\dist\cjs.js??ref--6-oneOf-3-1!D:\Java_project\HYPBlog\blog-view\node_modules\postcss-loader\src\index.js??ref--6-oneOf-3-2!D:\Java_project\HYPBlog\blog-view\node_modules\semantic-ui-css\semantic.min.css
<s> [webpack.Progress] 40% building 19/23 modules 4 active D:\Java_project\HYPBlog\blog-view\node_modules\vue-style-loader\index.js??ref--6-oneOf-3-0!D:\Java_project\HYPBlog\blog-view\node_modules\css-loader\dist\cjs.js??ref--6-oneOf-3-1!D:\Java_project\HYPBlog\blog-view\node_modules\postcss-loader\src\index.js??ref--6-oneOf-3-2!D:\Java_project\HYPBlog\blog-view\src\assets\css\base.css
<s> [webpack.Progress] 40% building 20/23 modules 3 active D:\Java_project\HYPBlog\blog-view\node_modules\css-loader\dist\cjs.js??ref--6-oneOf-3-1!D:\Java_project\HYPBlog\blog-view\node_modules\postcss-loader\src\index.js??ref--6-oneOf-3-2!D:\Java_project\HYPBlog\blog-view\node_modules\semantic-ui-css\semantic.min.css
<s> [webpack.Progress] 40% building 20/24 modules 4 active D:\Java_project\HYPBlog\blog-view\node_modules\vue-style-loader\index.js??ref--6-oneOf-3-0!D:\Java_project\HYPBlog\blog-view\node_modules\css-loader\dist\cjs.js??ref--6-oneOf-3-1!D:\Java_project\HYPBlog\blog-view\node_modules\postcss-loader\src\index.js??ref--6-oneOf-3-2!D:\Java_project\HYPBlog\blog-view\src\assets\css\typo.css
<s> [webpack.Progress] 40% building 21/24 modules 3 active D:\Java_project\HYPBlog\blog-view\node_modules\css-loader\dist\cjs.js??ref--6-oneOf-3-1!D:\Java_project\HYPBlog\blog-view\node_modules\postcss-loader\src\index.js??ref--6-oneOf-3-2!D:\Java_project\HYPBlog\blog-view\node_modules\semantic-ui-css\semantic.min.css
<s> [webpack.Progress] 40% building 21/25 modules 4 active D:\Java_project\HYPBlog\blog-view\node_modules\vue-style-loader\index.js??ref--6-oneOf-3-0!D:\Java_project\HYPBlog\blog-view\node_modules\css-loader\dist\cjs.js??ref--6-oneOf-3-1!D:\Java_project\HYPBlog\blog-view\node_modules\postcss-loader\src\index.js??ref--6-oneOf-3-2!D:\Java_project\HYPBlog\blog-view\src\assets\css\icon\iconfont.css
<s> [webpack.Progress] 40% building 22/25 modules 3 active D:\Java_project\HYPBlog\blog-view\node_modules\css-loader\dist\cjs.js??ref--6-oneOf-3-1!D:\Java_project\HYPBlog\blog-view\node_modules\postcss-loader\src\index.js??ref--6-oneOf-3-2!D:\Java_project\HYPBlog\blog-view\node_modules\semantic-ui-css\semantic.min.css
<s> [webpack.Progress] 40% building 22/26 modules 4 active D:\Java_project\HYPBlog\blog-view\node_modules\url-loader\dist\cjs.js??ref--1-0!D:\Java_project\HYPBlog\blog-view\src\assets\img\loading.gif
<s> [webpack.Progress] 40% building 22/27 modules 5 active D:\Java_project\HYPBlog\blog-view\node_modules\css-loader\dist\cjs.js??ref--6-oneOf-3-1!D:\Java_project\HYPBlog\blog-view\node_modules\postcss-loader\src\index.js??ref--6-oneOf-3-2!D:\Java_project\HYPBlog\blog-view\src\assets\css\base.css
<s> [webpack.Progress] 40% building 22/28 modules 6 active D:\Java_project\HYPBlog\blog-view\node_modules\css-loader\dist\cjs.js??ref--6-oneOf-3-1!D:\Java_project\HYPBlog\blog-view\node_modules\postcss-loader\src\index.js??ref--6-oneOf-3-2!D:\Java_project\HYPBlog\blog-view\src\assets\css\typo.css
<s> [webpack.Progress] 40% building 22/29 modules 7 active D:\Java_project\HYPBlog\blog-view\node_modules\css-loader\dist\cjs.js??ref--6-oneOf-3-1!D:\Java_project\HYPBlog\blog-view\node_modules\postcss-loader\src\index.js??ref--6-oneOf-3-2!D:\Java_project\HYPBlog\blog-view\src\assets\css\icon\iconfont.css
<s> [webpack.Progress] 40% building 23/29 modules 6 active D:\Java_project\HYPBlog\blog-view\node_modules\css-loader\dist\cjs.js??ref--6-oneOf-3-1!D:\Java_project\HYPBlog\blog-view\node_modules\postcss-loader\src\index.js??ref--6-oneOf-3-2!D:\Java_project\HYPBlog\blog-view\src\assets\css\icon\iconfont.css
<s> [webpack.Progress] 40% building 23/30 modules 7 active D:\Java_project\HYPBlog\blog-view\node_modules\webpack\buildin\global.js
<s> [webpack.Progress] 40% building 23/31 modules 8 active D:\Java_project\HYPBlog\blog-view\node_modules\vue-style-loader\index.js??ref--6-oneOf-3-0!D:\Java_project\HYPBlog\blog-view\node_modules\css-loader\dist\cjs.js??ref--6-oneOf-3-1!D:\Java_project\HYPBlog\blog-view\node_modules\postcss-loader\src\index.js??ref--6-oneOf-3-2!D:\Java_project\HYPBlog\blog-view\node_modules\viewerjs\dist\viewer.css
<s> [webpack.Progress] 40% building 24/31 modules 7 active D:\Java_project\HYPBlog\blog-view\node_modules\webpack\buildin\global.js
<s> [webpack.Progress] 40% building 24/32 modules 8 active D:\Java_project\HYPBlog\blog-view\node_modules\css-loader\dist\cjs.js??ref--6-oneOf-3-1!D:\Java_project\HYPBlog\blog-view\node_modules\postcss-loader\src\index.js??ref--6-oneOf-3-2!D:\Java_project\HYPBlog\blog-view\node_modules\viewerjs\dist\viewer.css
<s> [webpack.Progress] 40% building 24/33 modules 9 active D:\Java_project\HYPBlog\blog-view\node_modules\events\events.js
<s> [webpack.Progress] 40% building 25/33 modules 8 active D:\Java_project\HYPBlog\blog-view\node_modules\events\events.js
<s> [webpack.Progress] 40% building 25/34 modules 9 active D:\Java_project\HYPBlog\blog-view\node_modules\vue-style-loader\index.js??ref--6-oneOf-3-0!D:\Java_project\HYPBlog\blog-view\node_modules\css-loader\dist\cjs.js??ref--6-oneOf-3-1!D:\Java_project\HYPBlog\blog-view\node_modules\postcss-loader\src\index.js??ref--6-oneOf-3-2!D:\Java_project\HYPBlog\blog-view\node_modules\element-ui\lib\theme-chalk\index.css
<s> [webpack.Progress] 40% building 26/34 modules 8 active D:\Java_project\HYPBlog\blog-view\node_modules\events\events.js
<s> [webpack.Progress] 40% building 26/35 modules 9 active D:\Java_project\HYPBlog\blog-view\node_modules\css-loader\dist\cjs.js??ref--6-oneOf-3-1!D:\Java_project\HYPBlog\blog-view\node_modules\postcss-loader\src\index.js??ref--6-oneOf-3-2!D:\Java_project\HYPBlog\blog-view\node_modules\element-ui\lib\theme-chalk\index.css
<s> [webpack.Progress] 40% building 26/36 modules 10 active D:\Java_project\HYPBlog\blog-view\node_modules\webpack-dev-server\client\utils\getCurrentScriptSource.js
<s> [webpack.Progress] 40% building 27/36 modules 9 active D:\Java_project\HYPBlog\blog-view\node_modules\webpack-dev-server\client\utils\getCurrentScriptSource.js
<s> [webpack.Progress] 40% building 27/37 modules 10 active D:\Java_project\HYPBlog\blog-view\node_modules\url\url.js
<s> [webpack.Progress] 40% building 28/37 modules 9 active D:\Java_project\HYPBlog\blog-view\node_modules\url\url.js
<s> [webpack.Progress] 40% building 29/37 modules 8 active D:\Java_project\HYPBlog\blog-view\node_modules\url\url.js
<s> [webpack.Progress] 40% building 29/38 modules 9 active D:\Java_project\HYPBlog\blog-view\node_modules\vue-loader\lib\loaders\pitcher.js??ref--4!D:\Java_project\HYPBlog\blog-view\node_modules\cache-loader\dist\cjs.js??ref--0-0!D:\Java_project\HYPBlog\blog-view\node_modules\vue-loader\lib\index.js??vue-loader-options!D:\Java_project\HYPBlog\blog-view\src\App.vue?vue&type=template&id=7ba5bd90
<s> [webpack.Progress] 40% building 30/38 modules 8 active D:\Java_project\HYPBlog\blog-view\node_modules\url\url.js
<s> [webpack.Progress] 40% building 30/39 modules 9 active D:\Java_project\HYPBlog\blog-view\node_modules\vue-loader\lib\loaders\pitcher.js??ref--4!D:\Java_project\HYPBlog\blog-view\node_modules\cache-loader\dist\cjs.js??ref--12-0!D:\Java_project\HYPBlog\blog-view\node_modules\babel-loader\lib\index.js!D:\Java_project\HYPBlog\blog-view\node_modules\cache-loader\dist\cjs.js??ref--0-0!D:\Java_project\HYPBlog\blog-view\node_modules\vue-loader\lib\index.js??vue-loader-options!D:\Java_project\HYPBlog\blog-view\src\App.vue?vue&type=script&lang=js
<s> [webpack.Progress] 40% building 31/39 modules 8 active D:\Java_project\HYPBlog\blog-view\node_modules\url\url.js
<s> [webpack.Progress] 40% building 31/40 modules 9 active D:\Java_project\HYPBlog\blog-view\node_modules\cache-loader\dist\cjs.js??ref--12-0!D:\Java_project\HYPBlog\blog-view\node_modules\babel-loader\lib\index.js!D:\Java_project\HYPBlog\blog-view\node_modules\cache-loader\dist\cjs.js??ref--0-0!D:\Java_project\HYPBlog\blog-view\node_modules\vue-loader\lib\index.js??vue-loader-options!D:\Java_project\HYPBlog\blog-view\src\App.vue?vue&type=script&lang=js
<s> [webpack.Progress] 40% building 32/40 modules 8 active D:\Java_project\HYPBlog\blog-view\node_modules\cache-loader\dist\cjs.js??ref--12-0!D:\Java_project\HYPBlog\blog-view\node_modules\babel-loader\lib\index.js!D:\Java_project\HYPBlog\blog-view\node_modules\cache-loader\dist\cjs.js??ref--0-0!D:\Java_project\HYPBlog\blog-view\node_modules\vue-loader\lib\index.js??vue-loader-options!D:\Java_project\HYPBlog\blog-view\src\App.vue?vue&type=script&lang=js
<s> [webpack.Progress] 40% building 33/40 modules 7 active D:\Java_project\HYPBlog\blog-view\node_modules\cache-loader\dist\cjs.js??ref--12-0!D:\Java_project\HYPBlog\blog-view\node_modules\babel-loader\lib\index.js!D:\Java_project\HYPBlog\blog-view\node_modules\cache-loader\dist\cjs.js??ref--0-0!D:\Java_project\HYPBlog\blog-view\node_modules\vue-loader\lib\index.js??vue-loader-options!D:\Java_project\HYPBlog\blog-view\src\App.vue?vue&type=script&lang=js
<s> [webpack.Progress] 40% building 34/40 modules 6 active D:\Java_project\HYPBlog\blog-view\node_modules\cache-loader\dist\cjs.js??ref--12-0!D:\Java_project\HYPBlog\blog-view\node_modules\babel-loader\lib\index.js!D:\Java_project\HYPBlog\blog-view\node_modules\cache-loader\dist\cjs.js??ref--0-0!D:\Java_project\HYPBlog\blog-view\node_modules\vue-loader\lib\index.js??vue-loader-options!D:\Java_project\HYPBlog\blog-view\src\App.vue?vue&type=script&lang=js
<s> [webpack.Progress] 40% building 35/40 modules 5 active D:\Java_project\HYPBlog\blog-view\node_modules\cache-loader\dist\cjs.js??ref--12-0!D:\Java_project\HYPBlog\blog-view\node_modules\babel-loader\lib\index.js!D:\Java_project\HYPBlog\blog-view\node_modules\cache-loader\dist\cjs.js??ref--0-0!D:\Java_project\HYPBlog\blog-view\node_modules\vue-loader\lib\index.js??vue-loader-options!D:\Java_project\HYPBlog\blog-view\src\App.vue?vue&type=script&lang=js
<s> [webpack.Progress] 40% building 36/40 modules 4 active D:\Java_project\HYPBlog\blog-view\node_modules\cache-loader\dist\cjs.js??ref--12-0!D:\Java_project\HYPBlog\blog-view\node_modules\babel-loader\lib\index.js!D:\Java_project\HYPBlog\blog-view\node_modules\cache-loader\dist\cjs.js??ref--0-0!D:\Java_project\HYPBlog\blog-view\node_modules\vue-loader\lib\index.js??vue-loader-options!D:\Java_project\HYPBlog\blog-view\src\App.vue?vue&type=script&lang=js
<s> [webpack.Progress] 40% building 36/41 modules 5 active D:\Java_project\HYPBlog\blog-view\node_modules\vue-style-loader\lib\addStylesClient.js
<s> [webpack.Progress] 40% building 37/41 modules 4 active D:\Java_project\HYPBlog\blog-view\node_modules\vue-style-loader\lib\addStylesClient.js
<s> [webpack.Progress] 40% building 37/42 modules 5 active D:\Java_project\HYPBlog\blog-view\node_modules\element-ui\lib\element-ui.common.js
<s> [webpack.Progress] 40% building 38/42 modules 4 active D:\Java_project\HYPBlog\blog-view\node_modules\element-ui\lib\element-ui.common.js
<s> [webpack.Progress] 40% building 38/43 modules 5 active D:\Java_project\HYPBlog\blog-view\node_modules\vue-loader\lib\runtime\componentNormalizer.js
<s> [webpack.Progress] 40% building 38/44 modules 6 active D:\Java_project\HYPBlog\blog-view\node_modules\cache-loader\dist\cjs.js?{"cacheDirectory":"node_modules/.cache/vue-loader","cacheIdentifier":"62f10814-vue-loader-template"}!D:\Java_project\HYPBlog\blog-view\node_modules\vue-loader\lib\loaders\templateLoader.js??vue-loader-options!D:\Java_project\HYPBlog\blog-view\node_modules\cache-loader\dist\cjs.js??ref--0-0!D:\Java_project\HYPBlog\blog-view\node_modules\vue-loader\lib\index.js??vue-loader-options!D:\Java_project\HYPBlog\blog-view\src\App.vue?vue&type=template&id=7ba5bd90
<s> [webpack.Progress] 40% building 38/45 modules 7 active D:\Java_project\HYPBlog\blog-view\node_modules\vue-lazyload\vue-lazyload.esm.js
<s> [webpack.Progress] 40% building 38/46 modules 8 active D:\Java_project\HYPBlog\blog-view\node_modules\url-loader\dist\cjs.js??ref--4-0!D:\Java_project\HYPBlog\blog-view\src\assets\css\icon\iconfont.woff?t=1610990526796
<s> [webpack.Progress] 40% building 38/47 modules 9 active D:\Java_project\HYPBlog\blog-view\node_modules\url-loader\dist\cjs.js??ref--4-0!D:\Java_project\HYPBlog\blog-view\src\assets\css\icon\iconfont.ttf?t=1610990526796
<s> [webpack.Progress] 40% building 38/48 modules 10 active D:\Java_project\HYPBlog\blog-view\node_modules\url-loader\dist\cjs.js??ref--4-0!D:\Java_project\HYPBlog\blog-view\src\assets\css\icon\iconfont.eot?t=1610990526796
<s> [webpack.Progress] 40% building 38/49 modules 11 active D:\Java_project\HYPBlog\blog-view\node_modules\cache-loader\dist\cjs.js??ref--12-0!D:\Java_project\HYPBlog\blog-view\node_modules\babel-loader\lib\index.js!D:\Java_project\HYPBlog\blog-view\src\router\index.js
<s> [webpack.Progress] 40% building 39/49 modules 10 active D:\Java_project\HYPBlog\blog-view\node_modules\cache-loader\dist\cjs.js??ref--12-0!D:\Java_project\HYPBlog\blog-view\node_modules\babel-loader\lib\index.js!D:\Java_project\HYPBlog\blog-view\src\router\index.js
<s> [webpack.Progress] 40% building 39/50 modules 11 active D:\Java_project\HYPBlog\blog-view\node_modules\cache-loader\dist\cjs.js??ref--12-0!D:\Java_project\HYPBlog\blog-view\node_modules\babel-loader\lib\index.js!D:\Java_project\HYPBlog\blog-view\src\store\index.js
<s> [webpack.Progress] 40% building 40/50 modules 10 active D:\Java_project\HYPBlog\blog-view\node_modules\cache-loader\dist\cjs.js??ref--12-0!D:\Java_project\HYPBlog\blog-view\node_modules\babel-loader\lib\index.js!D:\Java_project\HYPBlog\blog-view\src\store\index.js
<s> [webpack.Progress] 40% building 40/51 modules 11 active D:\Java_project\HYPBlog\blog-view\node_modules\v-viewer\dist\v-viewer.js
<s> [webpack.Progress] 40% building 41/51 modules 10 active D:\Java_project\HYPBlog\blog-view\node_modules\v-viewer\dist\v-viewer.js
<s> [webpack.Progress] 40% building 41/52 modules 11 active D:\Java_project\HYPBlog\blog-view\node_modules\webpack-dev-server\client\clients\BaseClient.js
<s> [webpack.Progress] 40% building 41/53 modules 12 active D:\Java_project\HYPBlog\blog-view\node_modules\vue-hot-reload-api\dist\index.js
<s> [webpack.Progress] 40% building 41/54 modules 13 active D:\Java_project\HYPBlog\blog-view\node_modules\url-loader\dist\cjs.js??ref--4-0!D:\Java_project\HYPBlog\blog-view\node_modules\element-ui\lib\theme-chalk\fonts\element-icons.woff
<s> [webpack.Progress] 40% building 41/55 modules 14 active D:\Java_project\HYPBlog\blog-view\node_modules\url-loader\dist\cjs.js??ref--4-0!D:\Java_project\HYPBlog\blog-view\node_modules\element-ui\lib\theme-chalk\fonts\element-icons.ttf
<s> [webpack.Progress] 40% building 41/56 modules 15 active D:\Java_project\HYPBlog\blog-view\node_modules\css-loader\dist\runtime\api.js
<s> [webpack.Progress] 40% building 41/57 modules 16 active D:\Java_project\HYPBlog\blog-view\node_modules\css-loader\dist\runtime\getUrl.js
<s> [webpack.Progress] 40% building 42/57 modules 15 active D:\Java_project\HYPBlog\blog-view\node_modules\css-loader\dist\runtime\getUrl.js
<s> [webpack.Progress] 40% building 43/57 modules 14 active D:\Java_project\HYPBlog\blog-view\node_modules\css-loader\dist\runtime\getUrl.js
<s> [webpack.Progress] 40% building 44/57 modules 13 active D:\Java_project\HYPBlog\blog-view\node_modules\css-loader\dist\runtime\getUrl.js
<s> [webpack.Progress] 40% building 45/57 modules 12 active D:\Java_project\HYPBlog\blog-view\node_modules\css-loader\dist\runtime\getUrl.js
<s> [webpack.Progress] 40% building 46/57 modules 11 active D:\Java_project\HYPBlog\blog-view\node_modules\css-loader\dist\runtime\getUrl.js
<s> [webpack.Progress] 40% building 46/58 modules 12 active D:\Java_project\HYPBlog\blog-view\node_modules\webpack-dev-server\node_modules\strip-ansi\index.js
<s> [webpack.Progress] 40% building 47/58 modules 11 active D:\Java_project\HYPBlog\blog-view\node_modules\webpack-dev-server\node_modules\strip-ansi\index.js
<s> [webpack.Progress] 40% building 48/58 modules 10 active D:\Java_project\HYPBlog\blog-view\node_modules\webpack-dev-server\node_modules\strip-ansi\index.js
<s> [webpack.Progress] 40% building 49/58 modules 9 active D:\Java_project\HYPBlog\blog-view\node_modules\webpack-dev-server\node_modules\strip-ansi\index.js
<s> [webpack.Progress] 40% building 50/58 modules 8 active D:\Java_project\HYPBlog\blog-view\node_modules\webpack-dev-server\node_modules\strip-ansi\index.js
<s> [webpack.Progress] 40% building 51/58 modules 7 active D:\Java_project\HYPBlog\blog-view\node_modules\webpack-dev-server\node_modules\strip-ansi\index.js
<s> [webpack.Progress] 40% building 52/58 modules 6 active D:\Java_project\HYPBlog\blog-view\node_modules\webpack-dev-server\node_modules\strip-ansi\index.js
<s> [webpack.Progress] 40% building 53/58 modules 5 active D:\Java_project\HYPBlog\blog-view\node_modules\webpack-dev-server\node_modules\strip-ansi\index.js
<s> [webpack.Progress] 40% building 54/58 modules 4 active D:\Java_project\HYPBlog\blog-view\node_modules\webpack-dev-server\node_modules\strip-ansi\index.js
<s> [webpack.Progress] 40% building 55/58 modules 3 active D:\Java_project\HYPBlog\blog-view\node_modules\webpack-dev-server\node_modules\strip-ansi\index.js
<s> [webpack.Progress] 40% building 56/58 modules 2 active D:\Java_project\HYPBlog\blog-view\node_modules\webpack-dev-server\node_modules\strip-ansi\index.js
<s> [webpack.Progress] 40% building 57/58 modules 1 active D:\Java_project\HYPBlog\blog-view\node_modules\webpack-dev-server\node_modules\strip-ansi\index.js
<s> [webpack.Progress] 40% building 57/59 modules 2 active D:\Java_project\HYPBlog\blog-view\node_modules\file-loader\dist\cjs.js??ref--2-0!D:\Java_project\HYPBlog\blog-view\src\assets\css\icon\iconfont.svg?t=1610990526796
<s> [webpack.Progress] 40% building 58/59 modules 1 active D:\Java_project\HYPBlog\blog-view\node_modules\file-loader\dist\cjs.js??ref--2-0!D:\Java_project\HYPBlog\blog-view\src\assets\css\icon\iconfont.svg?t=1610990526796
<s> [webpack.Progress] 40% building 58/60 modules 2 active D:\Java_project\HYPBlog\blog-view\node_modules\vue-style-loader\lib\listToStyles.js
<s> [webpack.Progress] 40% building 58/61 modules 3 active D:\Java_project\HYPBlog\blog-view\node_modules\url-loader\dist\cjs.js??ref--1-0!D:\Java_project\HYPBlog\blog-view\node_modules\semantic-ui-css\themes\default\assets\images\flags.png
<s> [webpack.Progress] 40% building 58/62 modules 4 active D:\Java_project\HYPBlog\blog-view\node_modules\url-loader\dist\cjs.js??ref--4-0!D:\Java_project\HYPBlog\blog-view\node_modules\semantic-ui-css\themes\default\assets\fonts\icons.eot
<s> [webpack.Progress] 40% building 58/63 modules 5 active D:\Java_project\HYPBlog\blog-view\node_modules\url-loader\dist\cjs.js??ref--4-0!D:\Java_project\HYPBlog\blog-view\node_modules\semantic-ui-css\themes\default\assets\fonts\icons.woff2
<s> [webpack.Progress] 40% building 58/64 modules 6 active D:\Java_project\HYPBlog\blog-view\node_modules\url-loader\dist\cjs.js??ref--4-0!D:\Java_project\HYPBlog\blog-view\node_modules\semantic-ui-css\themes\default\assets\fonts\icons.ttf
<s> [webpack.Progress] 40% building 58/65 modules 7 active D:\Java_project\HYPBlog\blog-view\node_modules\url-loader\dist\cjs.js??ref--4-0!D:\Java_project\HYPBlog\blog-view\node_modules\semantic-ui-css\themes\default\assets\fonts\outline-icons.eot
<s> [webpack.Progress] 40% building 58/66 modules 8 active D:\Java_project\HYPBlog\blog-view\node_modules\url-loader\dist\cjs.js??ref--4-0!D:\Java_project\HYPBlog\blog-view\node_modules\semantic-ui-css\themes\default\assets\fonts\icons.woff
<s> [webpack.Progress] 40% building 58/67 modules 9 active D:\Java_project\HYPBlog\blog-view\node_modules\url-loader\dist\cjs.js??ref--4-0!D:\Java_project\HYPBlog\blog-view\node_modules\semantic-ui-css\themes\default\assets\fonts\outline-icons.woff
<s> [webpack.Progress] 40% building 58/68 modules 10 active D:\Java_project\HYPBlog\blog-view\node_modules\url-loader\dist\cjs.js??ref--4-0!D:\Java_project\HYPBlog\blog-view\node_modules\semantic-ui-css\themes\default\assets\fonts\outline-icons.ttf
<s> [webpack.Progress] 40% building 58/69 modules 11 active D:\Java_project\HYPBlog\blog-view\node_modules\url-loader\dist\cjs.js??ref--4-0!D:\Java_project\HYPBlog\blog-view\node_modules\semantic-ui-css\themes\default\assets\fonts\outline-icons.woff2
<s> [webpack.Progress] 40% building 58/70 modules 12 active D:\Java_project\HYPBlog\blog-view\node_modules\url-loader\dist\cjs.js??ref--4-0!D:\Java_project\HYPBlog\blog-view\node_modules\semantic-ui-css\themes\default\assets\fonts\brand-icons.eot
<s> [webpack.Progress] 40% building 58/71 modules 13 active D:\Java_project\HYPBlog\blog-view\node_modules\url-loader\dist\cjs.js??ref--4-0!D:\Java_project\HYPBlog\blog-view\node_modules\semantic-ui-css\themes\default\assets\fonts\brand-icons.woff2
<s> [webpack.Progress] 40% building 58/72 modules 14 active D:\Java_project\HYPBlog\blog-view\node_modules\url-loader\dist\cjs.js??ref--4-0!D:\Java_project\HYPBlog\blog-view\node_modules\semantic-ui-css\themes\default\assets\fonts\brand-icons.woff
<s> [webpack.Progress] 40% building 58/73 modules 15 active D:\Java_project\HYPBlog\blog-view\node_modules\url-loader\dist\cjs.js??ref--4-0!D:\Java_project\HYPBlog\blog-view\node_modules\semantic-ui-css\themes\default\assets\fonts\brand-icons.ttf
<s> [webpack.Progress] 40% building 58/74 modules 16 active D:\Java_project\HYPBlog\blog-view\node_modules\file-loader\dist\cjs.js??ref--2-0!D:\Java_project\HYPBlog\blog-view\node_modules\semantic-ui-css\themes\default\assets\fonts\outline-icons.svg
<s> [webpack.Progress] 40% building 58/75 modules 17 active D:\Java_project\HYPBlog\blog-view\node_modules\file-loader\dist\cjs.js??ref--2-0!D:\Java_project\HYPBlog\blog-view\node_modules\semantic-ui-css\themes\default\assets\fonts\brand-icons.svg
<s> [webpack.Progress] 40% building 58/76 modules 18 active D:\Java_project\HYPBlog\blog-view\node_modules\file-loader\dist\cjs.js??ref--2-0!D:\Java_project\HYPBlog\blog-view\node_modules\semantic-ui-css\themes\default\assets\fonts\icons.svg
<s> [webpack.Progress] 40% building 58/77 modules 19 active D:\Java_project\HYPBlog\blog-view\node_modules\moment\moment.js
<s> [webpack.Progress] 40% building 58/78 modules 20 active D:\Java_project\HYPBlog\blog-view\node_modules\ansi-html-community\index.js
<s> [webpack.Progress] 40% building 58/79 modules 21 active D:\Java_project\HYPBlog\blog-view\node_modules\node-libs-browser\node_modules\punycode\punycode.js
<s> [webpack.Progress] 40% building 58/80 modules 22 active D:\Java_project\HYPBlog\blog-view\node_modules\cache-loader\dist\cjs.js??ref--12-0!D:\Java_project\HYPBlog\blog-view\node_modules\babel-loader\lib\index.js!D:\Java_project\HYPBlog\blog-view\src\util\get-page-title.js
<s> [webpack.Progress] 40% building 58/81 modules 23 active D:\Java_project\HYPBlog\blog-view\node_modules\html-entities\lib\index.js
<s> [webpack.Progress] 40% building 58/82 modules 24 active D:\Java_project\HYPBlog\blog-view\node_modules\cache-loader\dist\cjs.js??ref--12-0!D:\Java_project\HYPBlog\blog-view\node_modules\babel-loader\lib\index.js!D:\Java_project\HYPBlog\blog-view\src\store\state.js
<s> [webpack.Progress] 40% building 58/83 modules 25 active D:\Java_project\HYPBlog\blog-view\node_modules\cache-loader\dist\cjs.js??ref--12-0!D:\Java_project\HYPBlog\blog-view\node_modules\babel-loader\lib\index.js!D:\Java_project\HYPBlog\blog-view\src\store\mutations.js
<s> [webpack.Progress] 40% building 58/84 modules 26 active D:\Java_project\HYPBlog\blog-view\node_modules\cache-loader\dist\cjs.js??ref--12-0!D:\Java_project\HYPBlog\blog-view\node_modules\babel-loader\lib\index.js!D:\Java_project\HYPBlog\blog-view\src\store\actions.js
<s> [webpack.Progress] 40% building 58/85 modules 27 active D:\Java_project\HYPBlog\blog-view\node_modules\cache-loader\dist\cjs.js??ref--12-0!D:\Java_project\HYPBlog\blog-view\node_modules\babel-loader\lib\index.js!D:\Java_project\HYPBlog\blog-view\src\store\getters.js
<s> [webpack.Progress] 40% building 59/85 modules 26 active D:\Java_project\HYPBlog\blog-view\node_modules\cache-loader\dist\cjs.js??ref--12-0!D:\Java_project\HYPBlog\blog-view\node_modules\babel-loader\lib\index.js!D:\Java_project\HYPBlog\blog-view\src\store\getters.js
<s> [webpack.Progress] 40% building 59/86 modules 27 active D:\Java_project\HYPBlog\blog-view\node_modules\loglevel\lib\loglevel.js
<s> [webpack.Progress] 40% building 59/87 modules 28 active D:\Java_project\HYPBlog\blog-view\node_modules\element-ui\lib\input.js
<s> [webpack.Progress] 40% building 59/88 modules 29 active D:\Java_project\HYPBlog\blog-view\node_modules\element-ui\lib\button.js
<s> [webpack.Progress] 40% building 59/89 modules 30 active D:\Java_project\HYPBlog\blog-view\node_modules\element-ui\lib\checkbox.js
<s> [webpack.Progress] 40% building 59/90 modules 31 active D:\Java_project\HYPBlog\blog-view\node_modules\element-ui\lib\scrollbar.js
<s> [webpack.Progress] 40% building 59/91 modules 32 active D:\Java_project\HYPBlog\blog-view\node_modules\element-ui\lib\button-group.js
<s> [webpack.Progress] 40% building 59/92 modules 33 active D:\Java_project\HYPBlog\blog-view\node_modules\element-ui\lib\tooltip.js
<s> [webpack.Progress] 40% building 59/93 modules 34 active D:\Java_project\HYPBlog\blog-view\node_modules\element-ui\lib\tag.js
<s> [webpack.Progress] 40% building 59/94 modules 35 active D:\Java_project\HYPBlog\blog-view\node_modules\element-ui\lib\checkbox-group.js
<s> [webpack.Progress] 40% building 59/95 modules 36 active D:\Java_project\HYPBlog\blog-view\node_modules\element-ui\lib\progress.js
<s> [webpack.Progress] 40% building 59/96 modules 37 active D:\Java_project\HYPBlog\blog-view\node_modules\element-ui\lib\select.js
<s> [webpack.Progress] 40% building 59/97 modules 38 active D:\Java_project\HYPBlog\blog-view\node_modules\element-ui\lib\option.js
<s> [webpack.Progress] 40% building 59/98 modules 39 active D:\Java_project\HYPBlog\blog-view\node_modules\element-ui\lib\input-number.js
<s> [webpack.Progress] 40% building 59/99 modules 40 active D:\Java_project\HYPBlog\blog-view\node_modules\element-ui\lib\cascader-panel.js
<s> [webpack.Progress] 40% building 59/100 modules 41 active D:\Java_project\HYPBlog\blog-view\node_modules\element-ui\lib\radio.js
<s> [webpack.Progress] 40% building 59/101 modules 42 active D:\Java_project\HYPBlog\blog-view\node_modules\element-ui\lib\popover.js
<s> [webpack.Progress] 40% building 60/101 modules 41 active D:\Java_project\HYPBlog\blog-view\node_modules\element-ui\lib\popover.js
<s> [webpack.Progress] 40% building 61/101 modules 40 active D:\Java_project\HYPBlog\blog-view\node_modules\element-ui\lib\popover.js
<s> [webpack.Progress] 40% building 62/101 modules 39 active D:\Java_project\HYPBlog\blog-view\node_modules\element-ui\lib\popover.js
<s> [webpack.Progress] 40% building 63/101 modules 38 active D:\Java_project\HYPBlog\blog-view\node_modules\element-ui\lib\popover.js
<s> [webpack.Progress] 40% building 64/101 modules 37 active D:\Java_project\HYPBlog\blog-view\node_modules\element-ui\lib\popover.js
<s> [webpack.Progress] 40% building 65/101 modules 36 active D:\Java_project\HYPBlog\blog-view\node_modules\element-ui\lib\popover.js
<s> [webpack.Progress] 40% building 66/101 modules 35 active D:\Java_project\HYPBlog\blog-view\node_modules\element-ui\lib\popover.js
<s> [webpack.Progress] 40% building 67/101 modules 34 active D:\Java_project\HYPBlog\blog-view\node_modules\element-ui\lib\popover.js
<s> [webpack.Progress] 40% building 68/101 modules 33 active D:\Java_project\HYPBlog\blog-view\node_modules\element-ui\lib\popover.js
<s> [webpack.Progress] 40% building 69/101 modules 32 active D:\Java_project\HYPBlog\blog-view\node_modules\element-ui\lib\popover.js
<s> [webpack.Progress] 40% building 70/101 modules 31 active D:\Java_project\HYPBlog\blog-view\node_modules\element-ui\lib\popover.js
<s> [webpack.Progress] 40% building 71/101 modules 30 active D:\Java_project\HYPBlog\blog-view\node_modules\element-ui\lib\popover.js
<s> [webpack.Progress] 40% building 72/101 modules 29 active D:\Java_project\HYPBlog\blog-view\node_modules\element-ui\lib\popover.js
<s> [webpack.Progress] 40% building 73/101 modules 28 active D:\Java_project\HYPBlog\blog-view\node_modules\element-ui\lib\popover.js
<s> [webpack.Progress] 40% building 74/101 modules 27 active D:\Java_project\HYPBlog\blog-view\node_modules\element-ui\lib\popover.js
<s> [webpack.Progress] 40% building 75/101 modules 26 active D:\Java_project\HYPBlog\blog-view\node_modules\element-ui\lib\popover.js
<s> [webpack.Progress] 40% building 76/101 modules 25 active D:\Java_project\HYPBlog\blog-view\node_modules\element-ui\lib\popover.js
<s> [webpack.Progress] 40% building 77/101 modules 24 active D:\Java_project\HYPBlog\blog-view\node_modules\element-ui\lib\popover.js
<s> [webpack.Progress] 40% building 77/102 modules 25 active D:\Java_project\HYPBlog\blog-view\node_modules\webpack\buildin\module.js
<s> [webpack.Progress] 40% building 78/102 modules 24 active D:\Java_project\HYPBlog\blog-view\node_modules\element-ui\lib\popover.js
<s> [webpack.Progress] 40% building 78/103 modules 25 active D:\Java_project\HYPBlog\blog-view\node_modules\sockjs-client\dist\sockjs.js
<s> [webpack.Progress] 40% building 79/103 modules 24 active D:\Java_project\HYPBlog\blog-view\node_modules\sockjs-client\dist\sockjs.js
<s> [webpack.Progress] 40% building 79/104 modules 25 active D:\Java_project\HYPBlog\blog-view\node_modules\element-ui\lib\utils\util.js
<s> [webpack.Progress] 40% building 79/105 modules 26 active D:\Java_project\HYPBlog\blog-view\node_modules\element-ui\lib\utils\date-util.js
<s> [webpack.Progress] 40% building 79/106 modules 27 active D:\Java_project\HYPBlog\blog-view\node_modules\element-ui\lib\utils\dom.js
<s> [webpack.Progress] 40% building 79/107 modules 28 active D:\Java_project\HYPBlog\blog-view\node_modules\element-ui\lib\utils\vue-popper.js
<s> [webpack.Progress] 40% building 79/108 modules 29 active D:\Java_project\HYPBlog\blog-view\node_modules\element-ui\lib\utils\merge.js
<s> [webpack.Progress] 40% building 79/109 modules 30 active D:\Java_project\HYPBlog\blog-view\node_modules\element-ui\lib\utils\clickoutside.js
<s> [webpack.Progress] 40% building 79/110 modules 31 active D:\Java_project\HYPBlog\blog-view\node_modules\element-ui\lib\utils\types.js
<s> [webpack.Progress] 40% building 79/111 modules 32 active D:\Java_project\HYPBlog\blog-view\node_modules\element-ui\lib\utils\vdom.js
<s> [webpack.Progress] 40% building 79/112 modules 33 active D:\Java_project\HYPBlog\blog-view\node_modules\element-ui\lib\utils\resize-event.js
<s> [webpack.Progress] 40% building 79/113 modules 34 active D:\Java_project\HYPBlog\blog-view\node_modules\element-ui\lib\utils\scroll-into-view.js
<s> [webpack.Progress] 40% building 79/114 modules 35 active D:\Java_project\HYPBlog\blog-view\node_modules\element-ui\lib\utils\aria-utils.js
<s> [webpack.Progress] 40% building 79/115 modules 36 active D:\Java_project\HYPBlog\blog-view\node_modules\element-ui\lib\utils\scrollbar-width.js
<s> [webpack.Progress] 40% building 79/116 modules 37 active D:\Java_project\HYPBlog\blog-view\node_modules\element-ui\lib\utils\aria-dialog.js
<s> [webpack.Progress] 40% building 79/117 modules 38 active D:\Java_project\HYPBlog\blog-view\node_modules\element-ui\lib\utils\shared.js
<s> [webpack.Progress] 40% building 79/118 modules 39 active D:\Java_project\HYPBlog\blog-view\node_modules\element-ui\lib\utils\after-leave.js
<s> [webpack.Progress] 40% building 79/119 modules 40 active D:\Java_project\HYPBlog\blog-view\node_modules\element-ui\lib\utils\date.js
<s> [webpack.Progress] 40% building 79/120 modules 41 active D:\Java_project\HYPBlog\blog-view\node_modules\element-ui\lib\mixins\emitter.js
<s> [webpack.Progress] 40% building 79/121 modules 42 active D:\Java_project\HYPBlog\blog-view\node_modules\element-ui\lib\mixins\locale.js
<s> [webpack.Progress] 40% building 79/122 modules 43 active D:\Java_project\HYPBlog\blog-view\node_modules\element-ui\lib\mixins\migrating.js
<s> [webpack.Progress] 40% building 79/123 modules 44 active D:\Java_project\HYPBlog\blog-view\node_modules\element-ui\lib\mixins\focus.js
<s> [webpack.Progress] 40% building 79/124 modules 45 active D:\Java_project\HYPBlog\blog-view\node_modules\element-ui\lib\transitions\collapse-transition.js
<s> [webpack.Progress] 40% building 80/124 modules 44 active D:\Java_project\HYPBlog\blog-view\node_modules\element-ui\lib\transitions\collapse-transition.js
<s> [webpack.Progress] 40% building 81/124 modules 43 active D:\Java_project\HYPBlog\blog-view\node_modules\element-ui\lib\transitions\collapse-transition.js
<s> [webpack.Progress] 40% building 82/124 modules 42 active D:\Java_project\HYPBlog\blog-view\node_modules\element-ui\lib\transitions\collapse-transition.js
<s> [webpack.Progress] 40% building 82/125 modules 43 active D:\Java_project\HYPBlog\blog-view\node_modules\moment\locale sync /^\.\/.*$/
<s> [webpack.Progress] 40% building 83/125 modules 42 active D:\Java_project\HYPBlog\blog-view\node_modules\moment\locale sync /^\.\/.*$/
<s> [webpack.Progress] 40% building 84/125 modules 41 active D:\Java_project\HYPBlog\blog-view\node_modules\moment\locale sync /^\.\/.*$/
<s> [webpack.Progress] 40% building 85/125 modules 40 active D:\Java_project\HYPBlog\blog-view\node_modules\moment\locale sync /^\.\/.*$/
<s> [webpack.Progress] 40% building 86/125 modules 39 active D:\Java_project\HYPBlog\blog-view\node_modules\moment\locale sync /^\.\/.*$/
<s> [webpack.Progress] 40% building 87/125 modules 38 active D:\Java_project\HYPBlog\blog-view\node_modules\moment\locale sync /^\.\/.*$/
<s> [webpack.Progress] 40% building 88/125 modules 37 active D:\Java_project\HYPBlog\blog-view\node_modules\moment\locale sync /^\.\/.*$/
<s> [webpack.Progress] 40% building 89/125 modules 36 active D:\Java_project\HYPBlog\blog-view\node_modules\moment\locale sync /^\.\/.*$/
<s> [webpack.Progress] 40% building 90/125 modules 35 active D:\Java_project\HYPBlog\blog-view\node_modules\moment\locale sync /^\.\/.*$/
<s> [webpack.Progress] 40% building 91/125 modules 34 active D:\Java_project\HYPBlog\blog-view\node_modules\moment\locale sync /^\.\/.*$/
<s> [webpack.Progress] 40% building 92/125 modules 33 active D:\Java_project\HYPBlog\blog-view\node_modules\moment\locale sync /^\.\/.*$/
<s> [webpack.Progress] 40% building 93/125 modules 32 active D:\Java_project\HYPBlog\blog-view\node_modules\moment\locale sync /^\.\/.*$/
<s> [webpack.Progress] 40% building 94/125 modules 31 active D:\Java_project\HYPBlog\blog-view\node_modules\moment\locale sync /^\.\/.*$/
<s> [webpack.Progress] 40% building 95/125 modules 30 active D:\Java_project\HYPBlog\blog-view\node_modules\moment\locale sync /^\.\/.*$/
<s> [webpack.Progress] 40% building 96/125 modules 29 active D:\Java_project\HYPBlog\blog-view\node_modules\moment\locale sync /^\.\/.*$/
<s> [webpack.Progress] 40% building 97/125 modules 28 active D:\Java_project\HYPBlog\blog-view\node_modules\moment\locale sync /^\.\/.*$/
<s> [webpack.Progress] 40% building 98/125 modules 27 active D:\Java_project\HYPBlog\blog-view\node_modules\moment\locale sync /^\.\/.*$/
<s> [webpack.Progress] 40% building 99/125 modules 26 active D:\Java_project\HYPBlog\blog-view\node_modules\moment\locale sync /^\.\/.*$/
<s> [webpack.Progress] 40% building 100/125 modules 25 active D:\Java_project\HYPBlog\blog-view\node_modules\moment\locale sync /^\.\/.*$/
<s> [webpack.Progress] 40% building 101/125 modules 24 active D:\Java_project\HYPBlog\blog-view\node_modules\moment\locale sync /^\.\/.*$/
<s> [webpack.Progress] 40% building 102/125 modules 23 active D:\Java_project\HYPBlog\blog-view\node_modules\moment\locale sync /^\.\/.*$/
<s> [webpack.Progress] 40% building 102/126 modules 24 active D:\Java_project\HYPBlog\blog-view\node_modules\throttle-debounce\throttle.js
<s> [webpack.Progress] 40% building 102/127 modules 25 active D:\Java_project\HYPBlog\blog-view\node_modules\throttle-debounce\debounce.js
<s> [webpack.Progress] 40% building 102/128 modules 26 active D:\Java_project\HYPBlog\blog-view\node_modules\cache-loader\dist\cjs.js??ref--0-0!D:\Java_project\HYPBlog\blog-view\node_modules\vue-loader\lib\index.js??vue-loader-options!D:\Java_project\HYPBlog\blog-view\src\views\Index.vue
<s> [webpack.Progress] 40% building 102/129 modules 27 active D:\Java_project\HYPBlog\blog-view\node_modules\cache-loader\dist\cjs.js??ref--0-0!D:\Java_project\HYPBlog\blog-view\node_modules\vue-loader\lib\index.js??vue-loader-options!D:\Java_project\HYPBlog\blog-view\src\views\Login.vue
<s> [webpack.Progress] 40% building 102/130 modules 28 active D:\Java_project\HYPBlog\blog-view\node_modules\cache-loader\dist\cjs.js??ref--0-0!D:\Java_project\HYPBlog\blog-view\node_modules\vue-loader\lib\index.js??vue-loader-options!D:\Java_project\HYPBlog\blog-view\src\views\home\Home.vue
<s> [webpack.Progress] 40% building 102/131 modules 29 active D:\Java_project\HYPBlog\blog-view\node_modules\cache-loader\dist\cjs.js??ref--0-0!D:\Java_project\HYPBlog\blog-view\node_modules\vue-loader\lib\index.js??vue-loader-options!D:\Java_project\HYPBlog\blog-view\src\views\archives\Archives.vue
<s> [webpack.Progress] 40% building 102/132 modules 30 active D:\Java_project\HYPBlog\blog-view\node_modules\cache-loader\dist\cjs.js??ref--0-0!D:\Java_project\HYPBlog\blog-view\node_modules\vue-loader\lib\index.js??vue-loader-options!D:\Java_project\HYPBlog\blog-view\src\views\blog\Blog.vue
<s> [webpack.Progress] 40% building 102/133 modules 31 active D:\Java_project\HYPBlog\blog-view\node_modules\cache-loader\dist\cjs.js??ref--0-0!D:\Java_project\HYPBlog\blog-view\node_modules\vue-loader\lib\index.js??vue-loader-options!D:\Java_project\HYPBlog\blog-view\src\views\tag\Tag.vue
<s> [webpack.Progress] 40% building 102/134 modules 32 active D:\Java_project\HYPBlog\blog-view\node_modules\cache-loader\dist\cjs.js??ref--0-0!D:\Java_project\HYPBlog\blog-view\node_modules\vue-loader\lib\index.js??vue-loader-options!D:\Java_project\HYPBlog\blog-view\src\views\moments\Moments.vue
<s> [webpack.Progress] 40% building 102/135 modules 33 active D:\Java_project\HYPBlog\blog-view\node_modules\cache-loader\dist\cjs.js??ref--0-0!D:\Java_project\HYPBlog\blog-view\node_modules\vue-loader\lib\index.js??vue-loader-options!D:\Java_project\HYPBlog\blog-view\src\views\category\Category.vue
<s> [webpack.Progress] 40% building 103/135 modules 32 active D:\Java_project\HYPBlog\blog-view\node_modules\cache-loader\dist\cjs.js??ref--0-0!D:\Java_project\HYPBlog\blog-view\node_modules\vue-loader\lib\index.js??vue-loader-options!D:\Java_project\HYPBlog\blog-view\src\views\category\Category.vue
<s> [webpack.Progress] 40% building 103/136 modules 33 active D:\Java_project\HYPBlog\blog-view\node_modules\cache-loader\dist\cjs.js??ref--0-0!D:\Java_project\HYPBlog\blog-view\node_modules\vue-loader\lib\index.js??vue-loader-options!D:\Java_project\HYPBlog\blog-view\src\views\friends\Friends.vue
<s> [webpack.Progress] 40% building 103/137 modules 34 active D:\Java_project\HYPBlog\blog-view\node_modules\cache-loader\dist\cjs.js??ref--0-0!D:\Java_project\HYPBlog\blog-view\node_modules\vue-loader\lib\index.js??vue-loader-options!D:\Java_project\HYPBlog\blog-view\src\views\about\About.vue
<s> [webpack.Progress] 40% building 104/137 modules 33 active D:\Java_project\HYPBlog\blog-view\node_modules\cache-loader\dist\cjs.js??ref--0-0!D:\Java_project\HYPBlog\blog-view\node_modules\vue-loader\lib\index.js??vue-loader-options!D:\Java_project\HYPBlog\blog-view\src\views\about\About.vue
<s> [webpack.Progress] 40% building 105/137 modules 32 active D:\Java_project\HYPBlog\blog-view\node_modules\cache-loader\dist\cjs.js??ref--0-0!D:\Java_project\HYPBlog\blog-view\node_modules\vue-loader\lib\index.js??vue-loader-options!D:\Java_project\HYPBlog\blog-view\src\views\about\About.vue
<s> [webpack.Progress] 40% building 106/137 modules 31 active D:\Java_project\HYPBlog\blog-view\node_modules\cache-loader\dist\cjs.js??ref--0-0!D:\Java_project\HYPBlog\blog-view\node_modules\vue-loader\lib\index.js??vue-loader-options!D:\Java_project\HYPBlog\blog-view\src\views\about\About.vue
<s> [webpack.Progress] 40% building 107/137 modules 30 active D:\Java_project\HYPBlog\blog-view\node_modules\cache-loader\dist\cjs.js??ref--0-0!D:\Java_project\HYPBlog\blog-view\node_modules\vue-loader\lib\index.js??vue-loader-options!D:\Java_project\HYPBlog\blog-view\src\views\about\About.vue
<s> [webpack.Progress] 40% building 108/137 modules 29 active D:\Java_project\HYPBlog\blog-view\node_modules\cache-loader\dist\cjs.js??ref--0-0!D:\Java_project\HYPBlog\blog-view\node_modules\vue-loader\lib\index.js??vue-loader-options!D:\Java_project\HYPBlog\blog-view\src\views\about\About.vue
<s> [webpack.Progress] 40% building 109/137 modules 28 active D:\Java_project\HYPBlog\blog-view\node_modules\cache-loader\dist\cjs.js??ref--0-0!D:\Java_project\HYPBlog\blog-view\node_modules\vue-loader\lib\index.js??vue-loader-options!D:\Java_project\HYPBlog\blog-view\src\views\about\About.vue
<s> [webpack.Progress] 40% building 110/137 modules 27 active D:\Java_project\HYPBlog\blog-view\node_modules\cache-loader\dist\cjs.js??ref--0-0!D:\Java_project\HYPBlog\blog-view\node_modules\vue-loader\lib\index.js??vue-loader-options!D:\Java_project\HYPBlog\blog-view\src\views\about\About.vue
<s> [webpack.Progress] 40% building 111/137 modules 26 active D:\Java_project\HYPBlog\blog-view\node_modules\cache-loader\dist\cjs.js??ref--0-0!D:\Java_project\HYPBlog\blog-view\node_modules\vue-loader\lib\index.js??vue-loader-options!D:\Java_project\HYPBlog\blog-view\src\views\about\About.vue
<s> [webpack.Progress] 40% building 112/137 modules 25 active D:\Java_project\HYPBlog\blog-view\node_modules\cache-loader\dist\cjs.js??ref--0-0!D:\Java_project\HYPBlog\blog-view\node_modules\vue-loader\lib\index.js??vue-loader-options!D:\Java_project\HYPBlog\blog-view\src\views\about\About.vue
<s> [webpack.Progress] 40% building 113/137 modules 24 active D:\Java_project\HYPBlog\blog-view\node_modules\cache-loader\dist\cjs.js??ref--0-0!D:\Java_project\HYPBlog\blog-view\node_modules\vue-loader\lib\index.js??vue-loader-options!D:\Java_project\HYPBlog\blog-view\src\views\about\About.vue
<s> [webpack.Progress] 40% building 114/137 modules 23 active D:\Java_project\HYPBlog\blog-view\node_modules\cache-loader\dist\cjs.js??ref--0-0!D:\Java_project\HYPBlog\blog-view\node_modules\vue-loader\lib\index.js??vue-loader-options!D:\Java_project\HYPBlog\blog-view\src\views\about\About.vue
<s> [webpack.Progress] 40% building 115/137 modules 22 active D:\Java_project\HYPBlog\blog-view\node_modules\cache-loader\dist\cjs.js??ref--0-0!D:\Java_project\HYPBlog\blog-view\node_modules\vue-loader\lib\index.js??vue-loader-options!D:\Java_project\HYPBlog\blog-view\src\views\about\About.vue
<s> [webpack.Progress] 40% building 116/137 modules 21 active D:\Java_project\HYPBlog\blog-view\node_modules\cache-loader\dist\cjs.js??ref--0-0!D:\Java_project\HYPBlog\blog-view\node_modules\vue-loader\lib\index.js??vue-loader-options!D:\Java_project\HYPBlog\blog-view\src\views\about\About.vue
<s> [webpack.Progress] 40% building 117/137 modules 20 active D:\Java_project\HYPBlog\blog-view\node_modules\cache-loader\dist\cjs.js??ref--0-0!D:\Java_project\HYPBlog\blog-view\node_modules\vue-loader\lib\index.js??vue-loader-options!D:\Java_project\HYPBlog\blog-view\src\views\about\About.vue
<s> [webpack.Progress] 40% building 118/137 modules 19 active D:\Java_project\HYPBlog\blog-view\node_modules\cache-loader\dist\cjs.js??ref--0-0!D:\Java_project\HYPBlog\blog-view\node_modules\vue-loader\lib\index.js??vue-loader-options!D:\Java_project\HYPBlog\blog-view\src\views\about\About.vue
<s> [webpack.Progress] 40% building 119/137 modules 18 active D:\Java_project\HYPBlog\blog-view\node_modules\cache-loader\dist\cjs.js??ref--0-0!D:\Java_project\HYPBlog\blog-view\node_modules\vue-loader\lib\index.js??vue-loader-options!D:\Java_project\HYPBlog\blog-view\src\views\about\About.vue
<s> [webpack.Progress] 40% building 120/137 modules 17 active D:\Java_project\HYPBlog\blog-view\node_modules\cache-loader\dist\cjs.js??ref--0-0!D:\Java_project\HYPBlog\blog-view\node_modules\vue-loader\lib\index.js??vue-loader-options!D:\Java_project\HYPBlog\blog-view\src\views\about\About.vue
<s> [webpack.Progress] 40% building 121/137 modules 16 active D:\Java_project\HYPBlog\blog-view\node_modules\cache-loader\dist\cjs.js??ref--0-0!D:\Java_project\HYPBlog\blog-view\node_modules\vue-loader\lib\index.js??vue-loader-options!D:\Java_project\HYPBlog\blog-view\src\views\about\About.vue
<s> [webpack.Progress] 40% building 122/137 modules 15 active D:\Java_project\HYPBlog\blog-view\node_modules\cache-loader\dist\cjs.js??ref--0-0!D:\Java_project\HYPBlog\blog-view\node_modules\vue-loader\lib\index.js??vue-loader-options!D:\Java_project\HYPBlog\blog-view\src\views\about\About.vue
<s> [webpack.Progress] 40% building 123/137 modules 14 active D:\Java_project\HYPBlog\blog-view\node_modules\cache-loader\dist\cjs.js??ref--0-0!D:\Java_project\HYPBlog\blog-view\node_modules\vue-loader\lib\index.js??vue-loader-options!D:\Java_project\HYPBlog\blog-view\src\views\about\About.vue
<s> [webpack.Progress] 40% building 124/137 modules 13 active D:\Java_project\HYPBlog\blog-view\node_modules\cache-loader\dist\cjs.js??ref--0-0!D:\Java_project\HYPBlog\blog-view\node_modules\vue-loader\lib\index.js??vue-loader-options!D:\Java_project\HYPBlog\blog-view\src\views\about\About.vue
<s> [webpack.Progress] 40% building 125/137 modules 12 active D:\Java_project\HYPBlog\blog-view\node_modules\cache-loader\dist\cjs.js??ref--0-0!D:\Java_project\HYPBlog\blog-view\node_modules\vue-loader\lib\index.js??vue-loader-options!D:\Java_project\HYPBlog\blog-view\src\views\about\About.vue
<s> [webpack.Progress] 40% building 125/138 modules 13 active D:\Java_project\HYPBlog\blog-view\node_modules\moment\locale\af.js
<s> [webpack.Progress] 40% building 125/139 modules 14 active D:\Java_project\HYPBlog\blog-view\node_modules\moment\locale\ar-dz.js
<s> [webpack.Progress] 40% building 125/140 modules 15 active D:\Java_project\HYPBlog\blog-view\node_modules\moment\locale\ar-kw.js
<s> [webpack.Progress] 40% building 125/141 modules 16 active D:\Java_project\HYPBlog\blog-view\node_modules\moment\locale\ar-ly.js
<s> [webpack.Progress] 40% building 125/142 modules 17 active D:\Java_project\HYPBlog\blog-view\node_modules\moment\locale\ar-ma.js
<s> [webpack.Progress] 40% building 125/143 modules 18 active D:\Java_project\HYPBlog\blog-view\node_modules\moment\locale\ar-sa.js
<s> [webpack.Progress] 40% building 125/144 modules 19 active D:\Java_project\HYPBlog\blog-view\node_modules\moment\locale\ar-tn.js
<s> [webpack.Progress] 40% building 125/145 modules 20 active D:\Java_project\HYPBlog\blog-view\node_modules\moment\locale\az.js
<s> [webpack.Progress] 40% building 125/146 modules 21 active D:\Java_project\HYPBlog\blog-view\node_modules\moment\locale\ar.js
<s> [webpack.Progress] 40% building 125/147 modules 22 active D:\Java_project\HYPBlog\blog-view\node_modules\moment\locale\be.js
<s> [webpack.Progress] 40% building 125/148 modules 23 active D:\Java_project\HYPBlog\blog-view\node_modules\moment\locale\bg.js
<s> [webpack.Progress] 40% building 125/149 modules 24 active D:\Java_project\HYPBlog\blog-view\node_modules\moment\locale\bm.js
<s> [webpack.Progress] 40% building 125/150 modules 25 active D:\Java_project\HYPBlog\blog-view\node_modules\moment\locale\bn.js
<s> [webpack.Progress] 40% building 125/151 modules 26 active D:\Java_project\HYPBlog\blog-view\node_modules\moment\locale\bo.js
<s> [webpack.Progress] 40% building 125/152 modules 27 active D:\Java_project\HYPBlog\blog-view\node_modules\moment\locale\br.js
<s> [webpack.Progress] 40% building 125/153 modules 28 active D:\Java_project\HYPBlog\blog-view\node_modules\moment\locale\bs.js
<s> [webpack.Progress] 40% building 125/154 modules 29 active D:\Java_project\HYPBlog\blog-view\node_modules\moment\locale\ca.js
<s> [webpack.Progress] 40% building 125/155 modules 30 active D:\Java_project\HYPBlog\blog-view\node_modules\moment\locale\cs.js
<s> [webpack.Progress] 40% building 125/156 modules 31 active D:\Java_project\HYPBlog\blog-view\node_modules\moment\locale\cv.js
<s> [webpack.Progress] 40% building 125/157 modules 32 active D:\Java_project\HYPBlog\blog-view\node_modules\moment\locale\cy.js
<s> [webpack.Progress] 40% building 125/158 modules 33 active D:\Java_project\HYPBlog\blog-view\node_modules\moment\locale\da.js
<s> [webpack.Progress] 40% building 125/159 modules 34 active D:\Java_project\HYPBlog\blog-view\node_modules\moment\locale\zh-tw.js
<s> [webpack.Progress] 40% building 125/160 modules 35 active D:\Java_project\HYPBlog\blog-view\node_modules\moment\locale\zh-mo.js
<s> [webpack.Progress] 40% building 125/161 modules 36 active D:\Java_project\HYPBlog\blog-view\node_modules\moment\locale\zh-hk.js
<s> [webpack.Progress] 40% building 126/161 modules 35 active D:\Java_project\HYPBlog\blog-view\node_modules\moment\locale\zh-hk.js
<s> [webpack.Progress] 40% building 127/161 modules 34 active D:\Java_project\HYPBlog\blog-view\node_modules\moment\locale\zh-hk.js
<s> [webpack.Progress] 40% building 128/161 modules 33 active D:\Java_project\HYPBlog\blog-view\node_modules\moment\locale\zh-hk.js
<s> [webpack.Progress] 40% building 129/161 modules 32 active D:\Java_project\HYPBlog\blog-view\node_modules\moment\locale\zh-hk.js
<s> [webpack.Progress] 40% building 130/161 modules 31 active D:\Java_project\HYPBlog\blog-view\node_modules\moment\locale\zh-hk.js
<s> [webpack.Progress] 40% building 131/161 modules 30 active D:\Java_project\HYPBlog\blog-view\node_modules\moment\locale\zh-hk.js
<s> [webpack.Progress] 40% building 132/161 modules 29 active D:\Java_project\HYPBlog\blog-view\node_modules\moment\locale\zh-hk.js
<s> [webpack.Progress] 40% building 133/161 modules 28 active D:\Java_project\HYPBlog\blog-view\node_modules\moment\locale\zh-hk.js
<s> [webpack.Progress] 40% building 134/161 modules 27 active D:\Java_project\HYPBlog\blog-view\node_modules\moment\locale\zh-hk.js
<s> [webpack.Progress] 40% building 135/161 modules 26 active D:\Java_project\HYPBlog\blog-view\node_modules\moment\locale\zh-hk.js
<s> [webpack.Progress] 40% building 135/162 modules 27 active D:\Java_project\HYPBlog\blog-view\src\plugins\tvMapper.json
<s> [webpack.Progress] 40% building 135/163 modules 28 active D:\Java_project\HYPBlog\blog-view\src\plugins\aruMapper.json
<s> [webpack.Progress] 40% building 135/164 modules 29 active D:\Java_project\HYPBlog\blog-view\src\plugins\paopaoMapper.json
<s> [webpack.Progress] 40% building 136/164 modules 28 active D:\Java_project\HYPBlog\blog-view\src\plugins\paopaoMapper.json
<s> [webpack.Progress] 40% building 136/165 modules 29 active D:\Java_project\HYPBlog\blog-view\node_modules\moment\locale\zh-cn.js
<s> [webpack.Progress] 40% building 136/166 modules 30 active D:\Java_project\HYPBlog\blog-view\node_modules\moment\locale\yo.js
<s> [webpack.Progress] 40% building 136/167 modules 31 active D:\Java_project\HYPBlog\blog-view\node_modules\moment\locale\x-pseudo.js
<s> [webpack.Progress] 40% building 136/168 modules 32 active D:\Java_project\HYPBlog\blog-view\node_modules\moment\locale\vi.js
<s> [webpack.Progress] 40% building 136/169 modules 33 active D:\Java_project\HYPBlog\blog-view\node_modules\moment\locale\uz.js
<s> [webpack.Progress] 40% building 136/170 modules 34 active D:\Java_project\HYPBlog\blog-view\node_modules\moment\locale\uz-latn.js
<s> [webpack.Progress] 40% building 137/170 modules 33 active D:\Java_project\HYPBlog\blog-view\node_modules\moment\locale\uz-latn.js
<s> [webpack.Progress] 40% building 137/171 modules 34 active D:\Java_project\HYPBlog\blog-view\node_modules\vue-loader\lib\loaders\pitcher.js??ref--4!D:\Java_project\HYPBlog\blog-view\node_modules\cache-loader\dist\cjs.js??ref--0-0!D:\Java_project\HYPBlog\blog-view\node_modules\vue-loader\lib\index.js??vue-loader-options!D:\Java_project\HYPBlog\blog-view\src\views\Index.vue?vue&type=template&id=23543608&scoped=true
<s> [webpack.Progress] 40% building 138/171 modules 33 active D:\Java_project\HYPBlog\blog-view\node_modules\moment\locale\uz-latn.js
<s> [webpack.Progress] 40% building 138/172 modules 34 active D:\Java_project\HYPBlog\blog-view\node_modules\vue-loader\lib\loaders\pitcher.js??ref--4!D:\Java_project\HYPBlog\blog-view\node_modules\vue-style-loader\index.js??ref--6-oneOf-1-0!D:\Java_project\HYPBlog\blog-view\node_modules\css-loader\dist\cjs.js??ref--6-oneOf-1-1!D:\Java_project\HYPBlog\blog-view\node_modules\postcss-loader\src\index.js??ref--6-oneOf-1-2!D:\Java_project\HYPBlog\blog-view\node_modules\cache-loader\dist\cjs.js??ref--0-0!D:\Java_project\HYPBlog\blog-view\node_modules\vue-loader\lib\index.js??vue-loader-options!D:\Java_project\HYPBlog\blog-view\src\views\Index.vue?vue&type=style&index=0&id=23543608&scoped=true&lang=css
<s> [webpack.Progress] 40% building 139/172 modules 33 active D:\Java_project\HYPBlog\blog-view\node_modules\moment\locale\uz-latn.js
<s> [webpack.Progress] 40% building 139/173 modules 34 active D:\Java_project\HYPBlog\blog-view\node_modules\cache-loader\dist\cjs.js?{"cacheDirectory":"node_modules/.cache/vue-loader","cacheIdentifier":"62f10814-vue-loader-template"}!D:\Java_project\HYPBlog\blog-view\node_modules\vue-loader\lib\loaders\templateLoader.js??vue-loader-options!D:\Java_project\HYPBlog\blog-view\node_modules\cache-loader\dist\cjs.js??ref--0-0!D:\Java_project\HYPBlog\blog-view\node_modules\vue-loader\lib\index.js??vue-loader-options!D:\Java_project\HYPBlog\blog-view\src\views\Index.vue?vue&type=template&id=23543608&scoped=true
<s> [webpack.Progress] 40% building 139/174 modules 35 active D:\Java_project\HYPBlog\blog-view\node_modules\html-entities\lib\xml-entities.js
<s> [webpack.Progress] 40% building 139/175 modules 36 active D:\Java_project\HYPBlog\blog-view\node_modules\vue-loader\lib\loaders\pitcher.js??ref--4!D:\Java_project\HYPBlog\blog-view\node_modules\cache-loader\dist\cjs.js??ref--0-0!D:\Java_project\HYPBlog\blog-view\node_modules\vue-loader\lib\index.js??vue-loader-options!D:\Java_project\HYPBlog\blog-view\src\views\Login.vue?vue&type=template&id=26084dc2&scoped=true
<s> [webpack.Progress] 40% building 140/175 modules 35 active D:\Java_project\HYPBlog\blog-view\node_modules\html-entities\lib\xml-entities.js
<s> [webpack.Progress] 40% building 140/176 modules 36 active D:\Java_project\HYPBlog\blog-view\node_modules\cache-loader\dist\cjs.js?{"cacheDirectory":"node_modules/.cache/vue-loader","cacheIdentifier":"62f10814-vue-loader-template"}!D:\Java_project\HYPBlog\blog-view\node_modules\vue-loader\lib\loaders\templateLoader.js??vue-loader-options!D:\Java_project\HYPBlog\blog-view\node_modules\cache-loader\dist\cjs.js??ref--0-0!D:\Java_project\HYPBlog\blog-view\node_modules\vue-loader\lib\index.js??vue-loader-options!D:\Java_project\HYPBlog\blog-view\src\views\Login.vue?vue&type=template&id=26084dc2&scoped=true
<s> [webpack.Progress] 40% building 140/177 modules 37 active D:\Java_project\HYPBlog\blog-view\node_modules\html-entities\lib\html4-entities.js
<s> [webpack.Progress] 40% building 140/178 modules 38 active D:\Java_project\HYPBlog\blog-view\node_modules\vue-loader\lib\loaders\pitcher.js??ref--4!D:\Java_project\HYPBlog\blog-view\node_modules\cache-loader\dist\cjs.js??ref--0-0!D:\Java_project\HYPBlog\blog-view\node_modules\vue-loader\lib\index.js??vue-loader-options!D:\Java_project\HYPBlog\blog-view\src\views\archives\Archives.vue?vue&type=template&id=7c3c4e45&scoped=true
<s> [webpack.Progress] 40% building 141/178 modules 37 active D:\Java_project\HYPBlog\blog-view\node_modules\html-entities\lib\html4-entities.js
<s> [webpack.Progress] 40% building 141/179 modules 38 active D:\Java_project\HYPBlog\blog-view\node_modules\cache-loader\dist\cjs.js?{"cacheDirectory":"node_modules/.cache/vue-loader","cacheIdentifier":"62f10814-vue-loader-template"}!D:\Java_project\HYPBlog\blog-view\node_modules\vue-loader\lib\loaders\templateLoader.js??vue-loader-options!D:\Java_project\HYPBlog\blog-view\node_modules\cache-loader\dist\cjs.js??ref--0-0!D:\Java_project\HYPBlog\blog-view\node_modules\vue-loader\lib\index.js??vue-loader-options!D:\Java_project\HYPBlog\blog-view\src\views\archives\Archives.vue?vue&type=template&id=7c3c4e45&scoped=true
<s> [webpack.Progress] 40% building 141/180 modules 39 active D:\Java_project\HYPBlog\blog-view\node_modules\vue-loader\lib\loaders\pitcher.js??ref--4!D:\Java_project\HYPBlog\blog-view\node_modules\cache-loader\dist\cjs.js??ref--0-0!D:\Java_project\HYPBlog\blog-view\node_modules\vue-loader\lib\index.js??vue-loader-options!D:\Java_project\HYPBlog\blog-view\src\views\blog\Blog.vue?vue&type=template&id=d0d79c36&scoped=true
<s> [webpack.Progress] 40% building 142/180 modules 38 active D:\Java_project\HYPBlog\blog-view\node_modules\cache-loader\dist\cjs.js?{"cacheDirectory":"node_modules/.cache/vue-loader","cacheIdentifier":"62f10814-vue-loader-template"}!D:\Java_project\HYPBlog\blog-view\node_modules\vue-loader\lib\loaders\templateLoader.js??vue-loader-options!D:\Java_project\HYPBlog\blog-view\node_modules\cache-loader\dist\cjs.js??ref--0-0!D:\Java_project\HYPBlog\blog-view\node_modules\vue-loader\lib\index.js??vue-loader-options!D:\Java_project\HYPBlog\blog-view\src\views\archives\Archives.vue?vue&type=template&id=7c3c4e45&scoped=true
<s> [webpack.Progress] 40% building 142/181 modules 39 active D:\Java_project\HYPBlog\blog-view\node_modules\cache-loader\dist\cjs.js?{"cacheDirectory":"node_modules/.cache/vue-loader","cacheIdentifier":"62f10814-vue-loader-template"}!D:\Java_project\HYPBlog\blog-view\node_modules\vue-loader\lib\loaders\templateLoader.js??vue-loader-options!D:\Java_project\HYPBlog\blog-view\node_modules\cache-loader\dist\cjs.js??ref--0-0!D:\Java_project\HYPBlog\blog-view\node_modules\vue-loader\lib\index.js??vue-loader-options!D:\Java_project\HYPBlog\blog-view\src\views\blog\Blog.vue?vue&type=template&id=d0d79c36&scoped=true
<s> [webpack.Progress] 40% building 142/182 modules 40 active D:\Java_project\HYPBlog\blog-view\node_modules\vue-loader\lib\loaders\pitcher.js??ref--4!D:\Java_project\HYPBlog\blog-view\node_modules\cache-loader\dist\cjs.js??ref--0-0!D:\Java_project\HYPBlog\blog-view\node_modules\vue-loader\lib\index.js??vue-loader-options!D:\Java_project\HYPBlog\blog-view\src\views\home\Home.vue?vue&type=template&id=3dd2e005&scoped=true
<s> [webpack.Progress] 40% building 143/182 modules 39 active D:\Java_project\HYPBlog\blog-view\node_modules\cache-loader\dist\cjs.js?{"cacheDirectory":"node_modules/.cache/vue-loader","cacheIdentifier":"62f10814-vue-loader-template"}!D:\Java_project\HYPBlog\blog-view\node_modules\vue-loader\lib\loaders\templateLoader.js??vue-loader-options!D:\Java_project\HYPBlog\blog-view\node_modules\cache-loader\dist\cjs.js??ref--0-0!D:\Java_project\HYPBlog\blog-view\node_modules\vue-loader\lib\index.js??vue-loader-options!D:\Java_project\HYPBlog\blog-view\src\views\blog\Blog.vue?vue&type=template&id=d0d79c36&scoped=true
<s> [webpack.Progress] 40% building 143/183 modules 40 active D:\Java_project\HYPBlog\blog-view\node_modules\cache-loader\dist\cjs.js?{"cacheDirectory":"node_modules/.cache/vue-loader","cacheIdentifier":"62f10814-vue-loader-template"}!D:\Java_project\HYPBlog\blog-view\node_modules\vue-loader\lib\loaders\templateLoader.js??vue-loader-options!D:\Java_project\HYPBlog\blog-view\node_modules\cache-loader\dist\cjs.js??ref--0-0!D:\Java_project\HYPBlog\blog-view\node_modules\vue-loader\lib\index.js??vue-loader-options!D:\Java_project\HYPBlog\blog-view\src\views\home\Home.vue?vue&type=template&id=3dd2e005&scoped=true
<s> [webpack.Progress] 40% building 143/184 modules 41 active D:\Java_project\HYPBlog\blog-view\node_modules\html-entities\lib\html5-entities.js
<s> [webpack.Progress] 40% building 143/185 modules 42 active D:\Java_project\HYPBlog\blog-view\node_modules\vue-loader\lib\loaders\pitcher.js??ref--4!D:\Java_project\HYPBlog\blog-view\node_modules\cache-loader\dist\cjs.js??ref--0-0!D:\Java_project\HYPBlog\blog-view\node_modules\vue-loader\lib\index.js??vue-loader-options!D:\Java_project\HYPBlog\blog-view\src\views\moments\Moments.vue?vue&type=template&id=6a518c0d&scoped=true
<s> [webpack.Progress] 40% building 144/185 modules 41 active D:\Java_project\HYPBlog\blog-view\node_modules\html-entities\lib\html5-entities.js
<s> [webpack.Progress] 40% building 144/186 modules 42 active D:\Java_project\HYPBlog\blog-view\node_modules\cache-loader\dist\cjs.js?{"cacheDirectory":"node_modules/.cache/vue-loader","cacheIdentifier":"62f10814-vue-loader-template"}!D:\Java_project\HYPBlog\blog-view\node_modules\vue-loader\lib\loaders\templateLoader.js??vue-loader-options!D:\Java_project\HYPBlog\blog-view\node_modules\cache-loader\dist\cjs.js??ref--0-0!D:\Java_project\HYPBlog\blog-view\node_modules\vue-loader\lib\index.js??vue-loader-options!D:\Java_project\HYPBlog\blog-view\src\views\moments\Moments.vue?vue&type=template&id=6a518c0d&scoped=true
<s> [webpack.Progress] 40% building 144/187 modules 43 active D:\Java_project\HYPBlog\blog-view\node_modules\vue-loader\lib\loaders\pitcher.js??ref--4!D:\Java_project\HYPBlog\blog-view\node_modules\cache-loader\dist\cjs.js??ref--0-0!D:\Java_project\HYPBlog\blog-view\node_modules\vue-loader\lib\index.js??vue-loader-options!D:\Java_project\HYPBlog\blog-view\src\views\tag\Tag.vue?vue&type=template&id=1a61284a&scoped=true
<s> [webpack.Progress] 40% building 145/187 modules 42 active D:\Java_project\HYPBlog\blog-view\node_modules\cache-loader\dist\cjs.js?{"cacheDirectory":"node_modules/.cache/vue-loader","cacheIdentifier":"62f10814-vue-loader-template"}!D:\Java_project\HYPBlog\blog-view\node_modules\vue-loader\lib\loaders\templateLoader.js??vue-loader-options!D:\Java_project\HYPBlog\blog-view\node_modules\cache-loader\dist\cjs.js??ref--0-0!D:\Java_project\HYPBlog\blog-view\node_modules\vue-loader\lib\index.js??vue-loader-options!D:\Java_project\HYPBlog\blog-view\src\views\moments\Moments.vue?vue&type=template&id=6a518c0d&scoped=true
<s> [webpack.Progress] 40% building 145/188 modules 43 active D:\Java_project\HYPBlog\blog-view\node_modules\cache-loader\dist\cjs.js?{"cacheDirectory":"node_modules/.cache/vue-loader","cacheIdentifier":"62f10814-vue-loader-template"}!D:\Java_project\HYPBlog\blog-view\node_modules\vue-loader\lib\loaders\templateLoader.js??vue-loader-options!D:\Java_project\HYPBlog\blog-view\node_modules\cache-loader\dist\cjs.js??ref--0-0!D:\Java_project\HYPBlog\blog-view\node_modules\vue-loader\lib\index.js??vue-loader-options!D:\Java_project\HYPBlog\blog-view\src\views\tag\Tag.vue?vue&type=template&id=1a61284a&scoped=true
<s> [webpack.Progress] 40% building 145/189 modules 44 active D:\Java_project\HYPBlog\blog-view\node_modules\vue-loader\lib\loaders\pitcher.js??ref--4!D:\Java_project\HYPBlog\blog-view\node_modules\cache-loader\dist\cjs.js??ref--0-0!D:\Java_project\HYPBlog\blog-view\node_modules\vue-loader\lib\index.js??vue-loader-options!D:\Java_project\HYPBlog\blog-view\src\views\category\Category.vue?vue&type=template&id=1a0c5ce5&scoped=true
<s> [webpack.Progress] 40% building 146/189 modules 43 active D:\Java_project\HYPBlog\blog-view\node_modules\cache-loader\dist\cjs.js?{"cacheDirectory":"node_modules/.cache/vue-loader","cacheIdentifier":"62f10814-vue-loader-template"}!D:\Java_project\HYPBlog\blog-view\node_modules\vue-loader\lib\loaders\templateLoader.js??vue-loader-options!D:\Java_project\HYPBlog\blog-view\node_modules\cache-loader\dist\cjs.js??ref--0-0!D:\Java_project\HYPBlog\blog-view\node_modules\vue-loader\lib\index.js??vue-loader-options!D:\Java_project\HYPBlog\blog-view\src\views\tag\Tag.vue?vue&type=template&id=1a61284a&scoped=true
<s> [webpack.Progress] 40% building 146/190 modules 44 active D:\Java_project\HYPBlog\blog-view\node_modules\cache-loader\dist\cjs.js?{"cacheDirectory":"node_modules/.cache/vue-loader","cacheIdentifier":"62f10814-vue-loader-template"}!D:\Java_project\HYPBlog\blog-view\node_modules\vue-loader\lib\loaders\templateLoader.js??vue-loader-options!D:\Java_project\HYPBlog\blog-view\node_modules\cache-loader\dist\cjs.js??ref--0-0!D:\Java_project\HYPBlog\blog-view\node_modules\vue-loader\lib\index.js??vue-loader-options!D:\Java_project\HYPBlog\blog-view\src\views\category\Category.vue?vue&type=template&id=1a0c5ce5&scoped=true
<s> [webpack.Progress] 40% building 146/191 modules 45 active D:\Java_project\HYPBlog\blog-view\node_modules\vue-loader\lib\loaders\pitcher.js??ref--4!D:\Java_project\HYPBlog\blog-view\node_modules\cache-loader\dist\cjs.js??ref--12-0!D:\Java_project\HYPBlog\blog-view\node_modules\babel-loader\lib\index.js!D:\Java_project\HYPBlog\blog-view\node_modules\cache-loader\dist\cjs.js??ref--0-0!D:\Java_project\HYPBlog\blog-view\node_modules\vue-loader\lib\index.js??vue-loader-options!D:\Java_project\HYPBlog\blog-view\src\views\category\Category.vue?vue&type=script&lang=js
<s> [webpack.Progress] 40% building 147/191 modules 44 active D:\Java_project\HYPBlog\blog-view\node_modules\cache-loader\dist\cjs.js?{"cacheDirectory":"node_modules/.cache/vue-loader","cacheIdentifier":"62f10814-vue-loader-template"}!D:\Java_project\HYPBlog\blog-view\node_modules\vue-loader\lib\loaders\templateLoader.js??vue-loader-options!D:\Java_project\HYPBlog\blog-view\node_modules\cache-loader\dist\cjs.js??ref--0-0!D:\Java_project\HYPBlog\blog-view\node_modules\vue-loader\lib\index.js??vue-loader-options!D:\Java_project\HYPBlog\blog-view\src\views\category\Category.vue?vue&type=template&id=1a0c5ce5&scoped=true
<s> [webpack.Progress] 40% building 147/192 modules 45 active D:\Java_project\HYPBlog\blog-view\node_modules\cache-loader\dist\cjs.js??ref--12-0!D:\Java_project\HYPBlog\blog-view\node_modules\babel-loader\lib\index.js!D:\Java_project\HYPBlog\blog-view\node_modules\cache-loader\dist\cjs.js??ref--0-0!D:\Java_project\HYPBlog\blog-view\node_modules\vue-loader\lib\index.js??vue-loader-options!D:\Java_project\HYPBlog\blog-view\src\views\category\Category.vue?vue&type=script&lang=js
<s> [webpack.Progress] 40% building 147/193 modules 46 active D:\Java_project\HYPBlog\blog-view\node_modules\vue-loader\lib\loaders\pitcher.js??ref--4!D:\Java_project\HYPBlog\blog-view\node_modules\cache-loader\dist\cjs.js??ref--12-0!D:\Java_project\HYPBlog\blog-view\node_modules\babel-loader\lib\index.js!D:\Java_project\HYPBlog\blog-view\node_modules\cache-loader\dist\cjs.js??ref--0-0!D:\Java_project\HYPBlog\blog-view\node_modules\vue-loader\lib\index.js??vue-loader-options!D:\Java_project\HYPBlog\blog-view\src\views\tag\Tag.vue?vue&type=script&lang=js
<s> [webpack.Progress] 40% building 148/193 modules 45 active D:\Java_project\HYPBlog\blog-view\node_modules\cache-loader\dist\cjs.js??ref--12-0!D:\Java_project\HYPBlog\blog-view\node_modules\babel-loader\lib\index.js!D:\Java_project\HYPBlog\blog-view\node_modules\cache-loader\dist\cjs.js??ref--0-0!D:\Java_project\HYPBlog\blog-view\node_modules\vue-loader\lib\index.js??vue-loader-options!D:\Java_project\HYPBlog\blog-view\src\views\category\Category.vue?vue&type=script&lang=js
<s> [webpack.Progress] 40% building 148/194 modules 46 active D:\Java_project\HYPBlog\blog-view\node_modules\cache-loader\dist\cjs.js??ref--12-0!D:\Java_project\HYPBlog\blog-view\node_modules\babel-loader\lib\index.js!D:\Java_project\HYPBlog\blog-view\node_modules\cache-loader\dist\cjs.js??ref--0-0!D:\Java_project\HYPBlog\blog-view\node_modules\vue-loader\lib\index.js??vue-loader-options!D:\Java_project\HYPBlog\blog-view\src\views\tag\Tag.vue?vue&type=script&lang=js
<s> [webpack.Progress] 40% building 148/195 modules 47 active D:\Java_project\HYPBlog\blog-view\node_modules\vue-loader\lib\loaders\pitcher.js??ref--4!D:\Java_project\HYPBlog\blog-view\node_modules\vue-style-loader\index.js??ref--6-oneOf-1-0!D:\Java_project\HYPBlog\blog-view\node_modules\css-loader\dist\cjs.js??ref--6-oneOf-1-1!D:\Java_project\HYPBlog\blog-view\node_modules\postcss-loader\src\index.js??ref--6-oneOf-1-2!D:\Java_project\HYPBlog\blog-view\node_modules\cache-loader\dist\cjs.js??ref--0-0!D:\Java_project\HYPBlog\blog-view\node_modules\vue-loader\lib\index.js??vue-loader-options!D:\Java_project\HYPBlog\blog-view\src\views\moments\Moments.vue?vue&type=style&index=0&id=6a518c0d&scoped=true&lang=css
<s> [webpack.Progress] 40% building 149/195 modules 46 active D:\Java_project\HYPBlog\blog-view\node_modules\cache-loader\dist\cjs.js??ref--12-0!D:\Java_project\HYPBlog\blog-view\node_modules\babel-loader\lib\index.js!D:\Java_project\HYPBlog\blog-view\node_modules\cache-loader\dist\cjs.js??ref--0-0!D:\Java_project\HYPBlog\blog-view\node_modules\vue-loader\lib\index.js??vue-loader-options!D:\Java_project\HYPBlog\blog-view\src\views\tag\Tag.vue?vue&type=script&lang=js
<s> [webpack.Progress] 40% building 149/196 modules 47 active D:\Java_project\HYPBlog\blog-view\node_modules\vue-loader\lib\loaders\pitcher.js??ref--4!D:\Java_project\HYPBlog\blog-view\node_modules\cache-loader\dist\cjs.js??ref--12-0!D:\Java_project\HYPBlog\blog-view\node_modules\babel-loader\lib\index.js!D:\Java_project\HYPBlog\blog-view\node_modules\cache-loader\dist\cjs.js??ref--0-0!D:\Java_project\HYPBlog\blog-view\node_modules\vue-loader\lib\index.js??vue-loader-options!D:\Java_project\HYPBlog\blog-view\src\views\moments\Moments.vue?vue&type=script&lang=js
<s> [webpack.Progress] 40% building 150/196 modules 46 active D:\Java_project\HYPBlog\blog-view\node_modules\cache-loader\dist\cjs.js??ref--12-0!D:\Java_project\HYPBlog\blog-view\node_modules\babel-loader\lib\index.js!D:\Java_project\HYPBlog\blog-view\node_modules\cache-loader\dist\cjs.js??ref--0-0!D:\Java_project\HYPBlog\blog-view\node_modules\vue-loader\lib\index.js??vue-loader-options!D:\Java_project\HYPBlog\blog-view\src\views\tag\Tag.vue?vue&type=script&lang=js
<s> [webpack.Progress] 40% building 150/197 modules 47 active D:\Java_project\HYPBlog\blog-view\node_modules\cache-loader\dist\cjs.js??ref--12-0!D:\Java_project\HYPBlog\blog-view\node_modules\babel-loader\lib\index.js!D:\Java_project\HYPBlog\blog-view\node_modules\cache-loader\dist\cjs.js??ref--0-0!D:\Java_project\HYPBlog\blog-view\node_modules\vue-loader\lib\index.js??vue-loader-options!D:\Java_project\HYPBlog\blog-view\src\views\moments\Moments.vue?vue&type=script&lang=js
<s> [webpack.Progress] 40% building 150/198 modules 48 active D:\Java_project\HYPBlog\blog-view\node_modules\vue-loader\lib\loaders\pitcher.js??ref--4!D:\Java_project\HYPBlog\blog-view\node_modules\cache-loader\dist\cjs.js??ref--12-0!D:\Java_project\HYPBlog\blog-view\node_modules\babel-loader\lib\index.js!D:\Java_project\HYPBlog\blog-view\node_modules\cache-loader\dist\cjs.js??ref--0-0!D:\Java_project\HYPBlog\blog-view\node_modules\vue-loader\lib\index.js??vue-loader-options!D:\Java_project\HYPBlog\blog-view\src\views\home\Home.vue?vue&type=script&lang=js
<s> [webpack.Progress] 40% building 151/198 modules 47 active D:\Java_project\HYPBlog\blog-view\node_modules\cache-loader\dist\cjs.js??ref--12-0!D:\Java_project\HYPBlog\blog-view\node_modules\babel-loader\lib\index.js!D:\Java_project\HYPBlog\blog-view\node_modules\cache-loader\dist\cjs.js??ref--0-0!D:\Java_project\HYPBlog\blog-view\node_modules\vue-loader\lib\index.js??vue-loader-options!D:\Java_project\HYPBlog\blog-view\src\views\moments\Moments.vue?vue&type=script&lang=js
<s> [webpack.Progress] 40% building 151/199 modules 48 active D:\Java_project\HYPBlog\blog-view\node_modules\cache-loader\dist\cjs.js??ref--12-0!D:\Java_project\HYPBlog\blog-view\node_modules\babel-loader\lib\index.js!D:\Java_project\HYPBlog\blog-view\node_modules\cache-loader\dist\cjs.js??ref--0-0!D:\Java_project\HYPBlog\blog-view\node_modules\vue-loader\lib\index.js??vue-loader-options!D:\Java_project\HYPBlog\blog-view\src\views\home\Home.vue?vue&type=script&lang=js
<s> [webpack.Progress] 40% building 151/200 modules 49 active D:\Java_project\HYPBlog\blog-view\node_modules\vue-loader\lib\loaders\pitcher.js??ref--4!D:\Java_project\HYPBlog\blog-view\node_modules\vue-style-loader\index.js??ref--6-oneOf-1-0!D:\Java_project\HYPBlog\blog-view\node_modules\css-loader\dist\cjs.js??ref--6-oneOf-1-1!D:\Java_project\HYPBlog\blog-view\node_modules\postcss-loader\src\index.js??ref--6-oneOf-1-2!D:\Java_project\HYPBlog\blog-view\node_modules\cache-loader\dist\cjs.js??ref--0-0!D:\Java_project\HYPBlog\blog-view\node_modules\vue-loader\lib\index.js??vue-loader-options!D:\Java_project\HYPBlog\blog-view\src\views\blog\Blog.vue?vue&type=style&index=0&id=d0d79c36&scoped=true&lang=css
<s> [webpack.Progress] 40% building 152/200 modules 48 active D:\Java_project\HYPBlog\blog-view\node_modules\cache-loader\dist\cjs.js??ref--12-0!D:\Java_project\HYPBlog\blog-view\node_modules\babel-loader\lib\index.js!D:\Java_project\HYPBlog\blog-view\node_modules\cache-loader\dist\cjs.js??ref--0-0!D:\Java_project\HYPBlog\blog-view\node_modules\vue-loader\lib\index.js??vue-loader-options!D:\Java_project\HYPBlog\blog-view\src\views\home\Home.vue?vue&type=script&lang=js
<s> [webpack.Progress] 40% building 152/201 modules 49 active D:\Java_project\HYPBlog\blog-view\node_modules\vue-loader\lib\loaders\pitcher.js??ref--4!D:\Java_project\HYPBlog\blog-view\node_modules\cache-loader\dist\cjs.js??ref--12-0!D:\Java_project\HYPBlog\blog-view\node_modules\babel-loader\lib\index.js!D:\Java_project\HYPBlog\blog-view\node_modules\cache-loader\dist\cjs.js??ref--0-0!D:\Java_project\HYPBlog\blog-view\node_modules\vue-loader\lib\index.js??vue-loader-options!D:\Java_project\HYPBlog\blog-view\src\views\blog\Blog.vue?vue&type=script&lang=js
<s> [webpack.Progress] 40% building 153/201 modules 48 active D:\Java_project\HYPBlog\blog-view\node_modules\cache-loader\dist\cjs.js??ref--12-0!D:\Java_project\HYPBlog\blog-view\node_modules\babel-loader\lib\index.js!D:\Java_project\HYPBlog\blog-view\node_modules\cache-loader\dist\cjs.js??ref--0-0!D:\Java_project\HYPBlog\blog-view\node_modules\vue-loader\lib\index.js??vue-loader-options!D:\Java_project\HYPBlog\blog-view\src\views\home\Home.vue?vue&type=script&lang=js
<s> [webpack.Progress] 40% building 153/202 modules 49 active D:\Java_project\HYPBlog\blog-view\node_modules\cache-loader\dist\cjs.js??ref--12-0!D:\Java_project\HYPBlog\blog-view\node_modules\babel-loader\lib\index.js!D:\Java_project\HYPBlog\blog-view\node_modules\cache-loader\dist\cjs.js??ref--0-0!D:\Java_project\HYPBlog\blog-view\node_modules\vue-loader\lib\index.js??vue-loader-options!D:\Java_project\HYPBlog\blog-view\src\views\blog\Blog.vue?vue&type=script&lang=js
<s> [webpack.Progress] 40% building 153/203 modules 50 active D:\Java_project\HYPBlog\blog-view\node_modules\vue-loader\lib\loaders\pitcher.js??ref--4!D:\Java_project\HYPBlog\blog-view\node_modules\vue-style-loader\index.js??ref--6-oneOf-1-0!D:\Java_project\HYPBlog\blog-view\node_modules\css-loader\dist\cjs.js??ref--6-oneOf-1-1!D:\Java_project\HYPBlog\blog-view\node_modules\postcss-loader\src\index.js??ref--6-oneOf-1-2!D:\Java_project\HYPBlog\blog-view\node_modules\cache-loader\dist\cjs.js??ref--0-0!D:\Java_project\HYPBlog\blog-view\node_modules\vue-loader\lib\index.js??vue-loader-options!D:\Java_project\HYPBlog\blog-view\src\views\archives\Archives.vue?vue&type=style&index=0&id=7c3c4e45&scoped=true&lang=css
<s> [webpack.Progress] 40% building 154/203 modules 49 active D:\Java_project\HYPBlog\blog-view\node_modules\cache-loader\dist\cjs.js??ref--12-0!D:\Java_project\HYPBlog\blog-view\node_modules\babel-loader\lib\index.js!D:\Java_project\HYPBlog\blog-view\node_modules\cache-loader\dist\cjs.js??ref--0-0!D:\Java_project\HYPBlog\blog-view\node_modules\vue-loader\lib\index.js??vue-loader-options!D:\Java_project\HYPBlog\blog-view\src\views\blog\Blog.vue?vue&type=script&lang=js
<s> [webpack.Progress] 40% building 154/204 modules 50 active D:\Java_project\HYPBlog\blog-view\node_modules\vue-loader\lib\loaders\pitcher.js??ref--4!D:\Java_project\HYPBlog\blog-view\node_modules\cache-loader\dist\cjs.js??ref--12-0!D:\Java_project\HYPBlog\blog-view\node_modules\babel-loader\lib\index.js!D:\Java_project\HYPBlog\blog-view\node_modules\cache-loader\dist\cjs.js??ref--0-0!D:\Java_project\HYPBlog\blog-view\node_modules\vue-loader\lib\index.js??vue-loader-options!D:\Java_project\HYPBlog\blog-view\src\views\archives\Archives.vue?vue&type=script&lang=js
<s> [webpack.Progress] 40% building 155/204 modules 49 active D:\Java_project\HYPBlog\blog-view\node_modules\cache-loader\dist\cjs.js??ref--12-0!D:\Java_project\HYPBlog\blog-view\node_modules\babel-loader\lib\index.js!D:\Java_project\HYPBlog\blog-view\node_modules\cache-loader\dist\cjs.js??ref--0-0!D:\Java_project\HYPBlog\blog-view\node_modules\vue-loader\lib\index.js??vue-loader-options!D:\Java_project\HYPBlog\blog-view\src\views\blog\Blog.vue?vue&type=script&lang=js
<s> [webpack.Progress] 40% building 155/205 modules 50 active D:\Java_project\HYPBlog\blog-view\node_modules\cache-loader\dist\cjs.js??ref--12-0!D:\Java_project\HYPBlog\blog-view\node_modules\babel-loader\lib\index.js!D:\Java_project\HYPBlog\blog-view\node_modules\cache-loader\dist\cjs.js??ref--0-0!D:\Java_project\HYPBlog\blog-view\node_modules\vue-loader\lib\index.js??vue-loader-options!D:\Java_project\HYPBlog\blog-view\src\views\archives\Archives.vue?vue&type=script&lang=js
<s> [webpack.Progress] 40% building 155/206 modules 51 active D:\Java_project\HYPBlog\blog-view\node_modules\vue-loader\lib\loaders\pitcher.js??ref--4!D:\Java_project\HYPBlog\blog-view\node_modules\vue-style-loader\index.js??ref--6-oneOf-1-0!D:\Java_project\HYPBlog\blog-view\node_modules\css-loader\dist\cjs.js??ref--6-oneOf-1-1!D:\Java_project\HYPBlog\blog-view\node_modules\postcss-loader\src\index.js??ref--6-oneOf-1-2!D:\Java_project\HYPBlog\blog-view\node_modules\cache-loader\dist\cjs.js??ref--0-0!D:\Java_project\HYPBlog\blog-view\node_modules\vue-loader\lib\index.js??vue-loader-options!D:\Java_project\HYPBlog\blog-view\src\views\Login.vue?vue&type=style&index=0&id=26084dc2&scoped=true&lang=css
<s> [webpack.Progress] 40% building 156/206 modules 50 active D:\Java_project\HYPBlog\blog-view\node_modules\cache-loader\dist\cjs.js??ref--12-0!D:\Java_project\HYPBlog\blog-view\node_modules\babel-loader\lib\index.js!D:\Java_project\HYPBlog\blog-view\node_modules\cache-loader\dist\cjs.js??ref--0-0!D:\Java_project\HYPBlog\blog-view\node_modules\vue-loader\lib\index.js??vue-loader-options!D:\Java_project\HYPBlog\blog-view\src\views\archives\Archives.vue?vue&type=script&lang=js
<s> [webpack.Progress] 40% building 156/207 modules 51 active D:\Java_project\HYPBlog\blog-view\node_modules\vue-loader\lib\loaders\pitcher.js??ref--4!D:\Java_project\HYPBlog\blog-view\node_modules\cache-loader\dist\cjs.js??ref--0-0!D:\Java_project\HYPBlog\blog-view\node_modules\vue-loader\lib\index.js??vue-loader-options!D:\Java_project\HYPBlog\blog-view\src\views\friends\Friends.vue?vue&type=template&id=16169e51&scoped=true
<s> [webpack.Progress] 40% building 157/207 modules 50 active D:\Java_project\HYPBlog\blog-view\node_modules\cache-loader\dist\cjs.js??ref--12-0!D:\Java_project\HYPBlog\blog-view\node_modules\babel-loader\lib\index.js!D:\Java_project\HYPBlog\blog-view\node_modules\cache-loader\dist\cjs.js??ref--0-0!D:\Java_project\HYPBlog\blog-view\node_modules\vue-loader\lib\index.js??vue-loader-options!D:\Java_project\HYPBlog\blog-view\src\views\archives\Archives.vue?vue&type=script&lang=js
<s> [webpack.Progress] 40% building 157/208 modules 51 active D:\Java_project\HYPBlog\blog-view\node_modules\vue-loader\lib\loaders\pitcher.js??ref--4!D:\Java_project\HYPBlog\blog-view\node_modules\vue-style-loader\index.js??ref--6-oneOf-1-0!D:\Java_project\HYPBlog\blog-view\node_modules\css-loader\dist\cjs.js??ref--6-oneOf-1-1!D:\Java_project\HYPBlog\blog-view\node_modules\postcss-loader\src\index.js??ref--6-oneOf-1-2!D:\Java_project\HYPBlog\blog-view\node_modules\cache-loader\dist\cjs.js??ref--0-0!D:\Java_project\HYPBlog\blog-view\node_modules\vue-loader\lib\index.js??vue-loader-options!D:\Java_project\HYPBlog\blog-view\src\views\friends\Friends.vue?vue&type=style&index=0&id=16169e51&scoped=true&lang=css
<s> [webpack.Progress] 40% building 158/208 modules 50 active D:\Java_project\HYPBlog\blog-view\node_modules\cache-loader\dist\cjs.js??ref--12-0!D:\Java_project\HYPBlog\blog-view\node_modules\babel-loader\lib\index.js!D:\Java_project\HYPBlog\blog-view\node_modules\cache-loader\dist\cjs.js??ref--0-0!D:\Java_project\HYPBlog\blog-view\node_modules\vue-loader\lib\index.js??vue-loader-options!D:\Java_project\HYPBlog\blog-view\src\views\archives\Archives.vue?vue&type=script&lang=js
<s> [webpack.Progress] 40% building 158/209 modules 51 active D:\Java_project\HYPBlog\blog-view\node_modules\vue-loader\lib\loaders\pitcher.js??ref--4!D:\Java_project\HYPBlog\blog-view\node_modules\cache-loader\dist\cjs.js??ref--12-0!D:\Java_project\HYPBlog\blog-view\node_modules\babel-loader\lib\index.js!D:\Java_project\HYPBlog\blog-view\node_modules\cache-loader\dist\cjs.js??ref--0-0!D:\Java_project\HYPBlog\blog-view\node_modules\vue-loader\lib\index.js??vue-loader-options!D:\Java_project\HYPBlog\blog-view\src\views\friends\Friends.vue?vue&type=script&lang=js
<s> [webpack.Progress] 40% building 159/209 modules 50 active D:\Java_project\HYPBlog\blog-view\node_modules\cache-loader\dist\cjs.js??ref--12-0!D:\Java_project\HYPBlog\blog-view\node_modules\babel-loader\lib\index.js!D:\Java_project\HYPBlog\blog-view\node_modules\cache-loader\dist\cjs.js??ref--0-0!D:\Java_project\HYPBlog\blog-view\node_modules\vue-loader\lib\index.js??vue-loader-options!D:\Java_project\HYPBlog\blog-view\src\views\archives\Archives.vue?vue&type=script&lang=js
<s> [webpack.Progress] 40% building 159/210 modules 51 active D:\Java_project\HYPBlog\blog-view\node_modules\cache-loader\dist\cjs.js??ref--12-0!D:\Java_project\HYPBlog\blog-view\node_modules\babel-loader\lib\index.js!D:\Java_project\HYPBlog\blog-view\node_modules\cache-loader\dist\cjs.js??ref--0-0!D:\Java_project\HYPBlog\blog-view\node_modules\vue-loader\lib\index.js??vue-loader-options!D:\Java_project\HYPBlog\blog-view\src\views\friends\Friends.vue?vue&type=script&lang=js
<s> [webpack.Progress] 40% building 159/211 modules 52 active D:\Java_project\HYPBlog\blog-view\node_modules\cache-loader\dist\cjs.js?{"cacheDirectory":"node_modules/.cache/vue-loader","cacheIdentifier":"62f10814-vue-loader-template"}!D:\Java_project\HYPBlog\blog-view\node_modules\vue-loader\lib\loaders\templateLoader.js??vue-loader-options!D:\Java_project\HYPBlog\blog-view\node_modules\cache-loader\dist\cjs.js??ref--0-0!D:\Java_project\HYPBlog\blog-view\node_modules\vue-loader\lib\index.js??vue-loader-options!D:\Java_project\HYPBlog\blog-view\src\views\friends\Friends.vue?vue&type=template&id=16169e51&scoped=true
<s> [webpack.Progress] 40% building 159/212 modules 53 active D:\Java_project\HYPBlog\blog-view\node_modules\vue-loader\lib\loaders\pitcher.js??ref--4!D:\Java_project\HYPBlog\blog-view\node_modules\cache-loader\dist\cjs.js??ref--0-0!D:\Java_project\HYPBlog\blog-view\node_modules\vue-loader\lib\index.js??vue-loader-options!D:\Java_project\HYPBlog\blog-view\src\views\about\About.vue?vue&type=template&id=34e1b0c1
<s> [webpack.Progress] 40% building 160/212 modules 52 active D:\Java_project\HYPBlog\blog-view\node_modules\cache-loader\dist\cjs.js?{"cacheDirectory":"node_modules/.cache/vue-loader","cacheIdentifier":"62f10814-vue-loader-template"}!D:\Java_project\HYPBlog\blog-view\node_modules\vue-loader\lib\loaders\templateLoader.js??vue-loader-options!D:\Java_project\HYPBlog\blog-view\node_modules\cache-loader\dist\cjs.js??ref--0-0!D:\Java_project\HYPBlog\blog-view\node_modules\vue-loader\lib\index.js??vue-loader-options!D:\Java_project\HYPBlog\blog-view\src\views\friends\Friends.vue?vue&type=template&id=16169e51&scoped=true
<s> [webpack.Progress] 40% building 160/213 modules 53 active D:\Java_project\HYPBlog\blog-view\node_modules\vue-loader\lib\loaders\pitcher.js??ref--4!D:\Java_project\HYPBlog\blog-view\node_modules\vue-style-loader\index.js??ref--6-oneOf-1-0!D:\Java_project\HYPBlog\blog-view\node_modules\css-loader\dist\cjs.js??ref--6-oneOf-1-1!D:\Java_project\HYPBlog\blog-view\node_modules\postcss-loader\src\index.js??ref--6-oneOf-1-2!D:\Java_project\HYPBlog\blog-view\node_modules\cache-loader\dist\cjs.js??ref--0-0!D:\Java_project\HYPBlog\blog-view\node_modules\vue-loader\lib\index.js??vue-loader-options!D:\Java_project\HYPBlog\blog-view\src\views\about\About.vue?vue&type=style&index=0&id=34e1b0c1&lang=css
<s> [webpack.Progress] 40% building 161/213 modules 52 active D:\Java_project\HYPBlog\blog-view\node_modules\cache-loader\dist\cjs.js?{"cacheDirectory":"node_modules/.cache/vue-loader","cacheIdentifier":"62f10814-vue-loader-template"}!D:\Java_project\HYPBlog\blog-view\node_modules\vue-loader\lib\loaders\templateLoader.js??vue-loader-options!D:\Java_project\HYPBlog\blog-view\node_modules\cache-loader\dist\cjs.js??ref--0-0!D:\Java_project\HYPBlog\blog-view\node_modules\vue-loader\lib\index.js??vue-loader-options!D:\Java_project\HYPBlog\blog-view\src\views\friends\Friends.vue?vue&type=template&id=16169e51&scoped=true
<s> [webpack.Progress] 40% building 161/214 modules 53 active D:\Java_project\HYPBlog\blog-view\node_modules\vue-loader\lib\loaders\pitcher.js??ref--4!D:\Java_project\HYPBlog\blog-view\node_modules\cache-loader\dist\cjs.js??ref--12-0!D:\Java_project\HYPBlog\blog-view\node_modules\babel-loader\lib\index.js!D:\Java_project\HYPBlog\blog-view\node_modules\cache-loader\dist\cjs.js??ref--0-0!D:\Java_project\HYPBlog\blog-view\node_modules\vue-loader\lib\index.js??vue-loader-options!D:\Java_project\HYPBlog\blog-view\src\views\about\About.vue?vue&type=script&lang=js
<s> [webpack.Progress] 40% building 162/214 modules 52 active D:\Java_project\HYPBlog\blog-view\node_modules\cache-loader\dist\cjs.js?{"cacheDirectory":"node_modules/.cache/vue-loader","cacheIdentifier":"62f10814-vue-loader-template"}!D:\Java_project\HYPBlog\blog-view\node_modules\vue-loader\lib\loaders\templateLoader.js??vue-loader-options!D:\Java_project\HYPBlog\blog-view\node_modules\cache-loader\dist\cjs.js??ref--0-0!D:\Java_project\HYPBlog\blog-view\node_modules\vue-loader\lib\index.js??vue-loader-options!D:\Java_project\HYPBlog\blog-view\src\views\friends\Friends.vue?vue&type=template&id=16169e51&scoped=true
<s> [webpack.Progress] 40% building 162/215 modules 53 active D:\Java_project\HYPBlog\blog-view\node_modules\cache-loader\dist\cjs.js??ref--12-0!D:\Java_project\HYPBlog\blog-view\node_modules\babel-loader\lib\index.js!D:\Java_project\HYPBlog\blog-view\node_modules\cache-loader\dist\cjs.js??ref--0-0!D:\Java_project\HYPBlog\blog-view\node_modules\vue-loader\lib\index.js??vue-loader-options!D:\Java_project\HYPBlog\blog-view\src\views\about\About.vue?vue&type=script&lang=js
<s> [webpack.Progress] 40% building 162/216 modules 54 active D:\Java_project\HYPBlog\blog-view\node_modules\cache-loader\dist\cjs.js?{"cacheDirectory":"node_modules/.cache/vue-loader","cacheIdentifier":"62f10814-vue-loader-template"}!D:\Java_project\HYPBlog\blog-view\node_modules\vue-loader\lib\loaders\templateLoader.js??vue-loader-options!D:\Java_project\HYPBlog\blog-view\node_modules\cache-loader\dist\cjs.js??ref--0-0!D:\Java_project\HYPBlog\blog-view\node_modules\vue-loader\lib\index.js??vue-loader-options!D:\Java_project\HYPBlog\blog-view\src\views\about\About.vue?vue&type=template&id=34e1b0c1
<s> [webpack.Progress] 40% building 162/217 modules 55 active D:\Java_project\HYPBlog\blog-view\node_modules\viewerjs\dist\viewer.js
<s> [webpack.Progress] 40% building 162/218 modules 56 active D:\Java_project\HYPBlog\blog-view\node_modules\vue-loader\lib\loaders\pitcher.js??ref--4!D:\Java_project\HYPBlog\blog-view\node_modules\cache-loader\dist\cjs.js??ref--12-0!D:\Java_project\HYPBlog\blog-view\node_modules\babel-loader\lib\index.js!D:\Java_project\HYPBlog\blog-view\node_modules\cache-loader\dist\cjs.js??ref--0-0!D:\Java_project\HYPBlog\blog-view\node_modules\vue-loader\lib\index.js??vue-loader-options!D:\Java_project\HYPBlog\blog-view\src\views\Login.vue?vue&type=script&lang=js
<s> [webpack.Progress] 40% building 163/218 modules 55 active D:\Java_project\HYPBlog\blog-view\node_modules\viewerjs\dist\viewer.js
<s> [webpack.Progress] 40% building 163/219 modules 56 active D:\Java_project\HYPBlog\blog-view\node_modules\cache-loader\dist\cjs.js??ref--12-0!D:\Java_project\HYPBlog\blog-view\node_modules\babel-loader\lib\index.js!D:\Java_project\HYPBlog\blog-view\node_modules\cache-loader\dist\cjs.js??ref--0-0!D:\Java_project\HYPBlog\blog-view\node_modules\vue-loader\lib\index.js??vue-loader-options!D:\Java_project\HYPBlog\blog-view\src\views\Login.vue?vue&type=script&lang=js
<s> [webpack.Progress] 40% building 163/220 modules 57 active D:\Java_project\HYPBlog\blog-view\node_modules\vue-loader\lib\loaders\pitcher.js??ref--4!D:\Java_project\HYPBlog\blog-view\node_modules\cache-loader\dist\cjs.js??ref--12-0!D:\Java_project\HYPBlog\blog-view\node_modules\babel-loader\lib\index.js!D:\Java_project\HYPBlog\blog-view\node_modules\cache-loader\dist\cjs.js??ref--0-0!D:\Java_project\HYPBlog\blog-view\node_modules\vue-loader\lib\index.js??vue-loader-options!D:\Java_project\HYPBlog\blog-view\src\views\Index.vue?vue&type=script&lang=js
<s> [webpack.Progress] 40% building 164/220 modules 56 active D:\Java_project\HYPBlog\blog-view\node_modules\cache-loader\dist\cjs.js??ref--12-0!D:\Java_project\HYPBlog\blog-view\node_modules\babel-loader\lib\index.js!D:\Java_project\HYPBlog\blog-view\node_modules\cache-loader\dist\cjs.js??ref--0-0!D:\Java_project\HYPBlog\blog-view\node_modules\vue-loader\lib\index.js??vue-loader-options!D:\Java_project\HYPBlog\blog-view\src\views\Login.vue?vue&type=script&lang=js
<s> [webpack.Progress] 40% building 164/221 modules 57 active D:\Java_project\HYPBlog\blog-view\node_modules\cache-loader\dist\cjs.js??ref--12-0!D:\Java_project\HYPBlog\blog-view\node_modules\babel-loader\lib\index.js!D:\Java_project\HYPBlog\blog-view\node_modules\cache-loader\dist\cjs.js??ref--0-0!D:\Java_project\HYPBlog\blog-view\node_modules\vue-loader\lib\index.js??vue-loader-options!D:\Java_project\HYPBlog\blog-view\src\views\Index.vue?vue&type=script&lang=js
<s> [webpack.Progress] 40% building 165/221 modules 56 active D:\Java_project\HYPBlog\blog-view\node_modules\cache-loader\dist\cjs.js??ref--12-0!D:\Java_project\HYPBlog\blog-view\node_modules\babel-loader\lib\index.js!D:\Java_project\HYPBlog\blog-view\node_modules\cache-loader\dist\cjs.js??ref--0-0!D:\Java_project\HYPBlog\blog-view\node_modules\vue-loader\lib\index.js??vue-loader-options!D:\Java_project\HYPBlog\blog-view\src\views\Index.vue?vue&type=script&lang=js
<s> [webpack.Progress] 40% building 166/221 modules 55 active D:\Java_project\HYPBlog\blog-view\node_modules\cache-loader\dist\cjs.js??ref--12-0!D:\Java_project\HYPBlog\blog-view\node_modules\babel-loader\lib\index.js!D:\Java_project\HYPBlog\blog-view\node_modules\cache-loader\dist\cjs.js??ref--0-0!D:\Java_project\HYPBlog\blog-view\node_modules\vue-loader\lib\index.js??vue-loader-options!D:\Java_project\HYPBlog\blog-view\src\views\Index.vue?vue&type=script&lang=js
<s> [webpack.Progress] 40% building 167/221 modules 54 active D:\Java_project\HYPBlog\blog-view\node_modules\cache-loader\dist\cjs.js??ref--12-0!D:\Java_project\HYPBlog\blog-view\node_modules\babel-loader\lib\index.js!D:\Java_project\HYPBlog\blog-view\node_modules\cache-loader\dist\cjs.js??ref--0-0!D:\Java_project\HYPBlog\blog-view\node_modules\vue-loader\lib\index.js??vue-loader-options!D:\Java_project\HYPBlog\blog-view\src\views\Index.vue?vue&type=script&lang=js
<s> [webpack.Progress] 40% building 168/221 modules 53 active D:\Java_project\HYPBlog\blog-view\node_modules\cache-loader\dist\cjs.js??ref--12-0!D:\Java_project\HYPBlog\blog-view\node_modules\babel-loader\lib\index.js!D:\Java_project\HYPBlog\blog-view\node_modules\cache-loader\dist\cjs.js??ref--0-0!D:\Java_project\HYPBlog\blog-view\node_modules\vue-loader\lib\index.js??vue-loader-options!D:\Java_project\HYPBlog\blog-view\src\views\Index.vue?vue&type=script&lang=js
<s> [webpack.Progress] 40% building 169/221 modules 52 active D:\Java_project\HYPBlog\blog-view\node_modules\cache-loader\dist\cjs.js??ref--12-0!D:\Java_project\HYPBlog\blog-view\node_modules\babel-loader\lib\index.js!D:\Java_project\HYPBlog\blog-view\node_modules\cache-loader\dist\cjs.js??ref--0-0!D:\Java_project\HYPBlog\blog-view\node_modules\vue-loader\lib\index.js??vue-loader-options!D:\Java_project\HYPBlog\blog-view\src\views\Index.vue?vue&type=script&lang=js
<s> [webpack.Progress] 40% building 170/221 modules 51 active D:\Java_project\HYPBlog\blog-view\node_modules\cache-loader\dist\cjs.js??ref--12-0!D:\Java_project\HYPBlog\blog-view\node_modules\babel-loader\lib\index.js!D:\Java_project\HYPBlog\blog-view\node_modules\cache-loader\dist\cjs.js??ref--0-0!D:\Java_project\HYPBlog\blog-view\node_modules\vue-loader\lib\index.js??vue-loader-options!D:\Java_project\HYPBlog\blog-view\src\views\Index.vue?vue&type=script&lang=js
<s> [webpack.Progress] 40% building 171/221 modules 50 active D:\Java_project\HYPBlog\blog-view\node_modules\cache-loader\dist\cjs.js??ref--12-0!D:\Java_project\HYPBlog\blog-view\node_modules\babel-loader\lib\index.js!D:\Java_project\HYPBlog\blog-view\node_modules\cache-loader\dist\cjs.js??ref--0-0!D:\Java_project\HYPBlog\blog-view\node_modules\vue-loader\lib\index.js??vue-loader-options!D:\Java_project\HYPBlog\blog-view\src\views\Index.vue?vue&type=script&lang=js
<s> [webpack.Progress] 40% building 172/221 modules 49 active D:\Java_project\HYPBlog\blog-view\node_modules\cache-loader\dist\cjs.js??ref--12-0!D:\Java_project\HYPBlog\blog-view\node_modules\babel-loader\lib\index.js!D:\Java_project\HYPBlog\blog-view\node_modules\cache-loader\dist\cjs.js??ref--0-0!D:\Java_project\HYPBlog\blog-view\node_modules\vue-loader\lib\index.js??vue-loader-options!D:\Java_project\HYPBlog\blog-view\src\views\Index.vue?vue&type=script&lang=js
<s> [webpack.Progress] 40% building 173/221 modules 48 active D:\Java_project\HYPBlog\blog-view\node_modules\cache-loader\dist\cjs.js??ref--12-0!D:\Java_project\HYPBlog\blog-view\node_modules\babel-loader\lib\index.js!D:\Java_project\HYPBlog\blog-view\node_modules\cache-loader\dist\cjs.js??ref--0-0!D:\Java_project\HYPBlog\blog-view\node_modules\vue-loader\lib\index.js??vue-loader-options!D:\Java_project\HYPBlog\blog-view\src\views\Index.vue?vue&type=script&lang=js
<s> [webpack.Progress] 40% building 174/221 modules 47 active D:\Java_project\HYPBlog\blog-view\node_modules\cache-loader\dist\cjs.js??ref--12-0!D:\Java_project\HYPBlog\blog-view\node_modules\babel-loader\lib\index.js!D:\Java_project\HYPBlog\blog-view\node_modules\cache-loader\dist\cjs.js??ref--0-0!D:\Java_project\HYPBlog\blog-view\node_modules\vue-loader\lib\index.js??vue-loader-options!D:\Java_project\HYPBlog\blog-view\src\views\Index.vue?vue&type=script&lang=js
<s> [webpack.Progress] 40% building 175/221 modules 46 active D:\Java_project\HYPBlog\blog-view\node_modules\cache-loader\dist\cjs.js??ref--12-0!D:\Java_project\HYPBlog\blog-view\node_modules\babel-loader\lib\index.js!D:\Java_project\HYPBlog\blog-view\node_modules\cache-loader\dist\cjs.js??ref--0-0!D:\Java_project\HYPBlog\blog-view\node_modules\vue-loader\lib\index.js??vue-loader-options!D:\Java_project\HYPBlog\blog-view\src\views\Index.vue?vue&type=script&lang=js
<s> [webpack.Progress] 40% building 176/221 modules 45 active D:\Java_project\HYPBlog\blog-view\node_modules\cache-loader\dist\cjs.js??ref--12-0!D:\Java_project\HYPBlog\blog-view\node_modules\babel-loader\lib\index.js!D:\Java_project\HYPBlog\blog-view\node_modules\cache-loader\dist\cjs.js??ref--0-0!D:\Java_project\HYPBlog\blog-view\node_modules\vue-loader\lib\index.js??vue-loader-options!D:\Java_project\HYPBlog\blog-view\src\views\Index.vue?vue&type=script&lang=js
<s> [webpack.Progress] 40% building 177/221 modules 44 active D:\Java_project\HYPBlog\blog-view\node_modules\cache-loader\dist\cjs.js??ref--12-0!D:\Java_project\HYPBlog\blog-view\node_modules\babel-loader\lib\index.js!D:\Java_project\HYPBlog\blog-view\node_modules\cache-loader\dist\cjs.js??ref--0-0!D:\Java_project\HYPBlog\blog-view\node_modules\vue-loader\lib\index.js??vue-loader-options!D:\Java_project\HYPBlog\blog-view\src\views\Index.vue?vue&type=script&lang=js
<s> [webpack.Progress] 40% building 178/221 modules 43 active D:\Java_project\HYPBlog\blog-view\node_modules\cache-loader\dist\cjs.js??ref--12-0!D:\Java_project\HYPBlog\blog-view\node_modules\babel-loader\lib\index.js!D:\Java_project\HYPBlog\blog-view\node_modules\cache-loader\dist\cjs.js??ref--0-0!D:\Java_project\HYPBlog\blog-view\node_modules\vue-loader\lib\index.js??vue-loader-options!D:\Java_project\HYPBlog\blog-view\src\views\Index.vue?vue&type=script&lang=js
<s> [webpack.Progress] 40% building 179/221 modules 42 active D:\Java_project\HYPBlog\blog-view\node_modules\cache-loader\dist\cjs.js??ref--12-0!D:\Java_project\HYPBlog\blog-view\node_modules\babel-loader\lib\index.js!D:\Java_project\HYPBlog\blog-view\node_modules\cache-loader\dist\cjs.js??ref--0-0!D:\Java_project\HYPBlog\blog-view\node_modules\vue-loader\lib\index.js??vue-loader-options!D:\Java_project\HYPBlog\blog-view\src\views\Index.vue?vue&type=script&lang=js
<s> [webpack.Progress] 40% building 180/221 modules 41 active D:\Java_project\HYPBlog\blog-view\node_modules\cache-loader\dist\cjs.js??ref--12-0!D:\Java_project\HYPBlog\blog-view\node_modules\babel-loader\lib\index.js!D:\Java_project\HYPBlog\blog-view\node_modules\cache-loader\dist\cjs.js??ref--0-0!D:\Java_project\HYPBlog\blog-view\node_modules\vue-loader\lib\index.js??vue-loader-options!D:\Java_project\HYPBlog\blog-view\src\views\Index.vue?vue&type=script&lang=js
<s> [webpack.Progress] 40% building 181/221 modules 40 active D:\Java_project\HYPBlog\blog-view\node_modules\cache-loader\dist\cjs.js??ref--12-0!D:\Java_project\HYPBlog\blog-view\node_modules\babel-loader\lib\index.js!D:\Java_project\HYPBlog\blog-view\node_modules\cache-loader\dist\cjs.js??ref--0-0!D:\Java_project\HYPBlog\blog-view\node_modules\vue-loader\lib\index.js??vue-loader-options!D:\Java_project\HYPBlog\blog-view\src\views\Index.vue?vue&type=script&lang=js
<s> [webpack.Progress] 40% building 182/221 modules 39 active D:\Java_project\HYPBlog\blog-view\node_modules\cache-loader\dist\cjs.js??ref--12-0!D:\Java_project\HYPBlog\blog-view\node_modules\babel-loader\lib\index.js!D:\Java_project\HYPBlog\blog-view\node_modules\cache-loader\dist\cjs.js??ref--0-0!D:\Java_project\HYPBlog\blog-view\node_modules\vue-loader\lib\index.js??vue-loader-options!D:\Java_project\HYPBlog\blog-view\src\views\Index.vue?vue&type=script&lang=js
<s> [webpack.Progress] 40% building 183/221 modules 38 active D:\Java_project\HYPBlog\blog-view\node_modules\cache-loader\dist\cjs.js??ref--12-0!D:\Java_project\HYPBlog\blog-view\node_modules\babel-loader\lib\index.js!D:\Java_project\HYPBlog\blog-view\node_modules\cache-loader\dist\cjs.js??ref--0-0!D:\Java_project\HYPBlog\blog-view\node_modules\vue-loader\lib\index.js??vue-loader-options!D:\Java_project\HYPBlog\blog-view\src\views\Index.vue?vue&type=script&lang=js
<s> [webpack.Progress] 40% building 183/222 modules 39 active D:\Java_project\HYPBlog\blog-view\node_modules\moment\locale\de.js
<s> [webpack.Progress] 40% building 183/223 modules 40 active D:\Java_project\HYPBlog\blog-view\node_modules\cache-loader\dist\cjs.js??ref--12-0!D:\Java_project\HYPBlog\blog-view\node_modules\babel-loader\lib\index.js!D:\Java_project\HYPBlog\blog-view\src\store\mutations-types.js
<s> [webpack.Progress] 40% building 184/223 modules 39 active D:\Java_project\HYPBlog\blog-view\node_modules\cache-loader\dist\cjs.js??ref--12-0!D:\Java_project\HYPBlog\blog-view\node_modules\babel-loader\lib\index.js!D:\Java_project\HYPBlog\blog-view\src\store\mutations-types.js
<s> [webpack.Progress] 40% building 185/223 modules 38 active D:\Java_project\HYPBlog\blog-view\node_modules\cache-loader\dist\cjs.js??ref--12-0!D:\Java_project\HYPBlog\blog-view\node_modules\babel-loader\lib\index.js!D:\Java_project\HYPBlog\blog-view\src\store\mutations-types.js
<s> [webpack.Progress] 40% building 186/223 modules 37 active D:\Java_project\HYPBlog\blog-view\node_modules\cache-loader\dist\cjs.js??ref--12-0!D:\Java_project\HYPBlog\blog-view\node_modules\babel-loader\lib\index.js!D:\Java_project\HYPBlog\blog-view\src\store\mutations-types.js
<s> [webpack.Progress] 40% building 187/223 modules 36 active D:\Java_project\HYPBlog\blog-view\node_modules\cache-loader\dist\cjs.js??ref--12-0!D:\Java_project\HYPBlog\blog-view\node_modules\babel-loader\lib\index.js!D:\Java_project\HYPBlog\blog-view\src\store\mutations-types.js
<s> [webpack.Progress] 40% building 188/223 modules 35 active D:\Java_project\HYPBlog\blog-view\node_modules\cache-loader\dist\cjs.js??ref--12-0!D:\Java_project\HYPBlog\blog-view\node_modules\babel-loader\lib\index.js!D:\Java_project\HYPBlog\blog-view\src\store\mutations-types.js
<s> [webpack.Progress] 40% building 188/224 modules 36 active D:\Java_project\HYPBlog\blog-view\node_modules\vue-style-loader\index.js??ref--6-oneOf-1-0!D:\Java_project\HYPBlog\blog-view\node_modules\css-loader\dist\cjs.js??ref--6-oneOf-1-1!D:\Java_project\HYPBlog\blog-view\node_modules\vue-loader\lib\loaders\stylePostLoader.js!D:\Java_project\HYPBlog\blog-view\node_modules\postcss-loader\src\index.js??ref--6-oneOf-1-2!D:\Java_project\HYPBlog\blog-view\node_modules\cache-loader\dist\cjs.js??ref--0-0!D:\Java_project\HYPBlog\blog-view\node_modules\vue-loader\lib\index.js??vue-loader-options!D:\Java_project\HYPBlog\blog-view\src\views\Index.vue?vue&type=style&index=0&id=23543608&scoped=true&lang=css
<s> [webpack.Progress] 40% building 189/224 modules 35 active D:\Java_project\HYPBlog\blog-view\node_modules\cache-loader\dist\cjs.js??ref--12-0!D:\Java_project\HYPBlog\blog-view\node_modules\babel-loader\lib\index.js!D:\Java_project\HYPBlog\blog-view\src\store\mutations-types.js
<s> [webpack.Progress] 40% building 189/225 modules 36 active D:\Java_project\HYPBlog\blog-view\node_modules\vue-style-loader\index.js??ref--6-oneOf-1-0!D:\Java_project\HYPBlog\blog-view\node_modules\css-loader\dist\cjs.js??ref--6-oneOf-1-1!D:\Java_project\HYPBlog\blog-view\node_modules\vue-loader\lib\loaders\stylePostLoader.js!D:\Java_project\HYPBlog\blog-view\node_modules\postcss-loader\src\index.js??ref--6-oneOf-1-2!D:\Java_project\HYPBlog\blog-view\node_modules\cache-loader\dist\cjs.js??ref--0-0!D:\Java_project\HYPBlog\blog-view\node_modules\vue-loader\lib\index.js??vue-loader-options!D:\Java_project\HYPBlog\blog-view\src\views\moments\Moments.vue?vue&type=style&index=0&id=6a518c0d&scoped=true&lang=css
<s> [webpack.Progress] 40% building 190/225 modules 35 active D:\Java_project\HYPBlog\blog-view\node_modules\cache-loader\dist\cjs.js??ref--12-0!D:\Java_project\HYPBlog\blog-view\node_modules\babel-loader\lib\index.js!D:\Java_project\HYPBlog\blog-view\src\store\mutations-types.js
<s> [webpack.Progress] 40% building 190/226 modules 36 active D:\Java_project\HYPBlog\blog-view\node_modules\vue-style-loader\index.js??ref--6-oneOf-1-0!D:\Java_project\HYPBlog\blog-view\node_modules\css-loader\dist\cjs.js??ref--6-oneOf-1-1!D:\Java_project\HYPBlog\blog-view\node_modules\vue-loader\lib\loaders\stylePostLoader.js!D:\Java_project\HYPBlog\blog-view\node_modules\postcss-loader\src\index.js??ref--6-oneOf-1-2!D:\Java_project\HYPBlog\blog-view\node_modules\cache-loader\dist\cjs.js??ref--0-0!D:\Java_project\HYPBlog\blog-view\node_modules\vue-loader\lib\index.js??vue-loader-options!D:\Java_project\HYPBlog\blog-view\src\views\blog\Blog.vue?vue&type=style&index=0&id=d0d79c36&scoped=true&lang=css
<s> [webpack.Progress] 40% building 191/226 modules 35 active D:\Java_project\HYPBlog\blog-view\node_modules\cache-loader\dist\cjs.js??ref--12-0!D:\Java_project\HYPBlog\blog-view\node_modules\babel-loader\lib\index.js!D:\Java_project\HYPBlog\blog-view\src\store\mutations-types.js
<s> [webpack.Progress] 40% building 191/227 modules 36 active D:\Java_project\HYPBlog\blog-view\node_modules\vue-style-loader\index.js??ref--6-oneOf-1-0!D:\Java_project\HYPBlog\blog-view\node_modules\css-loader\dist\cjs.js??ref--6-oneOf-1-1!D:\Java_project\HYPBlog\blog-view\node_modules\vue-loader\lib\loaders\stylePostLoader.js!D:\Java_project\HYPBlog\blog-view\node_modules\postcss-loader\src\index.js??ref--6-oneOf-1-2!D:\Java_project\HYPBlog\blog-view\node_modules\cache-loader\dist\cjs.js??ref--0-0!D:\Java_project\HYPBlog\blog-view\node_modules\vue-loader\lib\index.js??vue-loader-options!D:\Java_project\HYPBlog\blog-view\src\views\archives\Archives.vue?vue&type=style&index=0&id=7c3c4e45&scoped=true&lang=css
<s> [webpack.Progress] 40% building 192/227 modules 35 active D:\Java_project\HYPBlog\blog-view\node_modules\cache-loader\dist\cjs.js??ref--12-0!D:\Java_project\HYPBlog\blog-view\node_modules\babel-loader\lib\index.js!D:\Java_project\HYPBlog\blog-view\src\store\mutations-types.js
<s> [webpack.Progress] 40% building 192/228 modules 36 active D:\Java_project\HYPBlog\blog-view\node_modules\vue-style-loader\index.js??ref--6-oneOf-1-0!D:\Java_project\HYPBlog\blog-view\node_modules\css-loader\dist\cjs.js??ref--6-oneOf-1-1!D:\Java_project\HYPBlog\blog-view\node_modules\vue-loader\lib\loaders\stylePostLoader.js!D:\Java_project\HYPBlog\blog-view\node_modules\postcss-loader\src\index.js??ref--6-oneOf-1-2!D:\Java_project\HYPBlog\blog-view\node_modules\cache-loader\dist\cjs.js??ref--0-0!D:\Java_project\HYPBlog\blog-view\node_modules\vue-loader\lib\index.js??vue-loader-options!D:\Java_project\HYPBlog\blog-view\src\views\Login.vue?vue&type=style&index=0&id=26084dc2&scoped=true&lang=css
<s> [webpack.Progress] 40% building 193/228 modules 35 active D:\Java_project\HYPBlog\blog-view\node_modules\cache-loader\dist\cjs.js??ref--12-0!D:\Java_project\HYPBlog\blog-view\node_modules\babel-loader\lib\index.js!D:\Java_project\HYPBlog\blog-view\src\store\mutations-types.js
<s> [webpack.Progress] 40% building 193/229 modules 36 active D:\Java_project\HYPBlog\blog-view\node_modules\vue-style-loader\index.js??ref--6-oneOf-1-0!D:\Java_project\HYPBlog\blog-view\node_modules\css-loader\dist\cjs.js??ref--6-oneOf-1-1!D:\Java_project\HYPBlog\blog-view\node_modules\vue-loader\lib\loaders\stylePostLoader.js!D:\Java_project\HYPBlog\blog-view\node_modules\postcss-loader\src\index.js??ref--6-oneOf-1-2!D:\Java_project\HYPBlog\blog-view\node_modules\cache-loader\dist\cjs.js??ref--0-0!D:\Java_project\HYPBlog\blog-view\node_modules\vue-loader\lib\index.js??vue-loader-options!D:\Java_project\HYPBlog\blog-view\src\views\friends\Friends.vue?vue&type=style&index=0&id=16169e51&scoped=true&lang=css
<s> [webpack.Progress] 40% building 194/229 modules 35 active D:\Java_project\HYPBlog\blog-view\node_modules\cache-loader\dist\cjs.js??ref--12-0!D:\Java_project\HYPBlog\blog-view\node_modules\babel-loader\lib\index.js!D:\Java_project\HYPBlog\blog-view\src\store\mutations-types.js
<s> [webpack.Progress] 40% building 194/230 modules 36 active D:\Java_project\HYPBlog\blog-view\node_modules\vue-style-loader\index.js??ref--6-oneOf-1-0!D:\Java_project\HYPBlog\blog-view\node_modules\css-loader\dist\cjs.js??ref--6-oneOf-1-1!D:\Java_project\HYPBlog\blog-view\node_modules\vue-loader\lib\loaders\stylePostLoader.js!D:\Java_project\HYPBlog\blog-view\node_modules\postcss-loader\src\index.js??ref--6-oneOf-1-2!D:\Java_project\HYPBlog\blog-view\node_modules\cache-loader\dist\cjs.js??ref--0-0!D:\Java_project\HYPBlog\blog-view\node_modules\vue-loader\lib\index.js??vue-loader-options!D:\Java_project\HYPBlog\blog-view\src\views\about\About.vue?vue&type=style&index=0&id=34e1b0c1&lang=css
<s> [webpack.Progress] 40% building 195/230 modules 35 active D:\Java_project\HYPBlog\blog-view\node_modules\cache-loader\dist\cjs.js??ref--12-0!D:\Java_project\HYPBlog\blog-view\node_modules\babel-loader\lib\index.js!D:\Java_project\HYPBlog\blog-view\src\store\mutations-types.js
<s> [webpack.Progress] 40% building 195/231 modules 36 active D:\Java_project\HYPBlog\blog-view\node_modules\css-loader\dist\cjs.js??ref--6-oneOf-1-1!D:\Java_project\HYPBlog\blog-view\node_modules\vue-loader\lib\loaders\stylePostLoader.js!D:\Java_project\HYPBlog\blog-view\node_modules\postcss-loader\src\index.js??ref--6-oneOf-1-2!D:\Java_project\HYPBlog\blog-view\node_modules\cache-loader\dist\cjs.js??ref--0-0!D:\Java_project\HYPBlog\blog-view\node_modules\vue-loader\lib\index.js??vue-loader-options!D:\Java_project\HYPBlog\blog-view\src\views\Index.vue?vue&type=style&index=0&id=23543608&scoped=true&lang=css
<s> [webpack.Progress] 40% building 195/232 modules 37 active D:\Java_project\HYPBlog\blog-view\node_modules\css-loader\dist\cjs.js??ref--6-oneOf-1-1!D:\Java_project\HYPBlog\blog-view\node_modules\vue-loader\lib\loaders\stylePostLoader.js!D:\Java_project\HYPBlog\blog-view\node_modules\postcss-loader\src\index.js??ref--6-oneOf-1-2!D:\Java_project\HYPBlog\blog-view\node_modules\cache-loader\dist\cjs.js??ref--0-0!D:\Java_project\HYPBlog\blog-view\node_modules\vue-loader\lib\index.js??vue-loader-options!D:\Java_project\HYPBlog\blog-view\src\views\moments\Moments.vue?vue&type=style&index=0&id=6a518c0d&scoped=true&lang=css
<s> [webpack.Progress] 40% building 195/233 modules 38 active D:\Java_project\HYPBlog\blog-view\node_modules\css-loader\dist\cjs.js??ref--6-oneOf-1-1!D:\Java_project\HYPBlog\blog-view\node_modules\vue-loader\lib\loaders\stylePostLoader.js!D:\Java_project\HYPBlog\blog-view\node_modules\postcss-loader\src\index.js??ref--6-oneOf-1-2!D:\Java_project\HYPBlog\blog-view\node_modules\cache-loader\dist\cjs.js??ref--0-0!D:\Java_project\HYPBlog\blog-view\node_modules\vue-loader\lib\index.js??vue-loader-options!D:\Java_project\HYPBlog\blog-view\src\views\blog\Blog.vue?vue&type=style&index=0&id=d0d79c36&scoped=true&lang=css
<s> [webpack.Progress] 40% building 195/234 modules 39 active D:\Java_project\HYPBlog\blog-view\node_modules\css-loader\dist\cjs.js??ref--6-oneOf-1-1!D:\Java_project\HYPBlog\blog-view\node_modules\vue-loader\lib\loaders\stylePostLoader.js!D:\Java_project\HYPBlog\blog-view\node_modules\postcss-loader\src\index.js??ref--6-oneOf-1-2!D:\Java_project\HYPBlog\blog-view\node_modules\cache-loader\dist\cjs.js??ref--0-0!D:\Java_project\HYPBlog\blog-view\node_modules\vue-loader\lib\index.js??vue-loader-options!D:\Java_project\HYPBlog\blog-view\src\views\archives\Archives.vue?vue&type=style&index=0&id=7c3c4e45&scoped=true&lang=css
<s> [webpack.Progress] 40% building 195/235 modules 40 active D:\Java_project\HYPBlog\blog-view\node_modules\css-loader\dist\cjs.js??ref--6-oneOf-1-1!D:\Java_project\HYPBlog\blog-view\node_modules\vue-loader\lib\loaders\stylePostLoader.js!D:\Java_project\HYPBlog\blog-view\node_modules\postcss-loader\src\index.js??ref--6-oneOf-1-2!D:\Java_project\HYPBlog\blog-view\node_modules\cache-loader\dist\cjs.js??ref--0-0!D:\Java_project\HYPBlog\blog-view\node_modules\vue-loader\lib\index.js??vue-loader-options!D:\Java_project\HYPBlog\blog-view\src\views\Login.vue?vue&type=style&index=0&id=26084dc2&scoped=true&lang=css
<s> [webpack.Progress] 40% building 195/236 modules 41 active D:\Java_project\HYPBlog\blog-view\node_modules\css-loader\dist\cjs.js??ref--6-oneOf-1-1!D:\Java_project\HYPBlog\blog-view\node_modules\vue-loader\lib\loaders\stylePostLoader.js!D:\Java_project\HYPBlog\blog-view\node_modules\postcss-loader\src\index.js??ref--6-oneOf-1-2!D:\Java_project\HYPBlog\blog-view\node_modules\cache-loader\dist\cjs.js??ref--0-0!D:\Java_project\HYPBlog\blog-view\node_modules\vue-loader\lib\index.js??vue-loader-options!D:\Java_project\HYPBlog\blog-view\src\views\friends\Friends.vue?vue&type=style&index=0&id=16169e51&scoped=true&lang=css
<s> [webpack.Progress] 40% building 195/237 modules 42 active D:\Java_project\HYPBlog\blog-view\node_modules\css-loader\dist\cjs.js??ref--6-oneOf-1-1!D:\Java_project\HYPBlog\blog-view\node_modules\vue-loader\lib\loaders\stylePostLoader.js!D:\Java_project\HYPBlog\blog-view\node_modules\postcss-loader\src\index.js??ref--6-oneOf-1-2!D:\Java_project\HYPBlog\blog-view\node_modules\cache-loader\dist\cjs.js??ref--0-0!D:\Java_project\HYPBlog\blog-view\node_modules\vue-loader\lib\index.js??vue-loader-options!D:\Java_project\HYPBlog\blog-view\src\views\about\About.vue?vue&type=style&index=0&id=34e1b0c1&lang=css
<s> [webpack.Progress] 40% building 195/238 modules 43 active D:\Java_project\HYPBlog\blog-view\node_modules\moment\locale\ur.js
<s> [webpack.Progress] 40% building 195/239 modules 44 active D:\Java_project\HYPBlog\blog-view\node_modules\moment\locale\uk.js
<s> [webpack.Progress] 40% building 195/240 modules 45 active D:\Java_project\HYPBlog\blog-view\node_modules\moment\locale\ug-cn.js
<s> [webpack.Progress] 40% building 195/241 modules 46 active D:\Java_project\HYPBlog\blog-view\node_modules\cache-loader\dist\cjs.js??ref--12-0!D:\Java_project\HYPBlog\blog-view\node_modules\babel-loader\lib\index.js!D:\Java_project\HYPBlog\blog-view\src\api\comment.js
<s> [webpack.Progress] 40% building 196/241 modules 45 active D:\Java_project\HYPBlog\blog-view\node_modules\cache-loader\dist\cjs.js??ref--12-0!D:\Java_project\HYPBlog\blog-view\node_modules\babel-loader\lib\index.js!D:\Java_project\HYPBlog\blog-view\src\api\comment.js
<s> [webpack.Progress] 40% building 197/241 modules 44 active D:\Java_project\HYPBlog\blog-view\node_modules\cache-loader\dist\cjs.js??ref--12-0!D:\Java_project\HYPBlog\blog-view\node_modules\babel-loader\lib\index.js!D:\Java_project\HYPBlog\blog-view\src\api\comment.js
<s> [webpack.Progress] 40% building 198/241 modules 43 active D:\Java_project\HYPBlog\blog-view\node_modules\cache-loader\dist\cjs.js??ref--12-0!D:\Java_project\HYPBlog\blog-view\node_modules\babel-loader\lib\index.js!D:\Java_project\HYPBlog\blog-view\src\api\comment.js
<s> [webpack.Progress] 40% building 199/241 modules 42 active D:\Java_project\HYPBlog\blog-view\node_modules\cache-loader\dist\cjs.js??ref--12-0!D:\Java_project\HYPBlog\blog-view\node_modules\babel-loader\lib\index.js!D:\Java_project\HYPBlog\blog-view\src\api\comment.js
<s> [webpack.Progress] 40% building 200/241 modules 41 active D:\Java_project\HYPBlog\blog-view\node_modules\cache-loader\dist\cjs.js??ref--12-0!D:\Java_project\HYPBlog\blog-view\node_modules\babel-loader\lib\index.js!D:\Java_project\HYPBlog\blog-view\src\api\comment.js
<s> [webpack.Progress] 40% building 201/241 modules 40 active D:\Java_project\HYPBlog\blog-view\node_modules\cache-loader\dist\cjs.js??ref--12-0!D:\Java_project\HYPBlog\blog-view\node_modules\babel-loader\lib\index.js!D:\Java_project\HYPBlog\blog-view\src\api\comment.js
<s> [webpack.Progress] 40% building 201/242 modules 41 active D:\Java_project\HYPBlog\blog-view\node_modules\element-ui\lib\utils\popper.js
<s> [webpack.Progress] 40% building 201/243 modules 42 active D:\Java_project\HYPBlog\blog-view\node_modules\moment\locale\tzm.js
<s> [webpack.Progress] 40% building 201/244 modules 43 active D:\Java_project\HYPBlog\blog-view\node_modules\moment\locale\tzm-latn.js
<s> [webpack.Progress] 40% building 202/244 modules 42 active D:\Java_project\HYPBlog\blog-view\node_modules\moment\locale\tzm-latn.js
<s> [webpack.Progress] 40% building 203/244 modules 41 active D:\Java_project\HYPBlog\blog-view\node_modules\moment\locale\tzm-latn.js
<s> [webpack.Progress] 40% building 204/244 modules 40 active D:\Java_project\HYPBlog\blog-view\node_modules\moment\locale\tzm-latn.js
<s> [webpack.Progress] 40% building 205/244 modules 39 active D:\Java_project\HYPBlog\blog-view\node_modules\moment\locale\tzm-latn.js
<s> [webpack.Progress] 40% building 206/244 modules 38 active D:\Java_project\HYPBlog\blog-view\node_modules\moment\locale\tzm-latn.js
<s> [webpack.Progress] 40% building 207/244 modules 37 active D:\Java_project\HYPBlog\blog-view\node_modules\moment\locale\tzm-latn.js
<s> [webpack.Progress] 40% building 208/244 modules 36 active D:\Java_project\HYPBlog\blog-view\node_modules\moment\locale\tzm-latn.js
<s> [webpack.Progress] 40% building 209/244 modules 35 active D:\Java_project\HYPBlog\blog-view\node_modules\moment\locale\tzm-latn.js
<s> [webpack.Progress] 40% building 210/244 modules 34 active D:\Java_project\HYPBlog\blog-view\node_modules\moment\locale\tzm-latn.js
<s> [webpack.Progress] 40% building 211/244 modules 33 active D:\Java_project\HYPBlog\blog-view\node_modules\moment\locale\tzm-latn.js
<s> [webpack.Progress] 40% building 212/244 modules 32 active D:\Java_project\HYPBlog\blog-view\node_modules\moment\locale\tzm-latn.js
<s> [webpack.Progress] 40% building 213/244 modules 31 active D:\Java_project\HYPBlog\blog-view\node_modules\moment\locale\tzm-latn.js
<s> [webpack.Progress] 40% building 214/244 modules 30 active D:\Java_project\HYPBlog\blog-view\node_modules\moment\locale\tzm-latn.js
<s> [webpack.Progress] 40% building 215/244 modules 29 active D:\Java_project\HYPBlog\blog-view\node_modules\moment\locale\tzm-latn.js
<s> [webpack.Progress] 40% building 216/244 modules 28 active D:\Java_project\HYPBlog\blog-view\node_modules\moment\locale\tzm-latn.js
<s> [webpack.Progress] 40% building 217/244 modules 27 active D:\Java_project\HYPBlog\blog-view\node_modules\moment\locale\tzm-latn.js
<s> [webpack.Progress] 40% building 218/244 modules 26 active D:\Java_project\HYPBlog\blog-view\node_modules\moment\locale\tzm-latn.js
<s> [webpack.Progress] 40% building 219/244 modules 25 active D:\Java_project\HYPBlog\blog-view\node_modules\moment\locale\tzm-latn.js
<s> [webpack.Progress] 40% building 220/244 modules 24 active D:\Java_project\HYPBlog\blog-view\node_modules\moment\locale\tzm-latn.js
<s> [webpack.Progress] 40% building 221/244 modules 23 active D:\Java_project\HYPBlog\blog-view\node_modules\moment\locale\tzm-latn.js
<s> [webpack.Progress] 40% building 221/245 modules 24 active D:\Java_project\HYPBlog\blog-view\node_modules\moment\locale\tzl.js
<s> [webpack.Progress] 40% building 221/246 modules 25 active D:\Java_project\HYPBlog\blog-view\node_modules\moment\locale\tr.js
<s> [webpack.Progress] 40% building 222/246 modules 24 active D:\Java_project\HYPBlog\blog-view\node_modules\moment\locale\tr.js
<s> [webpack.Progress] 40% building 223/246 modules 23 active D:\Java_project\HYPBlog\blog-view\node_modules\moment\locale\tr.js
<s> [webpack.Progress] 40% building 224/246 modules 22 active D:\Java_project\HYPBlog\blog-view\node_modules\moment\locale\tr.js
<s> [webpack.Progress] 40% building 224/247 modules 23 active D:\Java_project\HYPBlog\blog-view\node_modules\throttle-debounce\index.js
<s> [webpack.Progress] 40% building 225/247 modules 22 active D:\Java_project\HYPBlog\blog-view\node_modules\throttle-debounce\index.js
<s> [webpack.Progress] 40% building 226/247 modules 21 active D:\Java_project\HYPBlog\blog-view\node_modules\throttle-debounce\index.js
<s> [webpack.Progress] 40% building 227/247 modules 20 active D:\Java_project\HYPBlog\blog-view\node_modules\throttle-debounce\index.js
<s> [webpack.Progress] 40% building 228/247 modules 19 active D:\Java_project\HYPBlog\blog-view\node_modules\throttle-debounce\index.js
<s> [webpack.Progress] 40% building 229/247 modules 18 active D:\Java_project\HYPBlog\blog-view\node_modules\throttle-debounce\index.js
<s> [webpack.Progress] 40% building 230/247 modules 17 active D:\Java_project\HYPBlog\blog-view\node_modules\throttle-debounce\index.js
<s> [webpack.Progress] 40% building 230/248 modules 18 active D:\Java_project\HYPBlog\blog-view\node_modules\moment\locale\tl-ph.js
<s> [webpack.Progress] 40% building 230/249 modules 19 active D:\Java_project\HYPBlog\blog-view\node_modules\moment\locale\tlh.js
<s> [webpack.Progress] 40% building 230/250 modules 20 active D:\Java_project\HYPBlog\blog-view\node_modules\normalize-wheel\index.js
<s> [webpack.Progress] 40% building 230/251 modules 21 active D:\Java_project\HYPBlog\blog-view\node_modules\babel-helper-vue-jsx-merge-props\index.js
<s> [webpack.Progress] 40% building 230/252 modules 22 active D:\Java_project\HYPBlog\blog-view\node_modules\url\node_modules\qs\lib\index.js
<s> [webpack.Progress] 40% building 230/253 modules 23 active D:\Java_project\HYPBlog\blog-view\node_modules\moment\locale\tk.js
<s> [webpack.Progress] 40% building 230/254 modules 24 active D:\Java_project\HYPBlog\blog-view\node_modules\moment\locale\th.js
<s> [webpack.Progress] 40% building 230/255 modules 25 active D:\Java_project\HYPBlog\blog-view\node_modules\moment\locale\tg.js
<s> [webpack.Progress] 40% building 230/256 modules 26 active D:\Java_project\HYPBlog\blog-view\node_modules\moment\locale\tet.js
<s> [webpack.Progress] 40% building 230/257 modules 27 active D:\Java_project\HYPBlog\blog-view\node_modules\vue-router\dist\vue-router.esm.js
<s> [webpack.Progress] 40% building 230/258 modules 28 active D:\Java_project\HYPBlog\blog-view\node_modules\element-ui\lib\locale\index.js
<s> [webpack.Progress] 40% building 231/258 modules 27 active D:\Java_project\HYPBlog\blog-view\node_modules\element-ui\lib\locale\index.js
<s> [webpack.Progress] 40% building 232/258 modules 26 active D:\Java_project\HYPBlog\blog-view\node_modules\element-ui\lib\locale\index.js
<s> [webpack.Progress] 40% building 233/258 modules 25 active D:\Java_project\HYPBlog\blog-view\node_modules\element-ui\lib\locale\index.js
<s> [webpack.Progress] 40% building 234/258 modules 24 active D:\Java_project\HYPBlog\blog-view\node_modules\element-ui\lib\locale\index.js
<s> [webpack.Progress] 40% building 235/258 modules 23 active D:\Java_project\HYPBlog\blog-view\node_modules\element-ui\lib\locale\index.js
<s> [webpack.Progress] 40% building 236/258 modules 22 active D:\Java_project\HYPBlog\blog-view\node_modules\element-ui\lib\locale\index.js
<s> [webpack.Progress] 40% building 236/259 modules 23 active D:\Java_project\HYPBlog\blog-view\node_modules\vuex\dist\vuex.esm.js
<s> [webpack.Progress] 40% building 237/259 modules 22 active D:\Java_project\HYPBlog\blog-view\node_modules\vuex\dist\vuex.esm.js
<s> [webpack.Progress] 40% building 238/259 modules 21 active D:\Java_project\HYPBlog\blog-view\node_modules\vuex\dist\vuex.esm.js
<s> [webpack.Progress] 40% building 239/259 modules 20 active D:\Java_project\HYPBlog\blog-view\node_modules\vuex\dist\vuex.esm.js
<s> [webpack.Progress] 40% building 240/259 modules 19 active D:\Java_project\HYPBlog\blog-view\node_modules\vuex\dist\vuex.esm.js
<s> [webpack.Progress] 40% building 241/259 modules 18 active D:\Java_project\HYPBlog\blog-view\node_modules\vuex\dist\vuex.esm.js
<s> [webpack.Progress] 40% building 241/260 modules 19 active D:\Java_project\HYPBlog\blog-view\node_modules\element-ui\lib\utils\popup\index.js
<s> [webpack.Progress] 40% building 242/260 modules 18 active D:\Java_project\HYPBlog\blog-view\node_modules\element-ui\lib\utils\popup\index.js
<s> [webpack.Progress] 40% building 243/260 modules 17 active D:\Java_project\HYPBlog\blog-view\node_modules\element-ui\lib\utils\popup\index.js
<s> [webpack.Progress] 40% building 244/260 modules 16 active D:\Java_project\HYPBlog\blog-view\node_modules\element-ui\lib\utils\popup\index.js
<s> [webpack.Progress] 40% building 244/261 modules 17 active D:\Java_project\HYPBlog\blog-view\node_modules\moment\locale\te.js
<s> [webpack.Progress] 40% building 244/262 modules 18 active D:\Java_project\HYPBlog\blog-view\node_modules\moment\locale\ta.js
<s> [webpack.Progress] 40% building 244/263 modules 19 active D:\Java_project\HYPBlog\blog-view\node_modules\moment\locale\sw.js
<s> [webpack.Progress] 40% building 244/264 modules 20 active D:\Java_project\HYPBlog\blog-view\node_modules\moment\locale\sv.js
<s> [webpack.Progress] 40% building 244/265 modules 21 active D:\Java_project\HYPBlog\blog-view\node_modules\moment\locale\ss.js
<s> [webpack.Progress] 40% building 244/266 modules 22 active D:\Java_project\HYPBlog\blog-view\node_modules\moment\locale\sr.js
<s> [webpack.Progress] 40% building 244/267 modules 23 active D:\Java_project\HYPBlog\blog-view\node_modules\moment\locale\sr-cyrl.js
<s> [webpack.Progress] 40% building 244/268 modules 24 active D:\Java_project\HYPBlog\blog-view\node_modules\moment\locale\sq.js
<s> [webpack.Progress] 40% building 244/269 modules 25 active D:\Java_project\HYPBlog\blog-view\node_modules\moment\locale\sl.js
<s> [webpack.Progress] 40% building 244/270 modules 26 active D:\Java_project\HYPBlog\blog-view\node_modules\moment\locale\sk.js
<s> [webpack.Progress] 40% building 244/271 modules 27 active D:\Java_project\HYPBlog\blog-view\node_modules\moment\locale\si.js
<s> [webpack.Progress] 40% building 244/272 modules 28 active D:\Java_project\HYPBlog\blog-view\node_modules\moment\locale\se.js
<s> [webpack.Progress] 40% building 245/272 modules 27 active D:\Java_project\HYPBlog\blog-view\node_modules\moment\locale\se.js
<s> [webpack.Progress] 40% building 246/272 modules 26 active D:\Java_project\HYPBlog\blog-view\node_modules\moment\locale\se.js
<s> [webpack.Progress] 40% building 246/273 modules 27 active D:\Java_project\HYPBlog\blog-view\node_modules\moment\locale\sd.js
<s> [webpack.Progress] 40% building 247/273 modules 26 active D:\Java_project\HYPBlog\blog-view\node_modules\moment\locale\sd.js
<s> [webpack.Progress] 40% building 247/274 modules 27 active D:\Java_project\HYPBlog\blog-view\node_modules\moment\locale\ru.js
<s> [webpack.Progress] 40% building 247/275 modules 28 active D:\Java_project\HYPBlog\blog-view\node_modules\moment\locale\ro.js
<s> [webpack.Progress] 40% building 247/276 modules 29 active D:\Java_project\HYPBlog\blog-view\node_modules\moment\locale\pt.js
<s> [webpack.Progress] 40% building 247/277 modules 30 active D:\Java_project\HYPBlog\blog-view\node_modules\moment\locale\pt-br.js
<s> [webpack.Progress] 40% building 247/278 modules 31 active D:\Java_project\HYPBlog\blog-view\node_modules\moment\locale\pl.js
<s> [webpack.Progress] 40% building 247/279 modules 32 active D:\Java_project\HYPBlog\blog-view\node_modules\moment\locale\pa-in.js
<s> [webpack.Progress] 40% building 247/280 modules 33 active D:\Java_project\HYPBlog\blog-view\node_modules\moment\locale\oc-lnc.js
<s> [webpack.Progress] 40% building 248/280 modules 32 active D:\Java_project\HYPBlog\blog-view\node_modules\moment\locale\oc-lnc.js
<s> [webpack.Progress] 40% building 248/281 modules 33 active D:\Java_project\HYPBlog\blog-view\node_modules\moment\locale\nn.js
<s> [webpack.Progress] 40% building 249/281 modules 32 active D:\Java_project\HYPBlog\blog-view\node_modules\moment\locale\nn.js
<s> [webpack.Progress] 40% building 249/282 modules 33 active D:\Java_project\HYPBlog\blog-view\node_modules\moment\locale\nl.js
<s> [webpack.Progress] 40% building 250/282 modules 32 active D:\Java_project\HYPBlog\blog-view\node_modules\moment\locale\nl.js
<s> [webpack.Progress] 40% building 250/283 modules 33 active D:\Java_project\HYPBlog\blog-view\node_modules\moment\locale\nl-be.js
<s> [webpack.Progress] 40% building 251/283 modules 32 active D:\Java_project\HYPBlog\blog-view\node_modules\moment\locale\nl-be.js
<s> [webpack.Progress] 40% building 252/283 modules 31 active D:\Java_project\HYPBlog\blog-view\node_modules\moment\locale\nl-be.js
<s> [webpack.Progress] 40% building 253/283 modules 30 active D:\Java_project\HYPBlog\blog-view\node_modules\moment\locale\nl-be.js
<s> [webpack.Progress] 40% building 254/283 modules 29 active D:\Java_project\HYPBlog\blog-view\node_modules\moment\locale\nl-be.js
<s> [webpack.Progress] 40% building 255/283 modules 28 active D:\Java_project\HYPBlog\blog-view\node_modules\moment\locale\nl-be.js
<s> [webpack.Progress] 40% building 256/283 modules 27 active D:\Java_project\HYPBlog\blog-view\node_modules\moment\locale\nl-be.js
<s> [webpack.Progress] 40% building 256/284 modules 28 active D:\Java_project\HYPBlog\blog-view\node_modules\moment\locale\ne.js
<s> [webpack.Progress] 40% building 257/284 modules 27 active D:\Java_project\HYPBlog\blog-view\node_modules\moment\locale\ne.js
<s> [webpack.Progress] 40% building 258/284 modules 26 active D:\Java_project\HYPBlog\blog-view\node_modules\moment\locale\ne.js
<s> [webpack.Progress] 40% building 258/285 modules 27 active D:\Java_project\HYPBlog\blog-view\node_modules\moment\locale\nb.js
<s> [webpack.Progress] 40% building 258/286 modules 28 active D:\Java_project\HYPBlog\blog-view\node_modules\moment\locale\my.js
<s> [webpack.Progress] 40% building 258/287 modules 29 active D:\Java_project\HYPBlog\blog-view\node_modules\html-entities\lib\surrogate-pairs.js
<s> [webpack.Progress] 41% building 259/287 modules 28 active D:\Java_project\HYPBlog\blog-view\node_modules\html-entities\lib\surrogate-pairs.js
<s> [webpack.Progress] 41% building 259/288 modules 29 active D:\Java_project\HYPBlog\blog-view\node_modules\moment\locale\mt.js
<s> [webpack.Progress] 41% building 259/289 modules 30 active D:\Java_project\HYPBlog\blog-view\node_modules\cache-loader\dist\cjs.js??ref--12-0!D:\Java_project\HYPBlog\blog-view\node_modules\babel-loader\lib\index.js!D:\Java_project\HYPBlog\blog-view\src\api\blog.js
<s> [webpack.Progress] 41% building 259/290 modules 31 active D:\Java_project\HYPBlog\blog-view\node_modules\cache-loader\dist\cjs.js??ref--12-0!D:\Java_project\HYPBlog\blog-view\node_modules\babel-loader\lib\index.js!D:\Java_project\HYPBlog\blog-view\src\api\moment.js
<s> [webpack.Progress] 41% building 259/291 modules 32 active D:\Java_project\HYPBlog\blog-view\node_modules\cache-loader\dist\cjs.js??ref--12-0!D:\Java_project\HYPBlog\blog-view\node_modules\babel-loader\lib\index.js!D:\Java_project\HYPBlog\blog-view\src\api\archives.js
<s> [webpack.Progress] 41% building 259/292 modules 33 active D:\Java_project\HYPBlog\blog-view\node_modules\moment\locale\ms.js
<s> [webpack.Progress] 41% building 259/293 modules 34 active D:\Java_project\HYPBlog\blog-view\node_modules\moment\locale\ms-my.js
<s> [webpack.Progress] 41% building 260/293 modules 33 active D:\Java_project\HYPBlog\blog-view\node_modules\moment\locale\ms-my.js
<s> [webpack.Progress] 41% building 260/294 modules 34 active D:\Java_project\HYPBlog\blog-view\node_modules\cache-loader\dist\cjs.js??ref--12-0!D:\Java_project\HYPBlog\blog-view\node_modules\babel-loader\lib\index.js!D:\Java_project\HYPBlog\blog-view\src\api\home.js
<s> [webpack.Progress] 41% building 260/295 modules 35 active D:\Java_project\HYPBlog\blog-view\node_modules\cache-loader\dist\cjs.js??ref--12-0!D:\Java_project\HYPBlog\blog-view\node_modules\babel-loader\lib\index.js!D:\Java_project\HYPBlog\blog-view\src\api\friend.js
<s> [webpack.Progress] 41% building 260/296 modules 36 active D:\Java_project\HYPBlog\blog-view\node_modules\cache-loader\dist\cjs.js??ref--12-0!D:\Java_project\HYPBlog\blog-view\node_modules\babel-loader\lib\index.js!D:\Java_project\HYPBlog\blog-view\src\api\about.js
<s> [webpack.Progress] 41% building 260/297 modules 37 active D:\Java_project\HYPBlog\blog-view\node_modules\async-validator\es\index.js
<s> [webpack.Progress] 41% building 261/297 modules 36 active D:\Java_project\HYPBlog\blog-view\node_modules\async-validator\es\index.js
<s> [webpack.Progress] 41% building 262/297 modules 35 active D:\Java_project\HYPBlog\blog-view\node_modules\async-validator\es\index.js
<s> [webpack.Progress] 41% building 263/297 modules 34 active D:\Java_project\HYPBlog\blog-view\node_modules\async-validator\es\index.js
<s> [webpack.Progress] 41% building 264/297 modules 33 active D:\Java_project\HYPBlog\blog-view\node_modules\async-validator\es\index.js
<s> [webpack.Progress] 41% building 265/297 modules 32 active D:\Java_project\HYPBlog\blog-view\node_modules\async-validator\es\index.js
<s> [webpack.Progress] 41% building 266/297 modules 31 active D:\Java_project\HYPBlog\blog-view\node_modules\async-validator\es\index.js
<s> [webpack.Progress] 42% building 267/297 modules 30 active D:\Java_project\HYPBlog\blog-view\node_modules\async-validator\es\index.js
<s> [webpack.Progress] 42% building 268/297 modules 29 active D:\Java_project\HYPBlog\blog-view\node_modules\async-validator\es\index.js
<s> [webpack.Progress] 42% building 268/298 modules 30 active D:\Java_project\HYPBlog\blog-view\node_modules\cache-loader\dist\cjs.js??ref--12-0!D:\Java_project\HYPBlog\blog-view\node_modules\babel-loader\lib\index.js!D:\Java_project\HYPBlog\blog-view\src\api\index.js
<s> [webpack.Progress] 42% building 269/298 modules 29 active D:\Java_project\HYPBlog\blog-view\node_modules\cache-loader\dist\cjs.js??ref--12-0!D:\Java_project\HYPBlog\blog-view\node_modules\babel-loader\lib\index.js!D:\Java_project\HYPBlog\blog-view\src\api\index.js
<s> [webpack.Progress] 42% building 270/298 modules 28 active D:\Java_project\HYPBlog\blog-view\node_modules\cache-loader\dist\cjs.js??ref--12-0!D:\Java_project\HYPBlog\blog-view\node_modules\babel-loader\lib\index.js!D:\Java_project\HYPBlog\blog-view\src\api\index.js
<s> [webpack.Progress] 42% building 270/299 modules 29 active D:\Java_project\HYPBlog\blog-view\node_modules\cache-loader\dist\cjs.js??ref--12-0!D:\Java_project\HYPBlog\blog-view\node_modules\babel-loader\lib\index.js!D:\Java_project\HYPBlog\blog-view\src\api\login.js
<s> [webpack.Progress] 42% building 271/299 modules 28 active D:\Java_project\HYPBlog\blog-view\node_modules\cache-loader\dist\cjs.js??ref--12-0!D:\Java_project\HYPBlog\blog-view\node_modules\babel-loader\lib\index.js!D:\Java_project\HYPBlog\blog-view\src\api\login.js
<s> [webpack.Progress] 42% building 271/300 modules 29 active D:\Java_project\HYPBlog\blog-view\node_modules\webpack-dev-server\node_modules\ansi-regex\index.js
<s> [webpack.Progress] 42% building 272/300 modules 28 active D:\Java_project\HYPBlog\blog-view\node_modules\webpack-dev-server\node_modules\ansi-regex\index.js
<s> [webpack.Progress] 42% building 272/301 modules 29 active D:\Java_project\HYPBlog\blog-view\node_modules\moment\locale\mr.js
<s> [webpack.Progress] 42% building 273/301 modules 28 active D:\Java_project\HYPBlog\blog-view\node_modules\moment\locale\mr.js
<s> [webpack.Progress] 42% building 274/301 modules 27 active D:\Java_project\HYPBlog\blog-view\node_modules\moment\locale\mr.js
<s> [webpack.Progress] 43% building 275/301 modules 26 active D:\Java_project\HYPBlog\blog-view\node_modules\moment\locale\mr.js
<s> [webpack.Progress] 43% building 276/301 modules 25 active D:\Java_project\HYPBlog\blog-view\node_modules\moment\locale\mr.js
<s> [webpack.Progress] 43% building 277/301 modules 24 active D:\Java_project\HYPBlog\blog-view\node_modules\moment\locale\mr.js
<s> [webpack.Progress] 43% building 277/302 modules 25 active D:\Java_project\HYPBlog\blog-view\node_modules\moment\locale\mn.js
<s> [webpack.Progress] 43% building 277/303 modules 26 active D:\Java_project\HYPBlog\blog-view\node_modules\moment\locale\ml.js
<s> [webpack.Progress] 43% building 277/304 modules 27 active D:\Java_project\HYPBlog\blog-view\node_modules\moment\locale\mk.js
<s> [webpack.Progress] 43% building 277/305 modules 28 active D:\Java_project\HYPBlog\blog-view\node_modules\moment\locale\mi.js
<s> [webpack.Progress] 43% building 277/306 modules 29 active D:\Java_project\HYPBlog\blog-view\node_modules\moment\locale\me.js
<s> [webpack.Progress] 43% building 277/307 modules 30 active D:\Java_project\HYPBlog\blog-view\node_modules\cache-loader\dist\cjs.js??ref--12-0!D:\Java_project\HYPBlog\blog-view\node_modules\babel-loader\lib\index.js!D:\Java_project\HYPBlog\blog-view\src\api\category.js
<s> [webpack.Progress] 43% building 277/308 modules 31 active D:\Java_project\HYPBlog\blog-view\node_modules\cache-loader\dist\cjs.js??ref--12-0!D:\Java_project\HYPBlog\blog-view\node_modules\babel-loader\lib\index.js!D:\Java_project\HYPBlog\blog-view\src\api\tag.js
<s> [webpack.Progress] 43% building 277/309 modules 32 active D:\Java_project\HYPBlog\blog-view\node_modules\moment\locale\lv.js
<s> [webpack.Progress] 43% building 278/309 modules 31 active D:\Java_project\HYPBlog\blog-view\node_modules\moment\locale\lv.js
<s> [webpack.Progress] 43% building 279/309 modules 30 active D:\Java_project\HYPBlog\blog-view\node_modules\moment\locale\lv.js
<s> [webpack.Progress] 43% building 280/309 modules 29 active D:\Java_project\HYPBlog\blog-view\node_modules\moment\locale\lv.js
<s> [webpack.Progress] 43% building 281/309 modules 28 active D:\Java_project\HYPBlog\blog-view\node_modules\moment\locale\lv.js
<s> [webpack.Progress] 43% building 281/310 modules 29 active D:\Java_project\HYPBlog\blog-view\node_modules\moment\locale\lt.js
<s> [webpack.Progress] 43% building 281/311 modules 30 active D:\Java_project\HYPBlog\blog-view\node_modules\moment\locale\lo.js
<s> [webpack.Progress] 43% building 282/311 modules 29 active D:\Java_project\HYPBlog\blog-view\node_modules\moment\locale\lo.js
<s> [webpack.Progress] 43% building 283/311 modules 28 active D:\Java_project\HYPBlog\blog-view\node_modules\moment\locale\lo.js
<s> [webpack.Progress] 43% building 283/312 modules 29 active D:\Java_project\HYPBlog\blog-view\node_modules\moment\locale\lb.js
<s> [webpack.Progress] 43% building 283/313 modules 30 active D:\Java_project\HYPBlog\blog-view\node_modules\moment\locale\ky.js
<s> [webpack.Progress] 43% building 283/314 modules 31 active D:\Java_project\HYPBlog\blog-view\node_modules\moment\locale\ku.js
<s> [webpack.Progress] 43% building 283/315 modules 32 active D:\Java_project\HYPBlog\blog-view\node_modules\moment\locale\ko.js
<s> [webpack.Progress] 43% building 283/316 modules 33 active D:\Java_project\HYPBlog\blog-view\node_modules\moment\locale\kn.js
<s> [webpack.Progress] 43% building 283/317 modules 34 active D:\Java_project\HYPBlog\blog-view\node_modules\moment\locale\kk.js
<s> [webpack.Progress] 43% building 283/318 modules 35 active D:\Java_project\HYPBlog\blog-view\node_modules\moment\locale\km.js
<s> [webpack.Progress] 43% building 283/319 modules 36 active D:\Java_project\HYPBlog\blog-view\node_modules\cache-loader\dist\cjs.js??ref--12-0!D:\Java_project\HYPBlog\blog-view\node_modules\babel-loader\lib\index.js!D:\Java_project\HYPBlog\blog-view\src\plugins\axios.js
<s> [webpack.Progress] 43% building 283/320 modules 37 active D:\Java_project\HYPBlog\blog-view\node_modules\moment\locale\ka.js
<s> [webpack.Progress] 43% building 283/321 modules 38 active D:\Java_project\HYPBlog\blog-view\node_modules\moment\locale\jv.js
<s> [webpack.Progress] 44% building 284/321 modules 37 active D:\Java_project\HYPBlog\blog-view\node_modules\moment\locale\jv.js
<s> [webpack.Progress] 44% building 284/322 modules 38 active D:\Java_project\HYPBlog\blog-view\node_modules\moment\locale\ja.js
<s> [webpack.Progress] 44% building 284/323 modules 39 active D:\Java_project\HYPBlog\blog-view\node_modules\normalize-wheel\src\normalizeWheel.js
<s> [webpack.Progress] 44% building 285/323 modules 38 active D:\Java_project\HYPBlog\blog-view\node_modules\normalize-wheel\src\normalizeWheel.js
<s> [webpack.Progress] 44% building 285/324 modules 39 active D:\Java_project\HYPBlog\blog-view\node_modules\moment\locale\it.js
<s> [webpack.Progress] 44% building 285/325 modules 40 active D:\Java_project\HYPBlog\blog-view\node_modules\moment\locale\it-ch.js
<s> [webpack.Progress] 44% building 285/326 modules 41 active D:\Java_project\HYPBlog\blog-view\node_modules\moment\locale\is.js
<s> [webpack.Progress] 44% building 286/326 modules 40 active D:\Java_project\HYPBlog\blog-view\node_modules\moment\locale\is.js
<s> [webpack.Progress] 44% building 287/326 modules 39 active D:\Java_project\HYPBlog\blog-view\node_modules\moment\locale\is.js
<s> [webpack.Progress] 44% building 288/326 modules 38 active D:\Java_project\HYPBlog\blog-view\node_modules\moment\locale\is.js
<s> [webpack.Progress] 44% building 288/327 modules 39 active D:\Java_project\HYPBlog\blog-view\node_modules\moment\locale\id.js
<s> [webpack.Progress] 44% building 289/327 modules 38 active D:\Java_project\HYPBlog\blog-view\node_modules\moment\locale\id.js
<s> [webpack.Progress] 44% building 290/327 modules 37 active D:\Java_project\HYPBlog\blog-view\node_modules\moment\locale\id.js
<s> [webpack.Progress] 44% building 291/327 modules 36 active D:\Java_project\HYPBlog\blog-view\node_modules\moment\locale\id.js
<s> [webpack.Progress] 44% building 291/328 modules 37 active D:\Java_project\HYPBlog\blog-view\node_modules\moment\locale\hy-am.js
<s> [webpack.Progress] 45% building 292/328 modules 36 active D:\Java_project\HYPBlog\blog-view\node_modules\moment\locale\hy-am.js
<s> [webpack.Progress] 45% building 293/328 modules 35 active D:\Java_project\HYPBlog\blog-view\node_modules\moment\locale\hy-am.js
<s> [webpack.Progress] 45% building 293/329 modules 36 active D:\Java_project\HYPBlog\blog-view\node_modules\moment\locale\hu.js
<s> [webpack.Progress] 45% building 294/329 modules 35 active D:\Java_project\HYPBlog\blog-view\node_modules\moment\locale\hu.js
<s> [webpack.Progress] 45% building 295/329 modules 34 active D:\Java_project\HYPBlog\blog-view\node_modules\moment\locale\hu.js
<s> [webpack.Progress] 45% building 295/330 modules 35 active D:\Java_project\HYPBlog\blog-view\node_modules\moment\locale\hr.js
<s> [webpack.Progress] 45% building 296/330 modules 34 active D:\Java_project\HYPBlog\blog-view\node_modules\moment\locale\hr.js
<s> [webpack.Progress] 45% building 297/330 modules 33 active D:\Java_project\HYPBlog\blog-view\node_modules\moment\locale\hr.js
<s> [webpack.Progress] 45% building 297/331 modules 34 active D:\Java_project\HYPBlog\blog-view\node_modules\moment\locale\hi.js
<s> [webpack.Progress] 45% building 298/331 modules 33 active D:\Java_project\HYPBlog\blog-view\node_modules\moment\locale\hi.js
<s> [webpack.Progress] 45% building 299/331 modules 32 active D:\Java_project\HYPBlog\blog-view\node_modules\moment\locale\hi.js
<s> [webpack.Progress] 46% building 300/331 modules 31 active D:\Java_project\HYPBlog\blog-view\node_modules\moment\locale\hi.js
<s> [webpack.Progress] 46% building 300/332 modules 32 active D:\Java_project\HYPBlog\blog-view\node_modules\sanitize-html\index.js
<s> [webpack.Progress] 46% building 301/332 modules 31 active D:\Java_project\HYPBlog\blog-view\node_modules\sanitize-html\index.js
<s> [webpack.Progress] 46% building 301/333 modules 32 active D:\Java_project\HYPBlog\blog-view\node_modules\moment\locale\gu.js
<s> [webpack.Progress] 46% building 301/334 modules 33 active D:\Java_project\HYPBlog\blog-view\node_modules\moment\locale\he.js
<s> [webpack.Progress] 46% building 301/335 modules 34 active D:\Java_project\HYPBlog\blog-view\node_modules\url\node_modules\qs\lib\stringify.js
<s> [webpack.Progress] 46% building 301/336 modules 35 active D:\Java_project\HYPBlog\blog-view\node_modules\moment\locale\gom-latn.js
<s> [webpack.Progress] 46% building 301/337 modules 36 active D:\Java_project\HYPBlog\blog-view\node_modules\url\node_modules\qs\lib\formats.js
<s> [webpack.Progress] 46% building 302/337 modules 35 active D:\Java_project\HYPBlog\blog-view\node_modules\url\node_modules\qs\lib\formats.js
<s> [webpack.Progress] 46% building 303/337 modules 34 active D:\Java_project\HYPBlog\blog-view\node_modules\url\node_modules\qs\lib\formats.js
<s> [webpack.Progress] 46% building 304/337 modules 33 active D:\Java_project\HYPBlog\blog-view\node_modules\url\node_modules\qs\lib\formats.js
<s> [webpack.Progress] 46% building 305/337 modules 32 active D:\Java_project\HYPBlog\blog-view\node_modules\url\node_modules\qs\lib\formats.js
<s> [webpack.Progress] 46% building 306/337 modules 31 active D:\Java_project\HYPBlog\blog-view\node_modules\url\node_modules\qs\lib\formats.js
<s> [webpack.Progress] 46% building 307/337 modules 30 active D:\Java_project\HYPBlog\blog-view\node_modules\url\node_modules\qs\lib\formats.js
<s> [webpack.Progress] 46% building 307/338 modules 31 active D:\Java_project\HYPBlog\blog-view\node_modules\url\node_modules\qs\lib\parse.js
<s> [webpack.Progress] 46% building 308/338 modules 30 active D:\Java_project\HYPBlog\blog-view\node_modules\url\node_modules\qs\lib\parse.js
<s> [webpack.Progress] 47% building 309/338 modules 29 active D:\Java_project\HYPBlog\blog-view\node_modules\url\node_modules\qs\lib\parse.js
<s> [webpack.Progress] 47% building 309/339 modules 30 active D:\Java_project\HYPBlog\blog-view\node_modules\moment\locale\gom-deva.js
<s> [webpack.Progress] 47% building 309/340 modules 31 active D:\Java_project\HYPBlog\blog-view\node_modules\moment\locale\gl.js
<s> [webpack.Progress] 47% building 309/341 modules 32 active D:\Java_project\HYPBlog\blog-view\node_modules\moment\locale\gd.js
<s> [webpack.Progress] 47% building 309/342 modules 33 active D:\Java_project\HYPBlog\blog-view\node_modules\moment\locale\ga.js
<s> [webpack.Progress] 47% building 310/342 modules 32 active D:\Java_project\HYPBlog\blog-view\node_modules\moment\locale\ga.js
<s> [webpack.Progress] 47% building 311/342 modules 31 active D:\Java_project\HYPBlog\blog-view\node_modules\moment\locale\ga.js
<s> [webpack.Progress] 47% building 311/343 modules 32 active D:\Java_project\HYPBlog\blog-view\node_modules\moment\locale\fy.js
<s> [webpack.Progress] 47% building 311/344 modules 33 active D:\Java_project\HYPBlog\blog-view\node_modules\element-ui\lib\locale\format.js
<s> [webpack.Progress] 47% building 312/344 modules 32 active D:\Java_project\HYPBlog\blog-view\node_modules\element-ui\lib\locale\format.js
<s> [webpack.Progress] 47% building 313/344 modules 31 active D:\Java_project\HYPBlog\blog-view\node_modules\element-ui\lib\locale\format.js
<s> [webpack.Progress] 47% building 314/344 modules 30 active D:\Java_project\HYPBlog\blog-view\node_modules\element-ui\lib\locale\format.js
<s> [webpack.Progress] 47% building 315/344 modules 29 active D:\Java_project\HYPBlog\blog-view\node_modules\element-ui\lib\locale\format.js
<s> [webpack.Progress] 47% building 315/345 modules 30 active D:\Java_project\HYPBlog\blog-view\node_modules\moment\locale\fr.js
<s> [webpack.Progress] 47% building 315/346 modules 31 active D:\Java_project\HYPBlog\blog-view\node_modules\moment\locale\fr-ch.js
<s> [webpack.Progress] 47% building 316/346 modules 30 active D:\Java_project\HYPBlog\blog-view\node_modules\moment\locale\fr-ch.js
<s> [webpack.Progress] 48% building 317/346 modules 29 active D:\Java_project\HYPBlog\blog-view\node_modules\moment\locale\fr-ch.js
<s> [webpack.Progress] 48% building 318/346 modules 28 active D:\Java_project\HYPBlog\blog-view\node_modules\moment\locale\fr-ch.js
<s> [webpack.Progress] 48% building 318/347 modules 29 active D:\Java_project\HYPBlog\blog-view\node_modules\moment\locale\fr-ca.js
<s> [webpack.Progress] 48% building 319/347 modules 28 active D:\Java_project\HYPBlog\blog-view\node_modules\moment\locale\fr-ca.js
<s> [webpack.Progress] 48% building 320/347 modules 27 active D:\Java_project\HYPBlog\blog-view\node_modules\moment\locale\fr-ca.js
<s> [webpack.Progress] 48% building 320/348 modules 28 active D:\Java_project\HYPBlog\blog-view\node_modules\moment\locale\fo.js
<s> [webpack.Progress] 48% building 321/348 modules 27 active D:\Java_project\HYPBlog\blog-view\node_modules\moment\locale\fo.js
<s> [webpack.Progress] 48% building 322/348 modules 26 active D:\Java_project\HYPBlog\blog-view\node_modules\moment\locale\fo.js
<s> [webpack.Progress] 48% building 323/348 modules 25 active D:\Java_project\HYPBlog\blog-view\node_modules\moment\locale\fo.js
<s> [webpack.Progress] 48% building 323/349 modules 26 active D:\Java_project\HYPBlog\blog-view\node_modules\element-ui\lib\utils\popup\popup-manager.js
<s> [webpack.Progress] 48% building 324/349 modules 25 active D:\Java_project\HYPBlog\blog-view\node_modules\element-ui\lib\utils\popup\popup-manager.js
<s> [webpack.Progress] 49% building 325/349 modules 24 active D:\Java_project\HYPBlog\blog-view\node_modules\element-ui\lib\utils\popup\popup-manager.js
<s> [webpack.Progress] 49% building 325/350 modules 25 active D:\Java_project\HYPBlog\blog-view\node_modules\moment\locale\fil.js
<s> [webpack.Progress] 49% building 325/351 modules 26 active D:\Java_project\HYPBlog\blog-view\node_modules\moment\locale\fi.js
<s> [webpack.Progress] 49% building 325/352 modules 27 active D:\Java_project\HYPBlog\blog-view\node_modules\moment\locale\fa.js
<s> [webpack.Progress] 49% building 325/353 modules 28 active D:\Java_project\HYPBlog\blog-view\node_modules\moment\locale\eu.js
<s> [webpack.Progress] 49% building 325/354 modules 29 active D:\Java_project\HYPBlog\blog-view\node_modules\moment\locale\et.js
<s> [webpack.Progress] 49% building 325/355 modules 30 active D:\Java_project\HYPBlog\blog-view\node_modules\moment\locale\es.js
<s> [webpack.Progress] 49% building 325/356 modules 31 active D:\Java_project\HYPBlog\blog-view\node_modules\moment\locale\es-us.js
<s> [webpack.Progress] 49% building 325/357 modules 32 active D:\Java_project\HYPBlog\blog-view\node_modules\moment\locale\es-do.js
<s> [webpack.Progress] 49% building 326/357 modules 31 active D:\Java_project\HYPBlog\blog-view\node_modules\moment\locale\es-do.js
<s> [webpack.Progress] 49% building 326/358 modules 32 active D:\Java_project\HYPBlog\blog-view\node_modules\cache-loader\dist\cjs.js??ref--0-0!D:\Java_project\HYPBlog\blog-view\node_modules\vue-loader\lib\index.js??vue-loader-options!D:\Java_project\HYPBlog\blog-view\src\components\comment\CommentList.vue
<s> [webpack.Progress] 49% building 326/359 modules 33 active D:\Java_project\HYPBlog\blog-view\node_modules\cache-loader\dist\cjs.js??ref--0-0!D:\Java_project\HYPBlog\blog-view\node_modules\vue-loader\lib\index.js??vue-loader-options!D:\Java_project\HYPBlog\blog-view\src\components\blog\BlogList.vue
<s> [webpack.Progress] 49% building 326/360 modules 34 active D:\Java_project\HYPBlog\blog-view\node_modules\cache-loader\dist\cjs.js??ref--0-0!D:\Java_project\HYPBlog\blog-view\node_modules\vue-loader\lib\index.js??vue-loader-options!D:\Java_project\HYPBlog\blog-view\src\components\index\BlogPasswordDialog.vue
<s> [webpack.Progress] 49% building 326/361 modules 35 active D:\Java_project\HYPBlog\blog-view\node_modules\cache-loader\dist\cjs.js??ref--0-0!D:\Java_project\HYPBlog\blog-view\node_modules\vue-loader\lib\index.js??vue-loader-options!D:\Java_project\HYPBlog\blog-view\src\components\index\Footer.vue
<s> [webpack.Progress] 49% building 326/362 modules 36 active D:\Java_project\HYPBlog\blog-view\node_modules\cache-loader\dist\cjs.js??ref--0-0!D:\Java_project\HYPBlog\blog-view\node_modules\vue-loader\lib\index.js??vue-loader-options!D:\Java_project\HYPBlog\blog-view\src\components\index\Header.vue
<s> [webpack.Progress] 49% building 326/363 modules 37 active D:\Java_project\HYPBlog\blog-view\node_modules\cache-loader\dist\cjs.js??ref--0-0!D:\Java_project\HYPBlog\blog-view\node_modules\vue-loader\lib\index.js??vue-loader-options!D:\Java_project\HYPBlog\blog-view\src\components\index\Nav.vue
<s> [webpack.Progress] 49% building 326/364 modules 38 active D:\Java_project\HYPBlog\blog-view\node_modules\cache-loader\dist\cjs.js??ref--0-0!D:\Java_project\HYPBlog\blog-view\node_modules\vue-loader\lib\index.js??vue-loader-options!D:\Java_project\HYPBlog\blog-view\src\components\sidebar\RandomBlog.vue
<s> [webpack.Progress] 49% building 326/365 modules 39 active D:\Java_project\HYPBlog\blog-view\node_modules\cache-loader\dist\cjs.js??ref--0-0!D:\Java_project\HYPBlog\blog-view\node_modules\vue-loader\lib\index.js??vue-loader-options!D:\Java_project\HYPBlog\blog-view\src\components\sidebar\Tocbot.vue
<s> [webpack.Progress] 49% building 326/366 modules 40 active D:\Java_project\HYPBlog\blog-view\node_modules\cache-loader\dist\cjs.js??ref--0-0!D:\Java_project\HYPBlog\blog-view\node_modules\vue-loader\lib\index.js??vue-loader-options!D:\Java_project\HYPBlog\blog-view\src\components\sidebar\Introduction.vue
<s> [webpack.Progress] 49% building 326/367 modules 41 active D:\Java_project\HYPBlog\blog-view\node_modules\cache-loader\dist\cjs.js??ref--0-0!D:\Java_project\HYPBlog\blog-view\node_modules\vue-loader\lib\index.js??vue-loader-options!D:\Java_project\HYPBlog\blog-view\src\components\sidebar\Tags.vue
<s> [webpack.Progress] 49% building 327/367 modules 40 active D:\Java_project\HYPBlog\blog-view\node_modules\cache-loader\dist\cjs.js??ref--0-0!D:\Java_project\HYPBlog\blog-view\node_modules\vue-loader\lib\index.js??vue-loader-options!D:\Java_project\HYPBlog\blog-view\src\components\sidebar\Tags.vue
<s> [webpack.Progress] 49% building 327/368 modules 41 active D:\Java_project\HYPBlog\blog-view\node_modules\element-ui\lib\locale\lang\zh-CN.js
<s> [webpack.Progress] 49% building 328/368 modules 40 active D:\Java_project\HYPBlog\blog-view\node_modules\element-ui\lib\locale\lang\zh-CN.js
<s> [webpack.Progress] 49% building 328/369 modules 41 active D:\Java_project\HYPBlog\blog-view\node_modules\moment\locale\eo.js
<s> [webpack.Progress] 49% building 328/370 modules 42 active D:\Java_project\HYPBlog\blog-view\node_modules\moment\locale\en-sg.js
<s> [webpack.Progress] 49% building 329/370 modules 41 active D:\Java_project\HYPBlog\blog-view\node_modules\moment\locale\en-sg.js
<s> [webpack.Progress] 49% building 329/371 modules 42 active D:\Java_project\HYPBlog\blog-view\node_modules\moment\locale\en-nz.js
<s> [webpack.Progress] 49% building 329/372 modules 43 active D:\Java_project\HYPBlog\blog-view\node_modules\moment\locale\en-in.js
<s> [webpack.Progress] 49% building 329/373 modules 44 active D:\Java_project\HYPBlog\blog-view\node_modules\moment\locale\en-il.js
<s> [webpack.Progress] 49% building 329/374 modules 45 active D:\Java_project\HYPBlog\blog-view\node_modules\moment\locale\en-ie.js
<s> [webpack.Progress] 49% building 330/374 modules 44 active D:\Java_project\HYPBlog\blog-view\node_modules\moment\locale\en-ie.js
<s> [webpack.Progress] 49% building 330/375 modules 45 active D:\Java_project\HYPBlog\blog-view\node_modules\moment\locale\en-gb.js
<s> [webpack.Progress] 49% building 331/375 modules 44 active D:\Java_project\HYPBlog\blog-view\node_modules\moment\locale\en-gb.js
<s> [webpack.Progress] 49% building 331/376 modules 45 active D:\Java_project\HYPBlog\blog-view\node_modules\moment\locale\en-ca.js
<s> [webpack.Progress] 49% building 331/377 modules 46 active D:\Java_project\HYPBlog\blog-view\node_modules\moment\locale\en-au.js
<s> [webpack.Progress] 49% building 331/378 modules 47 active D:\Java_project\HYPBlog\blog-view\node_modules\resize-observer-polyfill\dist\ResizeObserver.es.js
<s> [webpack.Progress] 49% building 331/379 modules 48 active D:\Java_project\HYPBlog\blog-view\node_modules\moment\locale\el.js
<s> [webpack.Progress] 49% building 332/379 modules 47 active D:\Java_project\HYPBlog\blog-view\node_modules\moment\locale\el.js
<s> [webpack.Progress] 49% building 333/379 modules 46 active D:\Java_project\HYPBlog\blog-view\node_modules\moment\locale\el.js
<s> [webpack.Progress] 49% building 333/380 modules 47 active D:\Java_project\HYPBlog\blog-view\node_modules\moment\locale\dv.js
<s> [webpack.Progress] 50% building 334/380 modules 46 active D:\Java_project\HYPBlog\blog-view\node_modules\moment\locale\dv.js
<s> [webpack.Progress] 50% building 335/380 modules 45 active D:\Java_project\HYPBlog\blog-view\node_modules\moment\locale\dv.js
<s> [webpack.Progress] 50% building 336/380 modules 44 active D:\Java_project\HYPBlog\blog-view\node_modules\moment\locale\dv.js
<s> [webpack.Progress] 50% building 336/381 modules 45 active D:\Java_project\HYPBlog\blog-view\node_modules\moment\locale\de-ch.js
<s> [webpack.Progress] 50% building 337/381 modules 44 active D:\Java_project\HYPBlog\blog-view\node_modules\moment\locale\de-ch.js
<s> [webpack.Progress] 50% building 338/381 modules 43 active D:\Java_project\HYPBlog\blog-view\node_modules\moment\locale\de-ch.js
<s> [webpack.Progress] 50% building 338/382 modules 44 active D:\Java_project\HYPBlog\blog-view\node_modules\moment\locale\de-at.js
<s> [webpack.Progress] 50% building 339/382 modules 43 active D:\Java_project\HYPBlog\blog-view\node_modules\moment\locale\de-at.js
<s> [webpack.Progress] 50% building 340/382 modules 42 active D:\Java_project\HYPBlog\blog-view\node_modules\moment\locale\de-at.js
<s> [webpack.Progress] 50% building 341/382 modules 41 active D:\Java_project\HYPBlog\blog-view\node_modules\moment\locale\de-at.js
<s> [webpack.Progress] 51% building 342/382 modules 40 active D:\Java_project\HYPBlog\blog-view\node_modules\moment\locale\de-at.js
<s> [webpack.Progress] 51% building 343/382 modules 39 active D:\Java_project\HYPBlog\blog-view\node_modules\moment\locale\de-at.js
<s> [webpack.Progress] 51% building 344/382 modules 38 active D:\Java_project\HYPBlog\blog-view\node_modules\moment\locale\de-at.js
<s> [webpack.Progress] 51% building 345/382 modules 37 active D:\Java_project\HYPBlog\blog-view\node_modules\moment\locale\de-at.js
<s> [webpack.Progress] 51% building 346/382 modules 36 active D:\Java_project\HYPBlog\blog-view\node_modules\moment\locale\de-at.js
<s> [webpack.Progress] 51% building 347/382 modules 35 active D:\Java_project\HYPBlog\blog-view\node_modules\moment\locale\de-at.js
<s> [webpack.Progress] 51% building 348/382 modules 34 active D:\Java_project\HYPBlog\blog-view\node_modules\moment\locale\de-at.js
<s> [webpack.Progress] 51% building 348/383 modules 35 active D:\Java_project\HYPBlog\blog-view\node_modules\async-validator\es\messages.js
<s> [webpack.Progress] 51% building 349/383 modules 34 active D:\Java_project\HYPBlog\blog-view\node_modules\async-validator\es\messages.js
<s> [webpack.Progress] 51% building 349/384 modules 35 active D:\Java_project\HYPBlog\blog-view\node_modules\async-validator\es\util.js
<s> [webpack.Progress] 52% building 350/384 modules 34 active D:\Java_project\HYPBlog\blog-view\node_modules\async-validator\es\util.js
<s> [webpack.Progress] 52% building 351/384 modules 33 active D:\Java_project\HYPBlog\blog-view\node_modules\async-validator\es\util.js
<s> [webpack.Progress] 52% building 352/384 modules 32 active D:\Java_project\HYPBlog\blog-view\node_modules\async-validator\es\util.js
<s> [webpack.Progress] 52% building 353/384 modules 31 active D:\Java_project\HYPBlog\blog-view\node_modules\async-validator\es\util.js
<s> [webpack.Progress] 52% building 354/384 modules 30 active D:\Java_project\HYPBlog\blog-view\node_modules\async-validator\es\util.js
<s> [webpack.Progress] 52% building 355/384 modules 29 active D:\Java_project\HYPBlog\blog-view\node_modules\async-validator\es\util.js
<s> [webpack.Progress] 52% building 356/384 modules 28 active D:\Java_project\HYPBlog\blog-view\node_modules\async-validator\es\util.js
<s> [webpack.Progress] 52% building 357/384 modules 27 active D:\Java_project\HYPBlog\blog-view\node_modules\async-validator\es\util.js
<s> [webpack.Progress] 52% building 358/384 modules 26 active D:\Java_project\HYPBlog\blog-view\node_modules\async-validator\es\util.js
<s> [webpack.Progress] 53% building 359/384 modules 25 active D:\Java_project\HYPBlog\blog-view\node_modules\async-validator\es\util.js
<s> [webpack.Progress] 53% building 360/384 modules 24 active D:\Java_project\HYPBlog\blog-view\node_modules\async-validator\es\util.js
<s> [webpack.Progress] 53% building 361/384 modules 23 active D:\Java_project\HYPBlog\blog-view\node_modules\async-validator\es\util.js
<s> [webpack.Progress] 53% building 362/384 modules 22 active D:\Java_project\HYPBlog\blog-view\node_modules\async-validator\es\util.js
<s> [webpack.Progress] 53% building 363/384 modules 21 active D:\Java_project\HYPBlog\blog-view\node_modules\async-validator\es\util.js
<s> [webpack.Progress] 53% building 364/384 modules 20 active D:\Java_project\HYPBlog\blog-view\node_modules\async-validator\es\util.js
<s> [webpack.Progress] 53% building 365/384 modules 19 active D:\Java_project\HYPBlog\blog-view\node_modules\async-validator\es\util.js
<s> [webpack.Progress] 53% building 366/384 modules 18 active D:\Java_project\HYPBlog\blog-view\node_modules\async-validator\es\util.js
<s> [webpack.Progress] 54% building 367/384 modules 17 active D:\Java_project\HYPBlog\blog-view\node_modules\async-validator\es\util.js
<s> [webpack.Progress] 54% building 368/384 modules 16 active D:\Java_project\HYPBlog\blog-view\node_modules\async-validator\es\util.js
<s> [webpack.Progress] 54% building 369/384 modules 15 active D:\Java_project\HYPBlog\blog-view\node_modules\async-validator\es\util.js
<s> [webpack.Progress] 54% building 370/384 modules 14 active D:\Java_project\HYPBlog\blog-view\node_modules\async-validator\es\util.js
<s> [webpack.Progress] 54% building 371/384 modules 13 active D:\Java_project\HYPBlog\blog-view\node_modules\async-validator\es\util.js
<s> [webpack.Progress] 54% building 372/384 modules 12 active D:\Java_project\HYPBlog\blog-view\node_modules\async-validator\es\util.js
<s> [webpack.Progress] 54% building 373/384 modules 11 active D:\Java_project\HYPBlog\blog-view\node_modules\async-validator\es\util.js
<s> [webpack.Progress] 54% building 373/385 modules 12 active D:\Java_project\HYPBlog\blog-view\node_modules\vue-loader\lib\loaders\pitcher.js??ref--4!D:\Java_project\HYPBlog\blog-view\node_modules\cache-loader\dist\cjs.js??ref--0-0!D:\Java_project\HYPBlog\blog-view\node_modules\vue-loader\lib\index.js??vue-loader-options!D:\Java_project\HYPBlog\blog-view\src\components\blog\BlogList.vue?vue&type=template&id=143c14ed&scoped=true
<s> [webpack.Progress] 54% building 374/385 modules 11 active D:\Java_project\HYPBlog\blog-view\node_modules\async-validator\es\util.js
<s> [webpack.Progress] 54% building 374/386 modules 12 active D:\Java_project\HYPBlog\blog-view\node_modules\vue-loader\lib\loaders\pitcher.js??ref--4!D:\Java_project\HYPBlog\blog-view\node_modules\cache-loader\dist\cjs.js??ref--12-0!D:\Java_project\HYPBlog\blog-view\node_modules\babel-loader\lib\index.js!D:\Java_project\HYPBlog\blog-view\node_modules\cache-loader\dist\cjs.js??ref--0-0!D:\Java_project\HYPBlog\blog-view\node_modules\vue-loader\lib\index.js??vue-loader-options!D:\Java_project\HYPBlog\blog-view\src\components\blog\BlogList.vue?vue&type=script&lang=js
<s> [webpack.Progress] 54% building 375/386 modules 11 active D:\Java_project\HYPBlog\blog-view\node_modules\async-validator\es\util.js
<s> [webpack.Progress] 54% building 375/387 modules 12 active D:\Java_project\HYPBlog\blog-view\node_modules\cache-loader\dist\cjs.js??ref--12-0!D:\Java_project\HYPBlog\blog-view\node_modules\babel-loader\lib\index.js!D:\Java_project\HYPBlog\blog-view\node_modules\cache-loader\dist\cjs.js??ref--0-0!D:\Java_project\HYPBlog\blog-view\node_modules\vue-loader\lib\index.js??vue-loader-options!D:\Java_project\HYPBlog\blog-view\src\components\blog\BlogList.vue?vue&type=script&lang=js
<s> [webpack.Progress] 54% building 375/388 modules 13 active D:\Java_project\HYPBlog\blog-view\node_modules\cache-loader\dist\cjs.js?{"cacheDirectory":"node_modules/.cache/vue-loader","cacheIdentifier":"62f10814-vue-loader-template"}!D:\Java_project\HYPBlog\blog-view\node_modules\vue-loader\lib\loaders\templateLoader.js??vue-loader-options!D:\Java_project\HYPBlog\blog-view\node_modules\cache-loader\dist\cjs.js??ref--0-0!D:\Java_project\HYPBlog\blog-view\node_modules\vue-loader\lib\index.js??vue-loader-options!D:\Java_project\HYPBlog\blog-view\src\components\blog\BlogList.vue?vue&type=template&id=143c14ed&scoped=true
<s> [webpack.Progress] 54% building 375/389 modules 14 active D:\Java_project\HYPBlog\blog-view\node_modules\vue-loader\lib\loaders\pitcher.js??ref--4!D:\Java_project\HYPBlog\blog-view\node_modules\cache-loader\dist\cjs.js??ref--0-0!D:\Java_project\HYPBlog\blog-view\node_modules\vue-loader\lib\index.js??vue-loader-options!D:\Java_project\HYPBlog\blog-view\src\components\comment\CommentList.vue?vue&type=template&id=613ef76d&scoped=true
<s> [webpack.Progress] 55% building 376/389 modules 13 active D:\Java_project\HYPBlog\blog-view\node_modules\cache-loader\dist\cjs.js?{"cacheDirectory":"node_modules/.cache/vue-loader","cacheIdentifier":"62f10814-vue-loader-template"}!D:\Java_project\HYPBlog\blog-view\node_modules\vue-loader\lib\loaders\templateLoader.js??vue-loader-options!D:\Java_project\HYPBlog\blog-view\node_modules\cache-loader\dist\cjs.js??ref--0-0!D:\Java_project\HYPBlog\blog-view\node_modules\vue-loader\lib\index.js??vue-loader-options!D:\Java_project\HYPBlog\blog-view\src\components\blog\BlogList.vue?vue&type=template&id=143c14ed&scoped=true
<s> [webpack.Progress] 55% building 376/390 modules 14 active D:\Java_project\HYPBlog\blog-view\node_modules\vue-loader\lib\loaders\pitcher.js??ref--4!D:\Java_project\HYPBlog\blog-view\node_modules\cache-loader\dist\cjs.js??ref--12-0!D:\Java_project\HYPBlog\blog-view\node_modules\babel-loader\lib\index.js!D:\Java_project\HYPBlog\blog-view\node_modules\cache-loader\dist\cjs.js??ref--0-0!D:\Java_project\HYPBlog\blog-view\node_modules\vue-loader\lib\index.js??vue-loader-options!D:\Java_project\HYPBlog\blog-view\src\components\comment\CommentList.vue?vue&type=script&lang=js
<s> [webpack.Progress] 55% building 377/390 modules 13 active D:\Java_project\HYPBlog\blog-view\node_modules\cache-loader\dist\cjs.js?{"cacheDirectory":"node_modules/.cache/vue-loader","cacheIdentifier":"62f10814-vue-loader-template"}!D:\Java_project\HYPBlog\blog-view\node_modules\vue-loader\lib\loaders\templateLoader.js??vue-loader-options!D:\Java_project\HYPBlog\blog-view\node_modules\cache-loader\dist\cjs.js??ref--0-0!D:\Java_project\HYPBlog\blog-view\node_modules\vue-loader\lib\index.js??vue-loader-options!D:\Java_project\HYPBlog\blog-view\src\components\blog\BlogList.vue?vue&type=template&id=143c14ed&scoped=true
<s> [webpack.Progress] 55% building 377/391 modules 14 active D:\Java_project\HYPBlog\blog-view\node_modules\cache-loader\dist\cjs.js??ref--12-0!D:\Java_project\HYPBlog\blog-view\node_modules\babel-loader\lib\index.js!D:\Java_project\HYPBlog\blog-view\node_modules\cache-loader\dist\cjs.js??ref--0-0!D:\Java_project\HYPBlog\blog-view\node_modules\vue-loader\lib\index.js??vue-loader-options!D:\Java_project\HYPBlog\blog-view\src\components\comment\CommentList.vue?vue&type=script&lang=js
<s> [webpack.Progress] 55% building 377/392 modules 15 active D:\Java_project\HYPBlog\blog-view\node_modules\cache-loader\dist\cjs.js?{"cacheDirectory":"node_modules/.cache/vue-loader","cacheIdentifier":"62f10814-vue-loader-template"}!D:\Java_project\HYPBlog\blog-view\node_modules\vue-loader\lib\loaders\templateLoader.js??vue-loader-options!D:\Java_project\HYPBlog\blog-view\node_modules\cache-loader\dist\cjs.js??ref--0-0!D:\Java_project\HYPBlog\blog-view\node_modules\vue-loader\lib\index.js??vue-loader-options!D:\Java_project\HYPBlog\blog-view\src\components\comment\CommentList.vue?vue&type=template&id=613ef76d&scoped=true
<s> [webpack.Progress] 55% building 377/393 modules 16 active D:\Java_project\HYPBlog\blog-view\node_modules\vue-loader\lib\loaders\pitcher.js??ref--4!D:\Java_project\HYPBlog\blog-view\node_modules\cache-loader\dist\cjs.js??ref--0-0!D:\Java_project\HYPBlog\blog-view\node_modules\vue-loader\lib\index.js??vue-loader-options!D:\Java_project\HYPBlog\blog-view\src\components\index\BlogPasswordDialog.vue?vue&type=template&id=bfddb0dc&scoped=true
<s> [webpack.Progress] 55% building 378/393 modules 15 active D:\Java_project\HYPBlog\blog-view\node_modules\cache-loader\dist\cjs.js?{"cacheDirectory":"node_modules/.cache/vue-loader","cacheIdentifier":"62f10814-vue-loader-template"}!D:\Java_project\HYPBlog\blog-view\node_modules\vue-loader\lib\loaders\templateLoader.js??vue-loader-options!D:\Java_project\HYPBlog\blog-view\node_modules\cache-loader\dist\cjs.js??ref--0-0!D:\Java_project\HYPBlog\blog-view\node_modules\vue-loader\lib\index.js??vue-loader-options!D:\Java_project\HYPBlog\blog-view\src\components\comment\CommentList.vue?vue&type=template&id=613ef76d&scoped=true
<s> [webpack.Progress] 55% building 378/394 modules 16 active D:\Java_project\HYPBlog\blog-view\node_modules\vue-loader\lib\loaders\pitcher.js??ref--4!D:\Java_project\HYPBlog\blog-view\node_modules\cache-loader\dist\cjs.js??ref--12-0!D:\Java_project\HYPBlog\blog-view\node_modules\babel-loader\lib\index.js!D:\Java_project\HYPBlog\blog-view\node_modules\cache-loader\dist\cjs.js??ref--0-0!D:\Java_project\HYPBlog\blog-view\node_modules\vue-loader\lib\index.js??vue-loader-options!D:\Java_project\HYPBlog\blog-view\src\components\index\BlogPasswordDialog.vue?vue&type=script&lang=js
<s> [webpack.Progress] 55% building 379/394 modules 15 active D:\Java_project\HYPBlog\blog-view\node_modules\cache-loader\dist\cjs.js?{"cacheDirectory":"node_modules/.cache/vue-loader","cacheIdentifier":"62f10814-vue-loader-template"}!D:\Java_project\HYPBlog\blog-view\node_modules\vue-loader\lib\loaders\templateLoader.js??vue-loader-options!D:\Java_project\HYPBlog\blog-view\node_modules\cache-loader\dist\cjs.js??ref--0-0!D:\Java_project\HYPBlog\blog-view\node_modules\vue-loader\lib\index.js??vue-loader-options!D:\Java_project\HYPBlog\blog-view\src\components\comment\CommentList.vue?vue&type=template&id=613ef76d&scoped=true
<s> [webpack.Progress] 55% building 379/395 modules 16 active D:\Java_project\HYPBlog\blog-view\node_modules\cache-loader\dist\cjs.js??ref--12-0!D:\Java_project\HYPBlog\blog-view\node_modules\babel-loader\lib\index.js!D:\Java_project\HYPBlog\blog-view\node_modules\cache-loader\dist\cjs.js??ref--0-0!D:\Java_project\HYPBlog\blog-view\node_modules\vue-loader\lib\index.js??vue-loader-options!D:\Java_project\HYPBlog\blog-view\src\components\index\BlogPasswordDialog.vue?vue&type=script&lang=js
<s> [webpack.Progress] 55% building 379/396 modules 17 active D:\Java_project\HYPBlog\blog-view\node_modules\cache-loader\dist\cjs.js?{"cacheDirectory":"node_modules/.cache/vue-loader","cacheIdentifier":"62f10814-vue-loader-template"}!D:\Java_project\HYPBlog\blog-view\node_modules\vue-loader\lib\loaders\templateLoader.js??vue-loader-options!D:\Java_project\HYPBlog\blog-view\node_modules\cache-loader\dist\cjs.js??ref--0-0!D:\Java_project\HYPBlog\blog-view\node_modules\vue-loader\lib\index.js??vue-loader-options!D:\Java_project\HYPBlog\blog-view\src\components\index\BlogPasswordDialog.vue?vue&type=template&id=bfddb0dc&scoped=true
<s> [webpack.Progress] 55% building 379/397 modules 18 active D:\Java_project\HYPBlog\blog-view\node_modules\vue-loader\lib\loaders\pitcher.js??ref--4!D:\Java_project\HYPBlog\blog-view\node_modules\cache-loader\dist\cjs.js??ref--0-0!D:\Java_project\HYPBlog\blog-view\node_modules\vue-loader\lib\index.js??vue-loader-options!D:\Java_project\HYPBlog\blog-view\src\components\index\Footer.vue?vue&type=template&id=87c824b0&scoped=true
<s> [webpack.Progress] 55% building 380/397 modules 17 active D:\Java_project\HYPBlog\blog-view\node_modules\cache-loader\dist\cjs.js?{"cacheDirectory":"node_modules/.cache/vue-loader","cacheIdentifier":"62f10814-vue-loader-template"}!D:\Java_project\HYPBlog\blog-view\node_modules\vue-loader\lib\loaders\templateLoader.js??vue-loader-options!D:\Java_project\HYPBlog\blog-view\node_modules\cache-loader\dist\cjs.js??ref--0-0!D:\Java_project\HYPBlog\blog-view\node_modules\vue-loader\lib\index.js??vue-loader-options!D:\Java_project\HYPBlog\blog-view\src\components\index\BlogPasswordDialog.vue?vue&type=template&id=bfddb0dc&scoped=true
<s> [webpack.Progress] 55% building 380/398 modules 18 active D:\Java_project\HYPBlog\blog-view\node_modules\vue-loader\lib\loaders\pitcher.js??ref--4!D:\Java_project\HYPBlog\blog-view\node_modules\cache-loader\dist\cjs.js??ref--12-0!D:\Java_project\HYPBlog\blog-view\node_modules\babel-loader\lib\index.js!D:\Java_project\HYPBlog\blog-view\node_modules\cache-loader\dist\cjs.js??ref--0-0!D:\Java_project\HYPBlog\blog-view\node_modules\vue-loader\lib\index.js??vue-loader-options!D:\Java_project\HYPBlog\blog-view\src\components\index\Footer.vue?vue&type=script&lang=js
<s> [webpack.Progress] 55% building 381/398 modules 17 active D:\Java_project\HYPBlog\blog-view\node_modules\cache-loader\dist\cjs.js?{"cacheDirectory":"node_modules/.cache/vue-loader","cacheIdentifier":"62f10814-vue-loader-template"}!D:\Java_project\HYPBlog\blog-view\node_modules\vue-loader\lib\loaders\templateLoader.js??vue-loader-options!D:\Java_project\HYPBlog\blog-view\node_modules\cache-loader\dist\cjs.js??ref--0-0!D:\Java_project\HYPBlog\blog-view\node_modules\vue-loader\lib\index.js??vue-loader-options!D:\Java_project\HYPBlog\blog-view\src\components\index\BlogPasswordDialog.vue?vue&type=template&id=bfddb0dc&scoped=true
<s> [webpack.Progress] 55% building 381/399 modules 18 active D:\Java_project\HYPBlog\blog-view\node_modules\vue-loader\lib\loaders\pitcher.js??ref--4!D:\Java_project\HYPBlog\blog-view\node_modules\vue-style-loader\index.js??ref--6-oneOf-1-0!D:\Java_project\HYPBlog\blog-view\node_modules\css-loader\dist\cjs.js??ref--6-oneOf-1-1!D:\Java_project\HYPBlog\blog-view\node_modules\postcss-loader\src\index.js??ref--6-oneOf-1-2!D:\Java_project\HYPBlog\blog-view\node_modules\cache-loader\dist\cjs.js??ref--0-0!D:\Java_project\HYPBlog\blog-view\node_modules\vue-loader\lib\index.js??vue-loader-options!D:\Java_project\HYPBlog\blog-view\src\components\index\Footer.vue?vue&type=style&index=0&id=87c824b0&scoped=true&lang=css
<s> [webpack.Progress] 55% building 382/399 modules 17 active D:\Java_project\HYPBlog\blog-view\node_modules\cache-loader\dist\cjs.js?{"cacheDirectory":"node_modules/.cache/vue-loader","cacheIdentifier":"62f10814-vue-loader-template"}!D:\Java_project\HYPBlog\blog-view\node_modules\vue-loader\lib\loaders\templateLoader.js??vue-loader-options!D:\Java_project\HYPBlog\blog-view\node_modules\cache-loader\dist\cjs.js??ref--0-0!D:\Java_project\HYPBlog\blog-view\node_modules\vue-loader\lib\index.js??vue-loader-options!D:\Java_project\HYPBlog\blog-view\src\components\index\BlogPasswordDialog.vue?vue&type=template&id=bfddb0dc&scoped=true
<s> [webpack.Progress] 55% building 382/400 modules 18 active D:\Java_project\HYPBlog\blog-view\node_modules\cache-loader\dist\cjs.js??ref--12-0!D:\Java_project\HYPBlog\blog-view\node_modules\babel-loader\lib\index.js!D:\Java_project\HYPBlog\blog-view\node_modules\cache-loader\dist\cjs.js??ref--0-0!D:\Java_project\HYPBlog\blog-view\node_modules\vue-loader\lib\index.js??vue-loader-options!D:\Java_project\HYPBlog\blog-view\src\components\index\Footer.vue?vue&type=script&lang=js
<s> [webpack.Progress] 55% building 382/401 modules 19 active D:\Java_project\HYPBlog\blog-view\node_modules\cache-loader\dist\cjs.js?{"cacheDirectory":"node_modules/.cache/vue-loader","cacheIdentifier":"62f10814-vue-loader-template"}!D:\Java_project\HYPBlog\blog-view\node_modules\vue-loader\lib\loaders\templateLoader.js??vue-loader-options!D:\Java_project\HYPBlog\blog-view\node_modules\cache-loader\dist\cjs.js??ref--0-0!D:\Java_project\HYPBlog\blog-view\node_modules\vue-loader\lib\index.js??vue-loader-options!D:\Java_project\HYPBlog\blog-view\src\components\index\Footer.vue?vue&type=template&id=87c824b0&scoped=true
<s> [webpack.Progress] 55% building 382/402 modules 20 active D:\Java_project\HYPBlog\blog-view\node_modules\vue-style-loader\index.js??ref--6-oneOf-1-0!D:\Java_project\HYPBlog\blog-view\node_modules\css-loader\dist\cjs.js??ref--6-oneOf-1-1!D:\Java_project\HYPBlog\blog-view\node_modules\vue-loader\lib\loaders\stylePostLoader.js!D:\Java_project\HYPBlog\blog-view\node_modules\postcss-loader\src\index.js??ref--6-oneOf-1-2!D:\Java_project\HYPBlog\blog-view\node_modules\cache-loader\dist\cjs.js??ref--0-0!D:\Java_project\HYPBlog\blog-view\node_modules\vue-loader\lib\index.js??vue-loader-options!D:\Java_project\HYPBlog\blog-view\src\components\index\Footer.vue?vue&type=style&index=0&id=87c824b0&scoped=true&lang=css
<s> [webpack.Progress] 55% building 383/402 modules 19 active D:\Java_project\HYPBlog\blog-view\node_modules\cache-loader\dist\cjs.js?{"cacheDirectory":"node_modules/.cache/vue-loader","cacheIdentifier":"62f10814-vue-loader-template"}!D:\Java_project\HYPBlog\blog-view\node_modules\vue-loader\lib\loaders\templateLoader.js??vue-loader-options!D:\Java_project\HYPBlog\blog-view\node_modules\cache-loader\dist\cjs.js??ref--0-0!D:\Java_project\HYPBlog\blog-view\node_modules\vue-loader\lib\index.js??vue-loader-options!D:\Java_project\HYPBlog\blog-view\src\components\index\Footer.vue?vue&type=template&id=87c824b0&scoped=true
<s> [webpack.Progress] 55% building 383/403 modules 20 active D:\Java_project\HYPBlog\blog-view\node_modules\css-loader\dist\cjs.js??ref--6-oneOf-1-1!D:\Java_project\HYPBlog\blog-view\node_modules\vue-loader\lib\loaders\stylePostLoader.js!D:\Java_project\HYPBlog\blog-view\node_modules\postcss-loader\src\index.js??ref--6-oneOf-1-2!D:\Java_project\HYPBlog\blog-view\node_modules\cache-loader\dist\cjs.js??ref--0-0!D:\Java_project\HYPBlog\blog-view\node_modules\vue-loader\lib\index.js??vue-loader-options!D:\Java_project\HYPBlog\blog-view\src\components\index\Footer.vue?vue&type=style&index=0&id=87c824b0&scoped=true&lang=css
<s> [webpack.Progress] 55% building 383/404 modules 21 active D:\Java_project\HYPBlog\blog-view\node_modules\vue-loader\lib\loaders\pitcher.js??ref--4!D:\Java_project\HYPBlog\blog-view\node_modules\cache-loader\dist\cjs.js??ref--0-0!D:\Java_project\HYPBlog\blog-view\node_modules\vue-loader\lib\index.js??vue-loader-options!D:\Java_project\HYPBlog\blog-view\src\components\index\Header.vue?vue&type=template&id=45635ccc&scoped=true
<s> [webpack.Progress] 56% building 384/404 modules 20 active D:\Java_project\HYPBlog\blog-view\node_modules\css-loader\dist\cjs.js??ref--6-oneOf-1-1!D:\Java_project\HYPBlog\blog-view\node_modules\vue-loader\lib\loaders\stylePostLoader.js!D:\Java_project\HYPBlog\blog-view\node_modules\postcss-loader\src\index.js??ref--6-oneOf-1-2!D:\Java_project\HYPBlog\blog-view\node_modules\cache-loader\dist\cjs.js??ref--0-0!D:\Java_project\HYPBlog\blog-view\node_modules\vue-loader\lib\index.js??vue-loader-options!D:\Java_project\HYPBlog\blog-view\src\components\index\Footer.vue?vue&type=style&index=0&id=87c824b0&scoped=true&lang=css
<s> [webpack.Progress] 56% building 384/405 modules 21 active D:\Java_project\HYPBlog\blog-view\node_modules\vue-loader\lib\loaders\pitcher.js??ref--4!D:\Java_project\HYPBlog\blog-view\node_modules\cache-loader\dist\cjs.js??ref--12-0!D:\Java_project\HYPBlog\blog-view\node_modules\babel-loader\lib\index.js!D:\Java_project\HYPBlog\blog-view\node_modules\cache-loader\dist\cjs.js??ref--0-0!D:\Java_project\HYPBlog\blog-view\node_modules\vue-loader\lib\index.js??vue-loader-options!D:\Java_project\HYPBlog\blog-view\src\components\index\Header.vue?vue&type=script&lang=js
<s> [webpack.Progress] 56% building 385/405 modules 20 active D:\Java_project\HYPBlog\blog-view\node_modules\css-loader\dist\cjs.js??ref--6-oneOf-1-1!D:\Java_project\HYPBlog\blog-view\node_modules\vue-loader\lib\loaders\stylePostLoader.js!D:\Java_project\HYPBlog\blog-view\node_modules\postcss-loader\src\index.js??ref--6-oneOf-1-2!D:\Java_project\HYPBlog\blog-view\node_modules\cache-loader\dist\cjs.js??ref--0-0!D:\Java_project\HYPBlog\blog-view\node_modules\vue-loader\lib\index.js??vue-loader-options!D:\Java_project\HYPBlog\blog-view\src\components\index\Footer.vue?vue&type=style&index=0&id=87c824b0&scoped=true&lang=css
<s> [webpack.Progress] 56% building 385/406 modules 21 active D:\Java_project\HYPBlog\blog-view\node_modules\vue-loader\lib\loaders\pitcher.js??ref--4!D:\Java_project\HYPBlog\blog-view\node_modules\vue-style-loader\index.js??ref--6-oneOf-1-0!D:\Java_project\HYPBlog\blog-view\node_modules\css-loader\dist\cjs.js??ref--6-oneOf-1-1!D:\Java_project\HYPBlog\blog-view\node_modules\postcss-loader\src\index.js??ref--6-oneOf-1-2!D:\Java_project\HYPBlog\blog-view\node_modules\cache-loader\dist\cjs.js??ref--0-0!D:\Java_project\HYPBlog\blog-view\node_modules\vue-loader\lib\index.js??vue-loader-options!D:\Java_project\HYPBlog\blog-view\src\components\index\Header.vue?vue&type=style&index=0&id=45635ccc&scoped=true&lang=css
<s> [webpack.Progress] 56% building 386/406 modules 20 active D:\Java_project\HYPBlog\blog-view\node_modules\css-loader\dist\cjs.js??ref--6-oneOf-1-1!D:\Java_project\HYPBlog\blog-view\node_modules\vue-loader\lib\loaders\stylePostLoader.js!D:\Java_project\HYPBlog\blog-view\node_modules\postcss-loader\src\index.js??ref--6-oneOf-1-2!D:\Java_project\HYPBlog\blog-view\node_modules\cache-loader\dist\cjs.js??ref--0-0!D:\Java_project\HYPBlog\blog-view\node_modules\vue-loader\lib\index.js??vue-loader-options!D:\Java_project\HYPBlog\blog-view\src\components\index\Footer.vue?vue&type=style&index=0&id=87c824b0&scoped=true&lang=css
<s> [webpack.Progress] 56% building 386/407 modules 21 active D:\Java_project\HYPBlog\blog-view\node_modules\cache-loader\dist\cjs.js??ref--12-0!D:\Java_project\HYPBlog\blog-view\node_modules\babel-loader\lib\index.js!D:\Java_project\HYPBlog\blog-view\node_modules\cache-loader\dist\cjs.js??ref--0-0!D:\Java_project\HYPBlog\blog-view\node_modules\vue-loader\lib\index.js??vue-loader-options!D:\Java_project\HYPBlog\blog-view\src\components\index\Header.vue?vue&type=script&lang=js
<s> [webpack.Progress] 56% building 386/408 modules 22 active D:\Java_project\HYPBlog\blog-view\node_modules\cache-loader\dist\cjs.js?{"cacheDirectory":"node_modules/.cache/vue-loader","cacheIdentifier":"62f10814-vue-loader-template"}!D:\Java_project\HYPBlog\blog-view\node_modules\vue-loader\lib\loaders\templateLoader.js??vue-loader-options!D:\Java_project\HYPBlog\blog-view\node_modules\cache-loader\dist\cjs.js??ref--0-0!D:\Java_project\HYPBlog\blog-view\node_modules\vue-loader\lib\index.js??vue-loader-options!D:\Java_project\HYPBlog\blog-view\src\components\index\Header.vue?vue&type=template&id=45635ccc&scoped=true
<s> [webpack.Progress] 56% building 386/409 modules 23 active D:\Java_project\HYPBlog\blog-view\node_modules\vue-style-loader\index.js??ref--6-oneOf-1-0!D:\Java_project\HYPBlog\blog-view\node_modules\css-loader\dist\cjs.js??ref--6-oneOf-1-1!D:\Java_project\HYPBlog\blog-view\node_modules\vue-loader\lib\loaders\stylePostLoader.js!D:\Java_project\HYPBlog\blog-view\node_modules\postcss-loader\src\index.js??ref--6-oneOf-1-2!D:\Java_project\HYPBlog\blog-view\node_modules\cache-loader\dist\cjs.js??ref--0-0!D:\Java_project\HYPBlog\blog-view\node_modules\vue-loader\lib\index.js??vue-loader-options!D:\Java_project\HYPBlog\blog-view\src\components\index\Header.vue?vue&type=style&index=0&id=45635ccc&scoped=true&lang=css
<s> [webpack.Progress] 56% building 387/409 modules 22 active D:\Java_project\HYPBlog\blog-view\node_modules\cache-loader\dist\cjs.js?{"cacheDirectory":"node_modules/.cache/vue-loader","cacheIdentifier":"62f10814-vue-loader-template"}!D:\Java_project\HYPBlog\blog-view\node_modules\vue-loader\lib\loaders\templateLoader.js??vue-loader-options!D:\Java_project\HYPBlog\blog-view\node_modules\cache-loader\dist\cjs.js??ref--0-0!D:\Java_project\HYPBlog\blog-view\node_modules\vue-loader\lib\index.js??vue-loader-options!D:\Java_project\HYPBlog\blog-view\src\components\index\Header.vue?vue&type=template&id=45635ccc&scoped=true
<s> [webpack.Progress] 56% building 387/410 modules 23 active D:\Java_project\HYPBlog\blog-view\node_modules\css-loader\dist\cjs.js??ref--6-oneOf-1-1!D:\Java_project\HYPBlog\blog-view\node_modules\vue-loader\lib\loaders\stylePostLoader.js!D:\Java_project\HYPBlog\blog-view\node_modules\postcss-loader\src\index.js??ref--6-oneOf-1-2!D:\Java_project\HYPBlog\blog-view\node_modules\cache-loader\dist\cjs.js??ref--0-0!D:\Java_project\HYPBlog\blog-view\node_modules\vue-loader\lib\index.js??vue-loader-options!D:\Java_project\HYPBlog\blog-view\src\components\index\Header.vue?vue&type=style&index=0&id=45635ccc&scoped=true&lang=css
<s> [webpack.Progress] 56% building 387/411 modules 24 active D:\Java_project\HYPBlog\blog-view\node_modules\vue-loader\lib\loaders\pitcher.js??ref--4!D:\Java_project\HYPBlog\blog-view\node_modules\cache-loader\dist\cjs.js??ref--0-0!D:\Java_project\HYPBlog\blog-view\node_modules\vue-loader\lib\index.js??vue-loader-options!D:\Java_project\HYPBlog\blog-view\src\components\sidebar\Tocbot.vue?vue&type=template&id=2c9002c2
<s> [webpack.Progress] 56% building 388/411 modules 23 active D:\Java_project\HYPBlog\blog-view\node_modules\css-loader\dist\cjs.js??ref--6-oneOf-1-1!D:\Java_project\HYPBlog\blog-view\node_modules\vue-loader\lib\loaders\stylePostLoader.js!D:\Java_project\HYPBlog\blog-view\node_modules\postcss-loader\src\index.js??ref--6-oneOf-1-2!D:\Java_project\HYPBlog\blog-view\node_modules\cache-loader\dist\cjs.js??ref--0-0!D:\Java_project\HYPBlog\blog-view\node_modules\vue-loader\lib\index.js??vue-loader-options!D:\Java_project\HYPBlog\blog-view\src\components\index\Header.vue?vue&type=style&index=0&id=45635ccc&scoped=true&lang=css
<s> [webpack.Progress] 56% building 388/412 modules 24 active D:\Java_project\HYPBlog\blog-view\node_modules\vue-loader\lib\loaders\pitcher.js??ref--4!D:\Java_project\HYPBlog\blog-view\node_modules\cache-loader\dist\cjs.js??ref--12-0!D:\Java_project\HYPBlog\blog-view\node_modules\babel-loader\lib\index.js!D:\Java_project\HYPBlog\blog-view\node_modules\cache-loader\dist\cjs.js??ref--0-0!D:\Java_project\HYPBlog\blog-view\node_modules\vue-loader\lib\index.js??vue-loader-options!D:\Java_project\HYPBlog\blog-view\src\components\sidebar\Tocbot.vue?vue&type=script&lang=js
<s> [webpack.Progress] 56% building 389/412 modules 23 active D:\Java_project\HYPBlog\blog-view\node_modules\css-loader\dist\cjs.js??ref--6-oneOf-1-1!D:\Java_project\HYPBlog\blog-view\node_modules\vue-loader\lib\loaders\stylePostLoader.js!D:\Java_project\HYPBlog\blog-view\node_modules\postcss-loader\src\index.js??ref--6-oneOf-1-2!D:\Java_project\HYPBlog\blog-view\node_modules\cache-loader\dist\cjs.js??ref--0-0!D:\Java_project\HYPBlog\blog-view\node_modules\vue-loader\lib\index.js??vue-loader-options!D:\Java_project\HYPBlog\blog-view\src\components\index\Header.vue?vue&type=style&index=0&id=45635ccc&scoped=true&lang=css
<s> [webpack.Progress] 56% building 389/413 modules 24 active D:\Java_project\HYPBlog\blog-view\node_modules\vue-loader\lib\loaders\pitcher.js??ref--4!D:\Java_project\HYPBlog\blog-view\node_modules\vue-style-loader\index.js??ref--6-oneOf-1-0!D:\Java_project\HYPBlog\blog-view\node_modules\css-loader\dist\cjs.js??ref--6-oneOf-1-1!D:\Java_project\HYPBlog\blog-view\node_modules\postcss-loader\src\index.js??ref--6-oneOf-1-2!D:\Java_project\HYPBlog\blog-view\node_modules\cache-loader\dist\cjs.js??ref--0-0!D:\Java_project\HYPBlog\blog-view\node_modules\vue-loader\lib\index.js??vue-loader-options!D:\Java_project\HYPBlog\blog-view\src\components\sidebar\Tocbot.vue?vue&type=style&index=0&id=2c9002c2&lang=css
<s> [webpack.Progress] 56% building 390/413 modules 23 active D:\Java_project\HYPBlog\blog-view\node_modules\css-loader\dist\cjs.js??ref--6-oneOf-1-1!D:\Java_project\HYPBlog\blog-view\node_modules\vue-loader\lib\loaders\stylePostLoader.js!D:\Java_project\HYPBlog\blog-view\node_modules\postcss-loader\src\index.js??ref--6-oneOf-1-2!D:\Java_project\HYPBlog\blog-view\node_modules\cache-loader\dist\cjs.js??ref--0-0!D:\Java_project\HYPBlog\blog-view\node_modules\vue-loader\lib\index.js??vue-loader-options!D:\Java_project\HYPBlog\blog-view\src\components\index\Header.vue?vue&type=style&index=0&id=45635ccc&scoped=true&lang=css
<s> [webpack.Progress] 56% building 390/414 modules 24 active D:\Java_project\HYPBlog\blog-view\node_modules\cache-loader\dist\cjs.js??ref--12-0!D:\Java_project\HYPBlog\blog-view\node_modules\babel-loader\lib\index.js!D:\Java_project\HYPBlog\blog-view\node_modules\cache-loader\dist\cjs.js??ref--0-0!D:\Java_project\HYPBlog\blog-view\node_modules\vue-loader\lib\index.js??vue-loader-options!D:\Java_project\HYPBlog\blog-view\src\components\sidebar\Tocbot.vue?vue&type=script&lang=js
<s> [webpack.Progress] 56% building 390/415 modules 25 active D:\Java_project\HYPBlog\blog-view\node_modules\cache-loader\dist\cjs.js?{"cacheDirectory":"node_modules/.cache/vue-loader","cacheIdentifier":"62f10814-vue-loader-template"}!D:\Java_project\HYPBlog\blog-view\node_modules\vue-loader\lib\loaders\templateLoader.js??vue-loader-options!D:\Java_project\HYPBlog\blog-view\node_modules\cache-loader\dist\cjs.js??ref--0-0!D:\Java_project\HYPBlog\blog-view\node_modules\vue-loader\lib\index.js??vue-loader-options!D:\Java_project\HYPBlog\blog-view\src\components\sidebar\Tocbot.vue?vue&type=template&id=2c9002c2
<s> [webpack.Progress] 56% building 390/416 modules 26 active D:\Java_project\HYPBlog\blog-view\node_modules\vue-style-loader\index.js??ref--6-oneOf-1-0!D:\Java_project\HYPBlog\blog-view\node_modules\css-loader\dist\cjs.js??ref--6-oneOf-1-1!D:\Java_project\HYPBlog\blog-view\node_modules\vue-loader\lib\loaders\stylePostLoader.js!D:\Java_project\HYPBlog\blog-view\node_modules\postcss-loader\src\index.js??ref--6-oneOf-1-2!D:\Java_project\HYPBlog\blog-view\node_modules\cache-loader\dist\cjs.js??ref--0-0!D:\Java_project\HYPBlog\blog-view\node_modules\vue-loader\lib\index.js??vue-loader-options!D:\Java_project\HYPBlog\blog-view\src\components\sidebar\Tocbot.vue?vue&type=style&index=0&id=2c9002c2&lang=css
<s> [webpack.Progress] 56% building 391/416 modules 25 active D:\Java_project\HYPBlog\blog-view\node_modules\cache-loader\dist\cjs.js?{"cacheDirectory":"node_modules/.cache/vue-loader","cacheIdentifier":"62f10814-vue-loader-template"}!D:\Java_project\HYPBlog\blog-view\node_modules\vue-loader\lib\loaders\templateLoader.js??vue-loader-options!D:\Java_project\HYPBlog\blog-view\node_modules\cache-loader\dist\cjs.js??ref--0-0!D:\Java_project\HYPBlog\blog-view\node_modules\vue-loader\lib\index.js??vue-loader-options!D:\Java_project\HYPBlog\blog-view\src\components\sidebar\Tocbot.vue?vue&type=template&id=2c9002c2
<s> [webpack.Progress] 56% building 391/417 modules 26 active D:\Java_project\HYPBlog\blog-view\node_modules\css-loader\dist\cjs.js??ref--6-oneOf-1-1!D:\Java_project\HYPBlog\blog-view\node_modules\vue-loader\lib\loaders\stylePostLoader.js!D:\Java_project\HYPBlog\blog-view\node_modules\postcss-loader\src\index.js??ref--6-oneOf-1-2!D:\Java_project\HYPBlog\blog-view\node_modules\cache-loader\dist\cjs.js??ref--0-0!D:\Java_project\HYPBlog\blog-view\node_modules\vue-loader\lib\index.js??vue-loader-options!D:\Java_project\HYPBlog\blog-view\src\components\sidebar\Tocbot.vue?vue&type=style&index=0&id=2c9002c2&lang=css
<s> [webpack.Progress] 56% building 391/418 modules 27 active D:\Java_project\HYPBlog\blog-view\node_modules\vue-loader\lib\loaders\pitcher.js??ref--4!D:\Java_project\HYPBlog\blog-view\node_modules\cache-loader\dist\cjs.js??ref--0-0!D:\Java_project\HYPBlog\blog-view\node_modules\vue-loader\lib\index.js??vue-loader-options!D:\Java_project\HYPBlog\blog-view\src\components\sidebar\RandomBlog.vue?vue&type=template&id=2fa259c8&scoped=true
<s> [webpack.Progress] 57% building 392/418 modules 26 active D:\Java_project\HYPBlog\blog-view\node_modules\css-loader\dist\cjs.js??ref--6-oneOf-1-1!D:\Java_project\HYPBlog\blog-view\node_modules\vue-loader\lib\loaders\stylePostLoader.js!D:\Java_project\HYPBlog\blog-view\node_modules\postcss-loader\src\index.js??ref--6-oneOf-1-2!D:\Java_project\HYPBlog\blog-view\node_modules\cache-loader\dist\cjs.js??ref--0-0!D:\Java_project\HYPBlog\blog-view\node_modules\vue-loader\lib\index.js??vue-loader-options!D:\Java_project\HYPBlog\blog-view\src\components\sidebar\Tocbot.vue?vue&type=style&index=0&id=2c9002c2&lang=css
<s> [webpack.Progress] 57% building 392/419 modules 27 active D:\Java_project\HYPBlog\blog-view\node_modules\vue-loader\lib\loaders\pitcher.js??ref--4!D:\Java_project\HYPBlog\blog-view\node_modules\cache-loader\dist\cjs.js??ref--12-0!D:\Java_project\HYPBlog\blog-view\node_modules\babel-loader\lib\index.js!D:\Java_project\HYPBlog\blog-view\node_modules\cache-loader\dist\cjs.js??ref--0-0!D:\Java_project\HYPBlog\blog-view\node_modules\vue-loader\lib\index.js??vue-loader-options!D:\Java_project\HYPBlog\blog-view\src\components\sidebar\RandomBlog.vue?vue&type=script&lang=js
<s> [webpack.Progress] 57% building 393/419 modules 26 active D:\Java_project\HYPBlog\blog-view\node_modules\css-loader\dist\cjs.js??ref--6-oneOf-1-1!D:\Java_project\HYPBlog\blog-view\node_modules\vue-loader\lib\loaders\stylePostLoader.js!D:\Java_project\HYPBlog\blog-view\node_modules\postcss-loader\src\index.js??ref--6-oneOf-1-2!D:\Java_project\HYPBlog\blog-view\node_modules\cache-loader\dist\cjs.js??ref--0-0!D:\Java_project\HYPBlog\blog-view\node_modules\vue-loader\lib\index.js??vue-loader-options!D:\Java_project\HYPBlog\blog-view\src\components\sidebar\Tocbot.vue?vue&type=style&index=0&id=2c9002c2&lang=css
<s> [webpack.Progress] 57% building 393/420 modules 27 active D:\Java_project\HYPBlog\blog-view\node_modules\vue-loader\lib\loaders\pitcher.js??ref--4!D:\Java_project\HYPBlog\blog-view\node_modules\vue-style-loader\index.js??ref--6-oneOf-1-0!D:\Java_project\HYPBlog\blog-view\node_modules\css-loader\dist\cjs.js??ref--6-oneOf-1-1!D:\Java_project\HYPBlog\blog-view\node_modules\postcss-loader\src\index.js??ref--6-oneOf-1-2!D:\Java_project\HYPBlog\blog-view\node_modules\cache-loader\dist\cjs.js??ref--0-0!D:\Java_project\HYPBlog\blog-view\node_modules\vue-loader\lib\index.js??vue-loader-options!D:\Java_project\HYPBlog\blog-view\src\components\sidebar\RandomBlog.vue?vue&type=style&index=0&id=2fa259c8&scoped=true&lang=css
<s> [webpack.Progress] 57% building 394/420 modules 26 active D:\Java_project\HYPBlog\blog-view\node_modules\css-loader\dist\cjs.js??ref--6-oneOf-1-1!D:\Java_project\HYPBlog\blog-view\node_modules\vue-loader\lib\loaders\stylePostLoader.js!D:\Java_project\HYPBlog\blog-view\node_modules\postcss-loader\src\index.js??ref--6-oneOf-1-2!D:\Java_project\HYPBlog\blog-view\node_modules\cache-loader\dist\cjs.js??ref--0-0!D:\Java_project\HYPBlog\blog-view\node_modules\vue-loader\lib\index.js??vue-loader-options!D:\Java_project\HYPBlog\blog-view\src\components\sidebar\Tocbot.vue?vue&type=style&index=0&id=2c9002c2&lang=css
<s> [webpack.Progress] 57% building 394/421 modules 27 active D:\Java_project\HYPBlog\blog-view\node_modules\cache-loader\dist\cjs.js??ref--12-0!D:\Java_project\HYPBlog\blog-view\node_modules\babel-loader\lib\index.js!D:\Java_project\HYPBlog\blog-view\node_modules\cache-loader\dist\cjs.js??ref--0-0!D:\Java_project\HYPBlog\blog-view\node_modules\vue-loader\lib\index.js??vue-loader-options!D:\Java_project\HYPBlog\blog-view\src\components\sidebar\RandomBlog.vue?vue&type=script&lang=js
<s> [webpack.Progress] 57% building 394/422 modules 28 active D:\Java_project\HYPBlog\blog-view\node_modules\cache-loader\dist\cjs.js?{"cacheDirectory":"node_modules/.cache/vue-loader","cacheIdentifier":"62f10814-vue-loader-template"}!D:\Java_project\HYPBlog\blog-view\node_modules\vue-loader\lib\loaders\templateLoader.js??vue-loader-options!D:\Java_project\HYPBlog\blog-view\node_modules\cache-loader\dist\cjs.js??ref--0-0!D:\Java_project\HYPBlog\blog-view\node_modules\vue-loader\lib\index.js??vue-loader-options!D:\Java_project\HYPBlog\blog-view\src\components\sidebar\RandomBlog.vue?vue&type=template&id=2fa259c8&scoped=true
<s> [webpack.Progress] 57% building 394/423 modules 29 active D:\Java_project\HYPBlog\blog-view\node_modules\vue-style-loader\index.js??ref--6-oneOf-1-0!D:\Java_project\HYPBlog\blog-view\node_modules\css-loader\dist\cjs.js??ref--6-oneOf-1-1!D:\Java_project\HYPBlog\blog-view\node_modules\vue-loader\lib\loaders\stylePostLoader.js!D:\Java_project\HYPBlog\blog-view\node_modules\postcss-loader\src\index.js??ref--6-oneOf-1-2!D:\Java_project\HYPBlog\blog-view\node_modules\cache-loader\dist\cjs.js??ref--0-0!D:\Java_project\HYPBlog\blog-view\node_modules\vue-loader\lib\index.js??vue-loader-options!D:\Java_project\HYPBlog\blog-view\src\components\sidebar\RandomBlog.vue?vue&type=style&index=0&id=2fa259c8&scoped=true&lang=css
<s> [webpack.Progress] 57% building 395/423 modules 28 active D:\Java_project\HYPBlog\blog-view\node_modules\cache-loader\dist\cjs.js?{"cacheDirectory":"node_modules/.cache/vue-loader","cacheIdentifier":"62f10814-vue-loader-template"}!D:\Java_project\HYPBlog\blog-view\node_modules\vue-loader\lib\loaders\templateLoader.js??vue-loader-options!D:\Java_project\HYPBlog\blog-view\node_modules\cache-loader\dist\cjs.js??ref--0-0!D:\Java_project\HYPBlog\blog-view\node_modules\vue-loader\lib\index.js??vue-loader-options!D:\Java_project\HYPBlog\blog-view\src\components\sidebar\RandomBlog.vue?vue&type=template&id=2fa259c8&scoped=true
<s> [webpack.Progress] 57% building 395/424 modules 29 active D:\Java_project\HYPBlog\blog-view\node_modules\css-loader\dist\cjs.js??ref--6-oneOf-1-1!D:\Java_project\HYPBlog\blog-view\node_modules\vue-loader\lib\loaders\stylePostLoader.js!D:\Java_project\HYPBlog\blog-view\node_modules\postcss-loader\src\index.js??ref--6-oneOf-1-2!D:\Java_project\HYPBlog\blog-view\node_modules\cache-loader\dist\cjs.js??ref--0-0!D:\Java_project\HYPBlog\blog-view\node_modules\vue-loader\lib\index.js??vue-loader-options!D:\Java_project\HYPBlog\blog-view\src\components\sidebar\RandomBlog.vue?vue&type=style&index=0&id=2fa259c8&scoped=true&lang=css
<s> [webpack.Progress] 57% building 396/424 modules 28 active D:\Java_project\HYPBlog\blog-view\node_modules\css-loader\dist\cjs.js??ref--6-oneOf-1-1!D:\Java_project\HYPBlog\blog-view\node_modules\vue-loader\lib\loaders\stylePostLoader.js!D:\Java_project\HYPBlog\blog-view\node_modules\postcss-loader\src\index.js??ref--6-oneOf-1-2!D:\Java_project\HYPBlog\blog-view\node_modules\cache-loader\dist\cjs.js??ref--0-0!D:\Java_project\HYPBlog\blog-view\node_modules\vue-loader\lib\index.js??vue-loader-options!D:\Java_project\HYPBlog\blog-view\src\components\sidebar\RandomBlog.vue?vue&type=style&index=0&id=2fa259c8&scoped=true&lang=css
<s> [webpack.Progress] 57% building 396/425 modules 29 active D:\Java_project\HYPBlog\blog-view\node_modules\vue-loader\lib\loaders\pitcher.js??ref--4!D:\Java_project\HYPBlog\blog-view\node_modules\cache-loader\dist\cjs.js??ref--0-0!D:\Java_project\HYPBlog\blog-view\node_modules\vue-loader\lib\index.js??vue-loader-options!D:\Java_project\HYPBlog\blog-view\src\components\sidebar\Tags.vue?vue&type=template&id=4311911c&scoped=true
<s> [webpack.Progress] 57% building 397/425 modules 28 active D:\Java_project\HYPBlog\blog-view\node_modules\css-loader\dist\cjs.js??ref--6-oneOf-1-1!D:\Java_project\HYPBlog\blog-view\node_modules\vue-loader\lib\loaders\stylePostLoader.js!D:\Java_project\HYPBlog\blog-view\node_modules\postcss-loader\src\index.js??ref--6-oneOf-1-2!D:\Java_project\HYPBlog\blog-view\node_modules\cache-loader\dist\cjs.js??ref--0-0!D:\Java_project\HYPBlog\blog-view\node_modules\vue-loader\lib\index.js??vue-loader-options!D:\Java_project\HYPBlog\blog-view\src\components\sidebar\RandomBlog.vue?vue&type=style&index=0&id=2fa259c8&scoped=true&lang=css
<s> [webpack.Progress] 57% building 397/426 modules 29 active D:\Java_project\HYPBlog\blog-view\node_modules\vue-loader\lib\loaders\pitcher.js??ref--4!D:\Java_project\HYPBlog\blog-view\node_modules\cache-loader\dist\cjs.js??ref--12-0!D:\Java_project\HYPBlog\blog-view\node_modules\babel-loader\lib\index.js!D:\Java_project\HYPBlog\blog-view\node_modules\cache-loader\dist\cjs.js??ref--0-0!D:\Java_project\HYPBlog\blog-view\node_modules\vue-loader\lib\index.js??vue-loader-options!D:\Java_project\HYPBlog\blog-view\src\components\sidebar\Tags.vue?vue&type=script&lang=js
<s> [webpack.Progress] 57% building 398/426 modules 28 active D:\Java_project\HYPBlog\blog-view\node_modules\css-loader\dist\cjs.js??ref--6-oneOf-1-1!D:\Java_project\HYPBlog\blog-view\node_modules\vue-loader\lib\loaders\stylePostLoader.js!D:\Java_project\HYPBlog\blog-view\node_modules\postcss-loader\src\index.js??ref--6-oneOf-1-2!D:\Java_project\HYPBlog\blog-view\node_modules\cache-loader\dist\cjs.js??ref--0-0!D:\Java_project\HYPBlog\blog-view\node_modules\vue-loader\lib\index.js??vue-loader-options!D:\Java_project\HYPBlog\blog-view\src\components\sidebar\RandomBlog.vue?vue&type=style&index=0&id=2fa259c8&scoped=true&lang=css
<s> [webpack.Progress] 57% building 398/427 modules 29 active D:\Java_project\HYPBlog\blog-view\node_modules\vue-loader\lib\loaders\pitcher.js??ref--4!D:\Java_project\HYPBlog\blog-view\node_modules\vue-style-loader\index.js??ref--6-oneOf-1-0!D:\Java_project\HYPBlog\blog-view\node_modules\css-loader\dist\cjs.js??ref--6-oneOf-1-1!D:\Java_project\HYPBlog\blog-view\node_modules\postcss-loader\src\index.js??ref--6-oneOf-1-2!D:\Java_project\HYPBlog\blog-view\node_modules\cache-loader\dist\cjs.js??ref--0-0!D:\Java_project\HYPBlog\blog-view\node_modules\vue-loader\lib\index.js??vue-loader-options!D:\Java_project\HYPBlog\blog-view\src\components\sidebar\Tags.vue?vue&type=style&index=0&id=4311911c&scoped=true&lang=css
<s> [webpack.Progress] 57% building 399/427 modules 28 active D:\Java_project\HYPBlog\blog-view\node_modules\css-loader\dist\cjs.js??ref--6-oneOf-1-1!D:\Java_project\HYPBlog\blog-view\node_modules\vue-loader\lib\loaders\stylePostLoader.js!D:\Java_project\HYPBlog\blog-view\node_modules\postcss-loader\src\index.js??ref--6-oneOf-1-2!D:\Java_project\HYPBlog\blog-view\node_modules\cache-loader\dist\cjs.js??ref--0-0!D:\Java_project\HYPBlog\blog-view\node_modules\vue-loader\lib\index.js??vue-loader-options!D:\Java_project\HYPBlog\blog-view\src\components\sidebar\RandomBlog.vue?vue&type=style&index=0&id=2fa259c8&scoped=true&lang=css
<s> [webpack.Progress] 57% building 399/428 modules 29 active D:\Java_project\HYPBlog\blog-view\node_modules\cache-loader\dist\cjs.js??ref--12-0!D:\Java_project\HYPBlog\blog-view\node_modules\babel-loader\lib\index.js!D:\Java_project\HYPBlog\blog-view\node_modules\cache-loader\dist\cjs.js??ref--0-0!D:\Java_project\HYPBlog\blog-view\node_modules\vue-loader\lib\index.js??vue-loader-options!D:\Java_project\HYPBlog\blog-view\src\components\sidebar\Tags.vue?vue&type=script&lang=js
<s> [webpack.Progress] 57% building 399/429 modules 30 active D:\Java_project\HYPBlog\blog-view\node_modules\cache-loader\dist\cjs.js?{"cacheDirectory":"node_modules/.cache/vue-loader","cacheIdentifier":"62f10814-vue-loader-template"}!D:\Java_project\HYPBlog\blog-view\node_modules\vue-loader\lib\loaders\templateLoader.js??vue-loader-options!D:\Java_project\HYPBlog\blog-view\node_modules\cache-loader\dist\cjs.js??ref--0-0!D:\Java_project\HYPBlog\blog-view\node_modules\vue-loader\lib\index.js??vue-loader-options!D:\Java_project\HYPBlog\blog-view\src\components\sidebar\Tags.vue?vue&type=template&id=4311911c&scoped=true
<s> [webpack.Progress] 57% building 399/430 modules 31 active D:\Java_project\HYPBlog\blog-view\node_modules\vue-style-loader\index.js??ref--6-oneOf-1-0!D:\Java_project\HYPBlog\blog-view\node_modules\css-loader\dist\cjs.js??ref--6-oneOf-1-1!D:\Java_project\HYPBlog\blog-view\node_modules\vue-loader\lib\loaders\stylePostLoader.js!D:\Java_project\HYPBlog\blog-view\node_modules\postcss-loader\src\index.js??ref--6-oneOf-1-2!D:\Java_project\HYPBlog\blog-view\node_modules\cache-loader\dist\cjs.js??ref--0-0!D:\Java_project\HYPBlog\blog-view\node_modules\vue-loader\lib\index.js??vue-loader-options!D:\Java_project\HYPBlog\blog-view\src\components\sidebar\Tags.vue?vue&type=style&index=0&id=4311911c&scoped=true&lang=css
<s> [webpack.Progress] 57% building 400/430 modules 30 active D:\Java_project\HYPBlog\blog-view\node_modules\cache-loader\dist\cjs.js?{"cacheDirectory":"node_modules/.cache/vue-loader","cacheIdentifier":"62f10814-vue-loader-template"}!D:\Java_project\HYPBlog\blog-view\node_modules\vue-loader\lib\loaders\templateLoader.js??vue-loader-options!D:\Java_project\HYPBlog\blog-view\node_modules\cache-loader\dist\cjs.js??ref--0-0!D:\Java_project\HYPBlog\blog-view\node_modules\vue-loader\lib\index.js??vue-loader-options!D:\Java_project\HYPBlog\blog-view\src\components\sidebar\Tags.vue?vue&type=template&id=4311911c&scoped=true
<s> [webpack.Progress] 57% building 400/431 modules 31 active D:\Java_project\HYPBlog\blog-view\node_modules\css-loader\dist\cjs.js??ref--6-oneOf-1-1!D:\Java_project\HYPBlog\blog-view\node_modules\vue-loader\lib\loaders\stylePostLoader.js!D:\Java_project\HYPBlog\blog-view\node_modules\postcss-loader\src\index.js??ref--6-oneOf-1-2!D:\Java_project\HYPBlog\blog-view\node_modules\cache-loader\dist\cjs.js??ref--0-0!D:\Java_project\HYPBlog\blog-view\node_modules\vue-loader\lib\index.js??vue-loader-options!D:\Java_project\HYPBlog\blog-view\src\components\sidebar\Tags.vue?vue&type=style&index=0&id=4311911c&scoped=true&lang=css
<s> [webpack.Progress] 57% building 400/432 modules 32 active D:\Java_project\HYPBlog\blog-view\node_modules\vue-loader\lib\loaders\pitcher.js??ref--4!D:\Java_project\HYPBlog\blog-view\node_modules\cache-loader\dist\cjs.js??ref--0-0!D:\Java_project\HYPBlog\blog-view\node_modules\vue-loader\lib\index.js??vue-loader-options!D:\Java_project\HYPBlog\blog-view\src\components\sidebar\Introduction.vue?vue&type=template&id=3ee09cc6&scoped=true
<s> [webpack.Progress] 58% building 401/432 modules 31 active D:\Java_project\HYPBlog\blog-view\node_modules\css-loader\dist\cjs.js??ref--6-oneOf-1-1!D:\Java_project\HYPBlog\blog-view\node_modules\vue-loader\lib\loaders\stylePostLoader.js!D:\Java_project\HYPBlog\blog-view\node_modules\postcss-loader\src\index.js??ref--6-oneOf-1-2!D:\Java_project\HYPBlog\blog-view\node_modules\cache-loader\dist\cjs.js??ref--0-0!D:\Java_project\HYPBlog\blog-view\node_modules\vue-loader\lib\index.js??vue-loader-options!D:\Java_project\HYPBlog\blog-view\src\components\sidebar\Tags.vue?vue&type=style&index=0&id=4311911c&scoped=true&lang=css
<s> [webpack.Progress] 58% building 401/433 modules 32 active D:\Java_project\HYPBlog\blog-view\node_modules\vue-loader\lib\loaders\pitcher.js??ref--4!D:\Java_project\HYPBlog\blog-view\node_modules\cache-loader\dist\cjs.js??ref--12-0!D:\Java_project\HYPBlog\blog-view\node_modules\babel-loader\lib\index.js!D:\Java_project\HYPBlog\blog-view\node_modules\cache-loader\dist\cjs.js??ref--0-0!D:\Java_project\HYPBlog\blog-view\node_modules\vue-loader\lib\index.js??vue-loader-options!D:\Java_project\HYPBlog\blog-view\src\components\sidebar\Introduction.vue?vue&type=script&lang=js
<s> [webpack.Progress] 58% building 402/433 modules 31 active D:\Java_project\HYPBlog\blog-view\node_modules\css-loader\dist\cjs.js??ref--6-oneOf-1-1!D:\Java_project\HYPBlog\blog-view\node_modules\vue-loader\lib\loaders\stylePostLoader.js!D:\Java_project\HYPBlog\blog-view\node_modules\postcss-loader\src\index.js??ref--6-oneOf-1-2!D:\Java_project\HYPBlog\blog-view\node_modules\cache-loader\dist\cjs.js??ref--0-0!D:\Java_project\HYPBlog\blog-view\node_modules\vue-loader\lib\index.js??vue-loader-options!D:\Java_project\HYPBlog\blog-view\src\components\sidebar\Tags.vue?vue&type=style&index=0&id=4311911c&scoped=true&lang=css
<s> [webpack.Progress] 58% building 402/434 modules 32 active D:\Java_project\HYPBlog\blog-view\node_modules\vue-loader\lib\loaders\pitcher.js??ref--4!D:\Java_project\HYPBlog\blog-view\node_modules\vue-style-loader\index.js??ref--6-oneOf-1-0!D:\Java_project\HYPBlog\blog-view\node_modules\css-loader\dist\cjs.js??ref--6-oneOf-1-1!D:\Java_project\HYPBlog\blog-view\node_modules\postcss-loader\src\index.js??ref--6-oneOf-1-2!D:\Java_project\HYPBlog\blog-view\node_modules\cache-loader\dist\cjs.js??ref--0-0!D:\Java_project\HYPBlog\blog-view\node_modules\vue-loader\lib\index.js??vue-loader-options!D:\Java_project\HYPBlog\blog-view\src\components\sidebar\Introduction.vue?vue&type=style&index=0&id=3ee09cc6&scoped=true&lang=css
<s> [webpack.Progress] 58% building 403/434 modules 31 active D:\Java_project\HYPBlog\blog-view\node_modules\css-loader\dist\cjs.js??ref--6-oneOf-1-1!D:\Java_project\HYPBlog\blog-view\node_modules\vue-loader\lib\loaders\stylePostLoader.js!D:\Java_project\HYPBlog\blog-view\node_modules\postcss-loader\src\index.js??ref--6-oneOf-1-2!D:\Java_project\HYPBlog\blog-view\node_modules\cache-loader\dist\cjs.js??ref--0-0!D:\Java_project\HYPBlog\blog-view\node_modules\vue-loader\lib\index.js??vue-loader-options!D:\Java_project\HYPBlog\blog-view\src\components\sidebar\Tags.vue?vue&type=style&index=0&id=4311911c&scoped=true&lang=css
<s> [webpack.Progress] 58% building 403/435 modules 32 active D:\Java_project\HYPBlog\blog-view\node_modules\vue-loader\lib\loaders\pitcher.js??ref--4!D:\Java_project\HYPBlog\blog-view\node_modules\vue-style-loader\index.js??ref--6-oneOf-1-0!D:\Java_project\HYPBlog\blog-view\node_modules\css-loader\dist\cjs.js??ref--6-oneOf-1-1!D:\Java_project\HYPBlog\blog-view\node_modules\postcss-loader\src\index.js??ref--6-oneOf-1-2!D:\Java_project\HYPBlog\blog-view\node_modules\cache-loader\dist\cjs.js??ref--0-0!D:\Java_project\HYPBlog\blog-view\node_modules\vue-loader\lib\index.js??vue-loader-options!D:\Java_project\HYPBlog\blog-view\src\components\sidebar\Introduction.vue?vue&type=style&index=1&id=3ee09cc6&lang=css
<s> [webpack.Progress] 58% building 404/435 modules 31 active D:\Java_project\HYPBlog\blog-view\node_modules\css-loader\dist\cjs.js??ref--6-oneOf-1-1!D:\Java_project\HYPBlog\blog-view\node_modules\vue-loader\lib\loaders\stylePostLoader.js!D:\Java_project\HYPBlog\blog-view\node_modules\postcss-loader\src\index.js??ref--6-oneOf-1-2!D:\Java_project\HYPBlog\blog-view\node_modules\cache-loader\dist\cjs.js??ref--0-0!D:\Java_project\HYPBlog\blog-view\node_modules\vue-loader\lib\index.js??vue-loader-options!D:\Java_project\HYPBlog\blog-view\src\components\sidebar\Tags.vue?vue&type=style&index=0&id=4311911c&scoped=true&lang=css
<s> [webpack.Progress] 58% building 404/436 modules 32 active D:\Java_project\HYPBlog\blog-view\node_modules\cache-loader\dist\cjs.js??ref--12-0!D:\Java_project\HYPBlog\blog-view\node_modules\babel-loader\lib\index.js!D:\Java_project\HYPBlog\blog-view\node_modules\cache-loader\dist\cjs.js??ref--0-0!D:\Java_project\HYPBlog\blog-view\node_modules\vue-loader\lib\index.js??vue-loader-options!D:\Java_project\HYPBlog\blog-view\src\components\sidebar\Introduction.vue?vue&type=script&lang=js
<s> [webpack.Progress] 58% building 404/437 modules 33 active D:\Java_project\HYPBlog\blog-view\node_modules\cache-loader\dist\cjs.js?{"cacheDirectory":"node_modules/.cache/vue-loader","cacheIdentifier":"62f10814-vue-loader-template"}!D:\Java_project\HYPBlog\blog-view\node_modules\vue-loader\lib\loaders\templateLoader.js??vue-loader-options!D:\Java_project\HYPBlog\blog-view\node_modules\cache-loader\dist\cjs.js??ref--0-0!D:\Java_project\HYPBlog\blog-view\node_modules\vue-loader\lib\index.js??vue-loader-options!D:\Java_project\HYPBlog\blog-view\src\components\sidebar\Introduction.vue?vue&type=template&id=3ee09cc6&scoped=true
<s> [webpack.Progress] 58% building 404/438 modules 34 active D:\Java_project\HYPBlog\blog-view\node_modules\vue-style-loader\index.js??ref--6-oneOf-1-0!D:\Java_project\HYPBlog\blog-view\node_modules\css-loader\dist\cjs.js??ref--6-oneOf-1-1!D:\Java_project\HYPBlog\blog-view\node_modules\vue-loader\lib\loaders\stylePostLoader.js!D:\Java_project\HYPBlog\blog-view\node_modules\postcss-loader\src\index.js??ref--6-oneOf-1-2!D:\Java_project\HYPBlog\blog-view\node_modules\cache-loader\dist\cjs.js??ref--0-0!D:\Java_project\HYPBlog\blog-view\node_modules\vue-loader\lib\index.js??vue-loader-options!D:\Java_project\HYPBlog\blog-view\src\components\sidebar\Introduction.vue?vue&type=style&index=0&id=3ee09cc6&scoped=true&lang=css
<s> [webpack.Progress] 58% building 405/438 modules 33 active D:\Java_project\HYPBlog\blog-view\node_modules\cache-loader\dist\cjs.js?{"cacheDirectory":"node_modules/.cache/vue-loader","cacheIdentifier":"62f10814-vue-loader-template"}!D:\Java_project\HYPBlog\blog-view\node_modules\vue-loader\lib\loaders\templateLoader.js??vue-loader-options!D:\Java_project\HYPBlog\blog-view\node_modules\cache-loader\dist\cjs.js??ref--0-0!D:\Java_project\HYPBlog\blog-view\node_modules\vue-loader\lib\index.js??vue-loader-options!D:\Java_project\HYPBlog\blog-view\src\components\sidebar\Introduction.vue?vue&type=template&id=3ee09cc6&scoped=true
<s> [webpack.Progress] 58% building 405/439 modules 34 active D:\Java_project\HYPBlog\blog-view\node_modules\vue-style-loader\index.js??ref--6-oneOf-1-0!D:\Java_project\HYPBlog\blog-view\node_modules\css-loader\dist\cjs.js??ref--6-oneOf-1-1!D:\Java_project\HYPBlog\blog-view\node_modules\vue-loader\lib\loaders\stylePostLoader.js!D:\Java_project\HYPBlog\blog-view\node_modules\postcss-loader\src\index.js??ref--6-oneOf-1-2!D:\Java_project\HYPBlog\blog-view\node_modules\cache-loader\dist\cjs.js??ref--0-0!D:\Java_project\HYPBlog\blog-view\node_modules\vue-loader\lib\index.js??vue-loader-options!D:\Java_project\HYPBlog\blog-view\src\components\sidebar\Introduction.vue?vue&type=style&index=1&id=3ee09cc6&lang=css
<s> [webpack.Progress] 58% building 406/439 modules 33 active D:\Java_project\HYPBlog\blog-view\node_modules\cache-loader\dist\cjs.js?{"cacheDirectory":"node_modules/.cache/vue-loader","cacheIdentifier":"62f10814-vue-loader-template"}!D:\Java_project\HYPBlog\blog-view\node_modules\vue-loader\lib\loaders\templateLoader.js??vue-loader-options!D:\Java_project\HYPBlog\blog-view\node_modules\cache-loader\dist\cjs.js??ref--0-0!D:\Java_project\HYPBlog\blog-view\node_modules\vue-loader\lib\index.js??vue-loader-options!D:\Java_project\HYPBlog\blog-view\src\components\sidebar\Introduction.vue?vue&type=template&id=3ee09cc6&scoped=true
<s> [webpack.Progress] 58% building 406/440 modules 34 active D:\Java_project\HYPBlog\blog-view\node_modules\css-loader\dist\cjs.js??ref--6-oneOf-1-1!D:\Java_project\HYPBlog\blog-view\node_modules\vue-loader\lib\loaders\stylePostLoader.js!D:\Java_project\HYPBlog\blog-view\node_modules\postcss-loader\src\index.js??ref--6-oneOf-1-2!D:\Java_project\HYPBlog\blog-view\node_modules\cache-loader\dist\cjs.js??ref--0-0!D:\Java_project\HYPBlog\blog-view\node_modules\vue-loader\lib\index.js??vue-loader-options!D:\Java_project\HYPBlog\blog-view\src\components\sidebar\Introduction.vue?vue&type=style&index=0&id=3ee09cc6&scoped=true&lang=css
<s> [webpack.Progress] 58% building 406/441 modules 35 active D:\Java_project\HYPBlog\blog-view\node_modules\css-loader\dist\cjs.js??ref--6-oneOf-1-1!D:\Java_project\HYPBlog\blog-view\node_modules\vue-loader\lib\loaders\stylePostLoader.js!D:\Java_project\HYPBlog\blog-view\node_modules\postcss-loader\src\index.js??ref--6-oneOf-1-2!D:\Java_project\HYPBlog\blog-view\node_modules\cache-loader\dist\cjs.js??ref--0-0!D:\Java_project\HYPBlog\blog-view\node_modules\vue-loader\lib\index.js??vue-loader-options!D:\Java_project\HYPBlog\blog-view\src\components\sidebar\Introduction.vue?vue&type=style&index=1&id=3ee09cc6&lang=css
<s> [webpack.Progress] 58% building 406/442 modules 36 active D:\Java_project\HYPBlog\blog-view\node_modules\vue-loader\lib\loaders\pitcher.js??ref--4!D:\Java_project\HYPBlog\blog-view\node_modules\cache-loader\dist\cjs.js??ref--0-0!D:\Java_project\HYPBlog\blog-view\node_modules\vue-loader\lib\index.js??vue-loader-options!D:\Java_project\HYPBlog\blog-view\src\components\index\Nav.vue?vue&type=template&id=a4879934
<s> [webpack.Progress] 58% building 407/442 modules 35 active D:\Java_project\HYPBlog\blog-view\node_modules\css-loader\dist\cjs.js??ref--6-oneOf-1-1!D:\Java_project\HYPBlog\blog-view\node_modules\vue-loader\lib\loaders\stylePostLoader.js!D:\Java_project\HYPBlog\blog-view\node_modules\postcss-loader\src\index.js??ref--6-oneOf-1-2!D:\Java_project\HYPBlog\blog-view\node_modules\cache-loader\dist\cjs.js??ref--0-0!D:\Java_project\HYPBlog\blog-view\node_modules\vue-loader\lib\index.js??vue-loader-options!D:\Java_project\HYPBlog\blog-view\src\components\sidebar\Introduction.vue?vue&type=style&index=1&id=3ee09cc6&lang=css
<s> [webpack.Progress] 58% building 407/443 modules 36 active D:\Java_project\HYPBlog\blog-view\node_modules\vue-loader\lib\loaders\pitcher.js??ref--4!D:\Java_project\HYPBlog\blog-view\node_modules\cache-loader\dist\cjs.js??ref--12-0!D:\Java_project\HYPBlog\blog-view\node_modules\babel-loader\lib\index.js!D:\Java_project\HYPBlog\blog-view\node_modules\cache-loader\dist\cjs.js??ref--0-0!D:\Java_project\HYPBlog\blog-view\node_modules\vue-loader\lib\index.js??vue-loader-options!D:\Java_project\HYPBlog\blog-view\src\components\index\Nav.vue?vue&type=script&lang=js
<s> [webpack.Progress] 58% building 408/443 modules 35 active D:\Java_project\HYPBlog\blog-view\node_modules\css-loader\dist\cjs.js??ref--6-oneOf-1-1!D:\Java_project\HYPBlog\blog-view\node_modules\vue-loader\lib\loaders\stylePostLoader.js!D:\Java_project\HYPBlog\blog-view\node_modules\postcss-loader\src\index.js??ref--6-oneOf-1-2!D:\Java_project\HYPBlog\blog-view\node_modules\cache-loader\dist\cjs.js??ref--0-0!D:\Java_project\HYPBlog\blog-view\node_modules\vue-loader\lib\index.js??vue-loader-options!D:\Java_project\HYPBlog\blog-view\src\components\sidebar\Introduction.vue?vue&type=style&index=1&id=3ee09cc6&lang=css
<s> [webpack.Progress] 58% building 408/444 modules 36 active D:\Java_project\HYPBlog\blog-view\node_modules\vue-loader\lib\loaders\pitcher.js??ref--4!D:\Java_project\HYPBlog\blog-view\node_modules\vue-style-loader\index.js??ref--6-oneOf-1-0!D:\Java_project\HYPBlog\blog-view\node_modules\css-loader\dist\cjs.js??ref--6-oneOf-1-1!D:\Java_project\HYPBlog\blog-view\node_modules\postcss-loader\src\index.js??ref--6-oneOf-1-2!D:\Java_project\HYPBlog\blog-view\node_modules\cache-loader\dist\cjs.js??ref--0-0!D:\Java_project\HYPBlog\blog-view\node_modules\vue-loader\lib\index.js??vue-loader-options!D:\Java_project\HYPBlog\blog-view\src\components\index\Nav.vue?vue&type=style&index=0&id=a4879934&lang=css
<s> [webpack.Progress] 59% building 409/444 modules 35 active D:\Java_project\HYPBlog\blog-view\node_modules\css-loader\dist\cjs.js??ref--6-oneOf-1-1!D:\Java_project\HYPBlog\blog-view\node_modules\vue-loader\lib\loaders\stylePostLoader.js!D:\Java_project\HYPBlog\blog-view\node_modules\postcss-loader\src\index.js??ref--6-oneOf-1-2!D:\Java_project\HYPBlog\blog-view\node_modules\cache-loader\dist\cjs.js??ref--0-0!D:\Java_project\HYPBlog\blog-view\node_modules\vue-loader\lib\index.js??vue-loader-options!D:\Java_project\HYPBlog\blog-view\src\components\sidebar\Introduction.vue?vue&type=style&index=1&id=3ee09cc6&lang=css
<s> [webpack.Progress] 59% building 409/445 modules 36 active D:\Java_project\HYPBlog\blog-view\node_modules\cache-loader\dist\cjs.js??ref--12-0!D:\Java_project\HYPBlog\blog-view\node_modules\babel-loader\lib\index.js!D:\Java_project\HYPBlog\blog-view\node_modules\cache-loader\dist\cjs.js??ref--0-0!D:\Java_project\HYPBlog\blog-view\node_modules\vue-loader\lib\index.js??vue-loader-options!D:\Java_project\HYPBlog\blog-view\src\components\index\Nav.vue?vue&type=script&lang=js
<s> [webpack.Progress] 59% building 409/446 modules 37 active D:\Java_project\HYPBlog\blog-view\node_modules\cache-loader\dist\cjs.js?{"cacheDirectory":"node_modules/.cache/vue-loader","cacheIdentifier":"62f10814-vue-loader-template"}!D:\Java_project\HYPBlog\blog-view\node_modules\vue-loader\lib\loaders\templateLoader.js??vue-loader-options!D:\Java_project\HYPBlog\blog-view\node_modules\cache-loader\dist\cjs.js??ref--0-0!D:\Java_project\HYPBlog\blog-view\node_modules\vue-loader\lib\index.js??vue-loader-options!D:\Java_project\HYPBlog\blog-view\src\components\index\Nav.vue?vue&type=template&id=a4879934
<s> [webpack.Progress] 59% building 409/447 modules 38 active D:\Java_project\HYPBlog\blog-view\node_modules\vue-style-loader\index.js??ref--6-oneOf-1-0!D:\Java_project\HYPBlog\blog-view\node_modules\css-loader\dist\cjs.js??ref--6-oneOf-1-1!D:\Java_project\HYPBlog\blog-view\node_modules\vue-loader\lib\loaders\stylePostLoader.js!D:\Java_project\HYPBlog\blog-view\node_modules\postcss-loader\src\index.js??ref--6-oneOf-1-2!D:\Java_project\HYPBlog\blog-view\node_modules\cache-loader\dist\cjs.js??ref--0-0!D:\Java_project\HYPBlog\blog-view\node_modules\vue-loader\lib\index.js??vue-loader-options!D:\Java_project\HYPBlog\blog-view\src\components\index\Nav.vue?vue&type=style&index=0&id=a4879934&lang=css
<s> [webpack.Progress] 59% building 410/447 modules 37 active D:\Java_project\HYPBlog\blog-view\node_modules\cache-loader\dist\cjs.js?{"cacheDirectory":"node_modules/.cache/vue-loader","cacheIdentifier":"62f10814-vue-loader-template"}!D:\Java_project\HYPBlog\blog-view\node_modules\vue-loader\lib\loaders\templateLoader.js??vue-loader-options!D:\Java_project\HYPBlog\blog-view\node_modules\cache-loader\dist\cjs.js??ref--0-0!D:\Java_project\HYPBlog\blog-view\node_modules\vue-loader\lib\index.js??vue-loader-options!D:\Java_project\HYPBlog\blog-view\src\components\index\Nav.vue?vue&type=template&id=a4879934
<s> [webpack.Progress] 59% building 410/448 modules 38 active D:\Java_project\HYPBlog\blog-view\node_modules\css-loader\dist\cjs.js??ref--6-oneOf-1-1!D:\Java_project\HYPBlog\blog-view\node_modules\vue-loader\lib\loaders\stylePostLoader.js!D:\Java_project\HYPBlog\blog-view\node_modules\postcss-loader\src\index.js??ref--6-oneOf-1-2!D:\Java_project\HYPBlog\blog-view\node_modules\cache-loader\dist\cjs.js??ref--0-0!D:\Java_project\HYPBlog\blog-view\node_modules\vue-loader\lib\index.js??vue-loader-options!D:\Java_project\HYPBlog\blog-view\src\components\index\Nav.vue?vue&type=style&index=0&id=a4879934&lang=css
<s> [webpack.Progress] 59% building 411/448 modules 37 active D:\Java_project\HYPBlog\blog-view\node_modules\css-loader\dist\cjs.js??ref--6-oneOf-1-1!D:\Java_project\HYPBlog\blog-view\node_modules\vue-loader\lib\loaders\stylePostLoader.js!D:\Java_project\HYPBlog\blog-view\node_modules\postcss-loader\src\index.js??ref--6-oneOf-1-2!D:\Java_project\HYPBlog\blog-view\node_modules\cache-loader\dist\cjs.js??ref--0-0!D:\Java_project\HYPBlog\blog-view\node_modules\vue-loader\lib\index.js??vue-loader-options!D:\Java_project\HYPBlog\blog-view\src\components\index\Nav.vue?vue&type=style&index=0&id=a4879934&lang=css
<s> [webpack.Progress] 59% building 412/448 modules 36 active D:\Java_project\HYPBlog\blog-view\node_modules\css-loader\dist\cjs.js??ref--6-oneOf-1-1!D:\Java_project\HYPBlog\blog-view\node_modules\vue-loader\lib\loaders\stylePostLoader.js!D:\Java_project\HYPBlog\blog-view\node_modules\postcss-loader\src\index.js??ref--6-oneOf-1-2!D:\Java_project\HYPBlog\blog-view\node_modules\cache-loader\dist\cjs.js??ref--0-0!D:\Java_project\HYPBlog\blog-view\node_modules\vue-loader\lib\index.js??vue-loader-options!D:\Java_project\HYPBlog\blog-view\src\components\index\Nav.vue?vue&type=style&index=0&id=a4879934&lang=css
<s> [webpack.Progress] 59% building 413/448 modules 35 active D:\Java_project\HYPBlog\blog-view\node_modules\css-loader\dist\cjs.js??ref--6-oneOf-1-1!D:\Java_project\HYPBlog\blog-view\node_modules\vue-loader\lib\loaders\stylePostLoader.js!D:\Java_project\HYPBlog\blog-view\node_modules\postcss-loader\src\index.js??ref--6-oneOf-1-2!D:\Java_project\HYPBlog\blog-view\node_modules\cache-loader\dist\cjs.js??ref--0-0!D:\Java_project\HYPBlog\blog-view\node_modules\vue-loader\lib\index.js??vue-loader-options!D:\Java_project\HYPBlog\blog-view\src\components\index\Nav.vue?vue&type=style&index=0&id=a4879934&lang=css
<s> [webpack.Progress] 59% building 414/448 modules 34 active D:\Java_project\HYPBlog\blog-view\node_modules\css-loader\dist\cjs.js??ref--6-oneOf-1-1!D:\Java_project\HYPBlog\blog-view\node_modules\vue-loader\lib\loaders\stylePostLoader.js!D:\Java_project\HYPBlog\blog-view\node_modules\postcss-loader\src\index.js??ref--6-oneOf-1-2!D:\Java_project\HYPBlog\blog-view\node_modules\cache-loader\dist\cjs.js??ref--0-0!D:\Java_project\HYPBlog\blog-view\node_modules\vue-loader\lib\index.js??vue-loader-options!D:\Java_project\HYPBlog\blog-view\src\components\index\Nav.vue?vue&type=style&index=0&id=a4879934&lang=css
<s> [webpack.Progress] 59% building 415/448 modules 33 active D:\Java_project\HYPBlog\blog-view\node_modules\css-loader\dist\cjs.js??ref--6-oneOf-1-1!D:\Java_project\HYPBlog\blog-view\node_modules\vue-loader\lib\loaders\stylePostLoader.js!D:\Java_project\HYPBlog\blog-view\node_modules\postcss-loader\src\index.js??ref--6-oneOf-1-2!D:\Java_project\HYPBlog\blog-view\node_modules\cache-loader\dist\cjs.js??ref--0-0!D:\Java_project\HYPBlog\blog-view\node_modules\vue-loader\lib\index.js??vue-loader-options!D:\Java_project\HYPBlog\blog-view\src\components\index\Nav.vue?vue&type=style&index=0&id=a4879934&lang=css
<s> [webpack.Progress] 59% building 416/448 modules 32 active D:\Java_project\HYPBlog\blog-view\node_modules\css-loader\dist\cjs.js??ref--6-oneOf-1-1!D:\Java_project\HYPBlog\blog-view\node_modules\vue-loader\lib\loaders\stylePostLoader.js!D:\Java_project\HYPBlog\blog-view\node_modules\postcss-loader\src\index.js??ref--6-oneOf-1-2!D:\Java_project\HYPBlog\blog-view\node_modules\cache-loader\dist\cjs.js??ref--0-0!D:\Java_project\HYPBlog\blog-view\node_modules\vue-loader\lib\index.js??vue-loader-options!D:\Java_project\HYPBlog\blog-view\src\components\index\Nav.vue?vue&type=style&index=0&id=a4879934&lang=css
<s> [webpack.Progress] 60% building 417/448 modules 31 active D:\Java_project\HYPBlog\blog-view\node_modules\css-loader\dist\cjs.js??ref--6-oneOf-1-1!D:\Java_project\HYPBlog\blog-view\node_modules\vue-loader\lib\loaders\stylePostLoader.js!D:\Java_project\HYPBlog\blog-view\node_modules\postcss-loader\src\index.js??ref--6-oneOf-1-2!D:\Java_project\HYPBlog\blog-view\node_modules\cache-loader\dist\cjs.js??ref--0-0!D:\Java_project\HYPBlog\blog-view\node_modules\vue-loader\lib\index.js??vue-loader-options!D:\Java_project\HYPBlog\blog-view\src\components\index\Nav.vue?vue&type=style&index=0&id=a4879934&lang=css
<s> [webpack.Progress] 60% building 417/449 modules 32 active D:\Java_project\HYPBlog\blog-view\node_modules\normalize-wheel\src\isEventSupported.js
<s> [webpack.Progress] 60% building 417/450 modules 33 active D:\Java_project\HYPBlog\blog-view\node_modules\normalize-wheel\src\UserAgent_DEPRECATED.js
<s> [webpack.Progress] 60% building 417/451 modules 34 active D:\Java_project\HYPBlog\blog-view\node_modules\async-validator\es\validator\index.js
<s> [webpack.Progress] 60% building 418/451 modules 33 active D:\Java_project\HYPBlog\blog-view\node_modules\async-validator\es\validator\index.js
<s> [webpack.Progress] 60% building 419/451 modules 32 active D:\Java_project\HYPBlog\blog-view\node_modules\async-validator\es\validator\index.js
<s> [webpack.Progress] 60% building 419/452 modules 33 active D:\Java_project\HYPBlog\blog-view\node_modules\url\node_modules\qs\lib\utils.js
<s> [webpack.Progress] 60% building 420/452 modules 32 active D:\Java_project\HYPBlog\blog-view\node_modules\url\node_modules\qs\lib\utils.js
<s> [webpack.Progress] 60% building 421/452 modules 31 active D:\Java_project\HYPBlog\blog-view\node_modules\url\node_modules\qs\lib\utils.js
<s> [webpack.Progress] 60% building 422/452 modules 30 active D:\Java_project\HYPBlog\blog-view\node_modules\url\node_modules\qs\lib\utils.js
<s> [webpack.Progress] 60% building 423/452 modules 29 active D:\Java_project\HYPBlog\blog-view\node_modules\url\node_modules\qs\lib\utils.js
<s> [webpack.Progress] 60% building 424/452 modules 28 active D:\Java_project\HYPBlog\blog-view\node_modules\url\node_modules\qs\lib\utils.js
<s> [webpack.Progress] 61% building 425/452 modules 27 active D:\Java_project\HYPBlog\blog-view\node_modules\url\node_modules\qs\lib\utils.js
<s> [webpack.Progress] 61% building 426/452 modules 26 active D:\Java_project\HYPBlog\blog-view\node_modules\url\node_modules\qs\lib\utils.js
<s> [webpack.Progress] 61% building 427/452 modules 25 active D:\Java_project\HYPBlog\blog-view\node_modules\url\node_modules\qs\lib\utils.js
<s> [webpack.Progress] 61% building 428/452 modules 24 active D:\Java_project\HYPBlog\blog-view\node_modules\url\node_modules\qs\lib\utils.js
<s> [webpack.Progress] 61% building 429/452 modules 23 active D:\Java_project\HYPBlog\blog-view\node_modules\url\node_modules\qs\lib\utils.js
<s> [webpack.Progress] 61% building 430/452 modules 22 active D:\Java_project\HYPBlog\blog-view\node_modules\url\node_modules\qs\lib\utils.js
<s> [webpack.Progress] 61% building 431/452 modules 21 active D:\Java_project\HYPBlog\blog-view\node_modules\url\node_modules\qs\lib\utils.js
<s> [webpack.Progress] 61% building 432/452 modules 20 active D:\Java_project\HYPBlog\blog-view\node_modules\url\node_modules\qs\lib\utils.js
<s> [webpack.Progress] 61% building 433/452 modules 19 active D:\Java_project\HYPBlog\blog-view\node_modules\url\node_modules\qs\lib\utils.js
<s> [webpack.Progress] 62% building 434/452 modules 18 active D:\Java_project\HYPBlog\blog-view\node_modules\url\node_modules\qs\lib\utils.js
<s> [webpack.Progress] 62% building 435/452 modules 17 active D:\Java_project\HYPBlog\blog-view\node_modules\url\node_modules\qs\lib\utils.js
<s> [webpack.Progress] 62% building 436/452 modules 16 active D:\Java_project\HYPBlog\blog-view\node_modules\url\node_modules\qs\lib\utils.js
<s> [webpack.Progress] 62% building 437/452 modules 15 active D:\Java_project\HYPBlog\blog-view\node_modules\url\node_modules\qs\lib\utils.js
<s> [webpack.Progress] 62% building 438/452 modules 14 active D:\Java_project\HYPBlog\blog-view\node_modules\url\node_modules\qs\lib\utils.js
<s> [webpack.Progress] 62% building 439/452 modules 13 active D:\Java_project\HYPBlog\blog-view\node_modules\url\node_modules\qs\lib\utils.js
<s> [webpack.Progress] 62% building 440/452 modules 12 active D:\Java_project\HYPBlog\blog-view\node_modules\url\node_modules\qs\lib\utils.js
<s> [webpack.Progress] 62% building 441/452 modules 11 active D:\Java_project\HYPBlog\blog-view\node_modules\url\node_modules\qs\lib\utils.js
<s> [webpack.Progress] 63% building 442/452 modules 10 active D:\Java_project\HYPBlog\blog-view\node_modules\url\node_modules\qs\lib\utils.js
<s> [webpack.Progress] 63% building 443/452 modules 9 active D:\Java_project\HYPBlog\blog-view\node_modules\url\node_modules\qs\lib\utils.js
<s> [webpack.Progress] 63% building 444/452 modules 8 active D:\Java_project\HYPBlog\blog-view\node_modules\url\node_modules\qs\lib\utils.js
<s> [webpack.Progress] 63% building 445/452 modules 7 active D:\Java_project\HYPBlog\blog-view\node_modules\url\node_modules\qs\lib\utils.js
<s> [webpack.Progress] 63% building 446/452 modules 6 active D:\Java_project\HYPBlog\blog-view\node_modules\url\node_modules\qs\lib\utils.js
<s> [webpack.Progress] 63% building 447/452 modules 5 active D:\Java_project\HYPBlog\blog-view\node_modules\url\node_modules\qs\lib\utils.js
<s> [webpack.Progress] 63% building 448/452 modules 4 active D:\Java_project\HYPBlog\blog-view\node_modules\url\node_modules\qs\lib\utils.js
<s> [webpack.Progress] 63% building 449/452 modules 3 active D:\Java_project\HYPBlog\blog-view\node_modules\url\node_modules\qs\lib\utils.js
<s> [webpack.Progress] 64% building 450/452 modules 2 active D:\Java_project\HYPBlog\blog-view\node_modules\url\node_modules\qs\lib\utils.js
<s> [webpack.Progress] 64% building 450/453 modules 3 active D:\Java_project\HYPBlog\blog-view\node_modules\babel-runtime\helpers\typeof.js
<s> [webpack.Progress] 64% building 450/454 modules 4 active D:\Java_project\HYPBlog\blog-view\node_modules\babel-runtime\helpers\extends.js
<s> [webpack.Progress] 64% building 450/455 modules 5 active D:\Java_project\HYPBlog\blog-view\node_modules\css-loader\dist\cjs.js??ref--6-oneOf-1-1!D:\Java_project\HYPBlog\blog-view\node_modules\vue-loader\lib\loaders\stylePostLoader.js!D:\Java_project\HYPBlog\blog-view\node_modules\postcss-loader\src\index.js??ref--6-oneOf-1-2!D:\Java_project\HYPBlog\blog-view\src\assets\css\badge.css
<s> [webpack.Progress] 64% building 451/455 modules 4 active D:\Java_project\HYPBlog\blog-view\node_modules\css-loader\dist\cjs.js??ref--6-oneOf-1-1!D:\Java_project\HYPBlog\blog-view\node_modules\vue-loader\lib\loaders\stylePostLoader.js!D:\Java_project\HYPBlog\blog-view\node_modules\postcss-loader\src\index.js??ref--6-oneOf-1-2!D:\Java_project\HYPBlog\blog-view\src\assets\css\badge.css
<s> [webpack.Progress] 64% building 452/455 modules 3 active D:\Java_project\HYPBlog\blog-view\node_modules\css-loader\dist\cjs.js??ref--6-oneOf-1-1!D:\Java_project\HYPBlog\blog-view\node_modules\vue-loader\lib\loaders\stylePostLoader.js!D:\Java_project\HYPBlog\blog-view\node_modules\postcss-loader\src\index.js??ref--6-oneOf-1-2!D:\Java_project\HYPBlog\blog-view\src\assets\css\badge.css
<s> [webpack.Progress] 64% building 453/455 modules 2 active D:\Java_project\HYPBlog\blog-view\node_modules\css-loader\dist\cjs.js??ref--6-oneOf-1-1!D:\Java_project\HYPBlog\blog-view\node_modules\vue-loader\lib\loaders\stylePostLoader.js!D:\Java_project\HYPBlog\blog-view\node_modules\postcss-loader\src\index.js??ref--6-oneOf-1-2!D:\Java_project\HYPBlog\blog-view\src\assets\css\badge.css
<s> [webpack.Progress] 64% building 454/455 modules 1 active D:\Java_project\HYPBlog\blog-view\node_modules\css-loader\dist\cjs.js??ref--6-oneOf-1-1!D:\Java_project\HYPBlog\blog-view\node_modules\vue-loader\lib\loaders\stylePostLoader.js!D:\Java_project\HYPBlog\blog-view\node_modules\postcss-loader\src\index.js??ref--6-oneOf-1-2!D:\Java_project\HYPBlog\blog-view\src\assets\css\badge.css
<s> [webpack.Progress] 64% building 454/456 modules 2 active D:\Java_project\HYPBlog\blog-view\node_modules\deepmerge\dist\cjs.js
<s> [webpack.Progress] 64% building 454/457 modules 3 active D:\Java_project\HYPBlog\blog-view\node_modules\cache-loader\dist\cjs.js??ref--12-0!D:\Java_project\HYPBlog\blog-view\node_modules\babel-loader\lib\index.js!D:\Java_project\HYPBlog\blog-view\src\settings.js
<s> [webpack.Progress] 64% building 455/457 modules 2 active D:\Java_project\HYPBlog\blog-view\node_modules\cache-loader\dist\cjs.js??ref--12-0!D:\Java_project\HYPBlog\blog-view\node_modules\babel-loader\lib\index.js!D:\Java_project\HYPBlog\blog-view\src\settings.js
<s> [webpack.Progress] 64% building 455/458 modules 3 active D:\Java_project\HYPBlog\blog-view\node_modules\normalize-wheel\src\ExecutionEnvironment.js
<s> [webpack.Progress] 64% building 455/459 modules 4 active D:\Java_project\HYPBlog\blog-view\node_modules\async-validator\es\validator\string.js
<s> [webpack.Progress] 64% building 455/460 modules 5 active D:\Java_project\HYPBlog\blog-view\node_modules\async-validator\es\validator\boolean.js
<s> [webpack.Progress] 64% building 455/461 modules 6 active D:\Java_project\HYPBlog\blog-view\node_modules\async-validator\es\validator\number.js
<s> [webpack.Progress] 64% building 455/462 modules 7 active D:\Java_project\HYPBlog\blog-view\node_modules\async-validator\es\validator\regexp.js
<s> [webpack.Progress] 64% building 455/463 modules 8 active D:\Java_project\HYPBlog\blog-view\node_modules\async-validator\es\validator\integer.js
<s> [webpack.Progress] 64% building 455/464 modules 9 active D:\Java_project\HYPBlog\blog-view\node_modules\async-validator\es\validator\object.js
<s> [webpack.Progress] 64% building 455/465 modules 10 active D:\Java_project\HYPBlog\blog-view\node_modules\async-validator\es\validator\enum.js
<s> [webpack.Progress] 64% building 455/466 modules 11 active D:\Java_project\HYPBlog\blog-view\node_modules\async-validator\es\validator\pattern.js
<s> [webpack.Progress] 64% building 455/467 modules 12 active D:\Java_project\HYPBlog\blog-view\node_modules\async-validator\es\validator\date.js
<s> [webpack.Progress] 64% building 455/468 modules 13 active D:\Java_project\HYPBlog\blog-view\node_modules\async-validator\es\validator\method.js
<s> [webpack.Progress] 64% building 455/469 modules 14 active D:\Java_project\HYPBlog\blog-view\node_modules\async-validator\es\validator\type.js
<s> [webpack.Progress] 64% building 455/470 modules 15 active D:\Java_project\HYPBlog\blog-view\node_modules\async-validator\es\validator\array.js
<s> [webpack.Progress] 64% building 455/471 modules 16 active D:\Java_project\HYPBlog\blog-view\node_modules\async-validator\es\validator\required.js
<s> [webpack.Progress] 64% building 455/472 modules 17 active D:\Java_project\HYPBlog\blog-view\node_modules\async-validator\es\validator\float.js
<s> [webpack.Progress] 64% building 456/472 modules 16 active D:\Java_project\HYPBlog\blog-view\node_modules\async-validator\es\validator\float.js
<s> [webpack.Progress] 64% building 456/473 modules 17 active D:\Java_project\HYPBlog\blog-view\node_modules\cache-loader\dist\cjs.js??ref--0-0!D:\Java_project\HYPBlog\blog-view\node_modules\vue-loader\lib\index.js??vue-loader-options!D:\Java_project\HYPBlog\blog-view\src\components\comment\Comment.vue
<s> [webpack.Progress] 64% building 456/474 modules 18 active D:\Java_project\HYPBlog\blog-view\node_modules\vue-style-loader\index.js??ref--6-oneOf-3-0!D:\Java_project\HYPBlog\blog-view\node_modules\css-loader\dist\cjs.js??ref--6-oneOf-3-1!D:\Java_project\HYPBlog\blog-view\node_modules\postcss-loader\src\index.js??ref--6-oneOf-3-2!D:\Java_project\HYPBlog\blog-view\node_modules\nprogress\nprogress.css
<s> [webpack.Progress] 64% building 457/474 modules 17 active D:\Java_project\HYPBlog\blog-view\node_modules\cache-loader\dist\cjs.js??ref--0-0!D:\Java_project\HYPBlog\blog-view\node_modules\vue-loader\lib\index.js??vue-loader-options!D:\Java_project\HYPBlog\blog-view\src\components\comment\Comment.vue
<s> [webpack.Progress] 64% building 457/475 modules 18 active D:\Java_project\HYPBlog\blog-view\node_modules\css-loader\dist\cjs.js??ref--6-oneOf-3-1!D:\Java_project\HYPBlog\blog-view\node_modules\postcss-loader\src\index.js??ref--6-oneOf-3-2!D:\Java_project\HYPBlog\blog-view\node_modules\nprogress\nprogress.css
<s> [webpack.Progress] 64% building 457/476 modules 19 active D:\Java_project\HYPBlog\blog-view\node_modules\cache-loader\dist\cjs.js??ref--0-0!D:\Java_project\HYPBlog\blog-view\node_modules\vue-loader\lib\index.js??vue-loader-options!D:\Java_project\HYPBlog\blog-view\src\components\comment\Pagination.vue
<s> [webpack.Progress] 64% building 457/477 modules 20 active D:\Java_project\HYPBlog\blog-view\node_modules\cache-loader\dist\cjs.js??ref--0-0!D:\Java_project\HYPBlog\blog-view\node_modules\vue-loader\lib\index.js??vue-loader-options!D:\Java_project\HYPBlog\blog-view\src\components\blog\Pagination.vue
<s> [webpack.Progress] 64% building 458/477 modules 19 active D:\Java_project\HYPBlog\blog-view\node_modules\cache-loader\dist\cjs.js??ref--0-0!D:\Java_project\HYPBlog\blog-view\node_modules\vue-loader\lib\index.js??vue-loader-options!D:\Java_project\HYPBlog\blog-view\src\components\blog\Pagination.vue
<s> [webpack.Progress] 64% building 458/478 modules 20 active D:\Java_project\HYPBlog\blog-view\node_modules\cache-loader\dist\cjs.js??ref--0-0!D:\Java_project\HYPBlog\blog-view\node_modules\vue-loader\lib\index.js??vue-loader-options!D:\Java_project\HYPBlog\blog-view\src\components\blog\BlogItem.vue
<s> [webpack.Progress] 65% building 459/478 modules 19 active D:\Java_project\HYPBlog\blog-view\node_modules\cache-loader\dist\cjs.js??ref--0-0!D:\Java_project\HYPBlog\blog-view\node_modules\vue-loader\lib\index.js??vue-loader-options!D:\Java_project\HYPBlog\blog-view\src\components\blog\BlogItem.vue
<s> [webpack.Progress] 65% building 460/478 modules 18 active D:\Java_project\HYPBlog\blog-view\node_modules\cache-loader\dist\cjs.js??ref--0-0!D:\Java_project\HYPBlog\blog-view\node_modules\vue-loader\lib\index.js??vue-loader-options!D:\Java_project\HYPBlog\blog-view\src\components\blog\BlogItem.vue
<s> [webpack.Progress] 65% building 461/478 modules 17 active D:\Java_project\HYPBlog\blog-view\node_modules\cache-loader\dist\cjs.js??ref--0-0!D:\Java_project\HYPBlog\blog-view\node_modules\vue-loader\lib\index.js??vue-loader-options!D:\Java_project\HYPBlog\blog-view\src\components\blog\BlogItem.vue
<s> [webpack.Progress] 65% building 462/478 modules 16 active D:\Java_project\HYPBlog\blog-view\node_modules\cache-loader\dist\cjs.js??ref--0-0!D:\Java_project\HYPBlog\blog-view\node_modules\vue-loader\lib\index.js??vue-loader-options!D:\Java_project\HYPBlog\blog-view\src\components\blog\BlogItem.vue
<s> [webpack.Progress] 65% building 463/478 modules 15 active D:\Java_project\HYPBlog\blog-view\node_modules\cache-loader\dist\cjs.js??ref--0-0!D:\Java_project\HYPBlog\blog-view\node_modules\vue-loader\lib\index.js??vue-loader-options!D:\Java_project\HYPBlog\blog-view\src\components\blog\BlogItem.vue
<s> [webpack.Progress] 65% building 464/478 modules 14 active D:\Java_project\HYPBlog\blog-view\node_modules\cache-loader\dist\cjs.js??ref--0-0!D:\Java_project\HYPBlog\blog-view\node_modules\vue-loader\lib\index.js??vue-loader-options!D:\Java_project\HYPBlog\blog-view\src\components\blog\BlogItem.vue
<s> [webpack.Progress] 65% building 465/478 modules 13 active D:\Java_project\HYPBlog\blog-view\node_modules\cache-loader\dist\cjs.js??ref--0-0!D:\Java_project\HYPBlog\blog-view\node_modules\vue-loader\lib\index.js??vue-loader-options!D:\Java_project\HYPBlog\blog-view\src\components\blog\BlogItem.vue
<s> [webpack.Progress] 65% building 466/478 modules 12 active D:\Java_project\HYPBlog\blog-view\node_modules\cache-loader\dist\cjs.js??ref--0-0!D:\Java_project\HYPBlog\blog-view\node_modules\vue-loader\lib\index.js??vue-loader-options!D:\Java_project\HYPBlog\blog-view\src\components\blog\BlogItem.vue
<s> [webpack.Progress] 66% building 467/478 modules 11 active D:\Java_project\HYPBlog\blog-view\node_modules\cache-loader\dist\cjs.js??ref--0-0!D:\Java_project\HYPBlog\blog-view\node_modules\vue-loader\lib\index.js??vue-loader-options!D:\Java_project\HYPBlog\blog-view\src\components\blog\BlogItem.vue
<s> [webpack.Progress] 66% building 468/478 modules 10 active D:\Java_project\HYPBlog\blog-view\node_modules\cache-loader\dist\cjs.js??ref--0-0!D:\Java_project\HYPBlog\blog-view\node_modules\vue-loader\lib\index.js??vue-loader-options!D:\Java_project\HYPBlog\blog-view\src\components\blog\BlogItem.vue
<s> [webpack.Progress] 66% building 469/478 modules 9 active D:\Java_project\HYPBlog\blog-view\node_modules\cache-loader\dist\cjs.js??ref--0-0!D:\Java_project\HYPBlog\blog-view\node_modules\vue-loader\lib\index.js??vue-loader-options!D:\Java_project\HYPBlog\blog-view\src\components\blog\BlogItem.vue
<s> [webpack.Progress] 66% building 470/478 modules 8 active D:\Java_project\HYPBlog\blog-view\node_modules\cache-loader\dist\cjs.js??ref--0-0!D:\Java_project\HYPBlog\blog-view\node_modules\vue-loader\lib\index.js??vue-loader-options!D:\Java_project\HYPBlog\blog-view\src\components\blog\BlogItem.vue
<s> [webpack.Progress] 66% building 471/478 modules 7 active D:\Java_project\HYPBlog\blog-view\node_modules\cache-loader\dist\cjs.js??ref--0-0!D:\Java_project\HYPBlog\blog-view\node_modules\vue-loader\lib\index.js??vue-loader-options!D:\Java_project\HYPBlog\blog-view\src\components\blog\BlogItem.vue
<s> [webpack.Progress] 66% building 472/478 modules 6 active D:\Java_project\HYPBlog\blog-view\node_modules\cache-loader\dist\cjs.js??ref--0-0!D:\Java_project\HYPBlog\blog-view\node_modules\vue-loader\lib\index.js??vue-loader-options!D:\Java_project\HYPBlog\blog-view\src\components\blog\BlogItem.vue
<s> [webpack.Progress] 66% building 473/478 modules 5 active D:\Java_project\HYPBlog\blog-view\node_modules\cache-loader\dist\cjs.js??ref--0-0!D:\Java_project\HYPBlog\blog-view\node_modules\vue-loader\lib\index.js??vue-loader-options!D:\Java_project\HYPBlog\blog-view\src\components\blog\BlogItem.vue
<s> [webpack.Progress] 66% building 473/479 modules 6 active D:\Java_project\HYPBlog\blog-view\node_modules\side-channel\index.js
<s> [webpack.Progress] 66% building 474/479 modules 5 active D:\Java_project\HYPBlog\blog-view\node_modules\side-channel\index.js
<s> [webpack.Progress] 67% building 475/479 modules 4 active D:\Java_project\HYPBlog\blog-view\node_modules\side-channel\index.js
<s> [webpack.Progress] 67% building 476/479 modules 3 active D:\Java_project\HYPBlog\blog-view\node_modules\side-channel\index.js
<s> [webpack.Progress] 67% building 476/480 modules 4 active D:\Java_project\HYPBlog\blog-view\node_modules\babel-runtime\core-js\symbol.js
<s> [webpack.Progress] 67% building 476/481 modules 5 active D:\Java_project\HYPBlog\blog-view\node_modules\babel-runtime\core-js\symbol\iterator.js
<s> [webpack.Progress] 67% building 477/481 modules 4 active D:\Java_project\HYPBlog\blog-view\node_modules\babel-runtime\core-js\symbol\iterator.js
<s> [webpack.Progress] 67% building 478/481 modules 3 active D:\Java_project\HYPBlog\blog-view\node_modules\babel-runtime\core-js\symbol\iterator.js
<s> [webpack.Progress] 67% building 478/482 modules 4 active D:\Java_project\HYPBlog\blog-view\node_modules\babel-runtime\core-js\object\assign.js
<s> [webpack.Progress] 67% building 478/483 modules 5 active D:\Java_project\HYPBlog\blog-view\node_modules\vue-loader\lib\loaders\pitcher.js??ref--4!D:\Java_project\HYPBlog\blog-view\node_modules\cache-loader\dist\cjs.js??ref--0-0!D:\Java_project\HYPBlog\blog-view\node_modules\vue-loader\lib\index.js??vue-loader-options!D:\Java_project\HYPBlog\blog-view\src\components\comment\Comment.vue?vue&type=template&id=9b7ef5a2&scoped=true
<s> [webpack.Progress] 67% building 479/483 modules 4 active D:\Java_project\HYPBlog\blog-view\node_modules\babel-runtime\core-js\object\assign.js
<s> [webpack.Progress] 67% building 479/484 modules 5 active D:\Java_project\HYPBlog\blog-view\node_modules\vue-loader\lib\loaders\pitcher.js??ref--4!D:\Java_project\HYPBlog\blog-view\node_modules\cache-loader\dist\cjs.js??ref--12-0!D:\Java_project\HYPBlog\blog-view\node_modules\babel-loader\lib\index.js!D:\Java_project\HYPBlog\blog-view\node_modules\cache-loader\dist\cjs.js??ref--0-0!D:\Java_project\HYPBlog\blog-view\node_modules\vue-loader\lib\index.js??vue-loader-options!D:\Java_project\HYPBlog\blog-view\src\components\comment\Comment.vue?vue&type=script&lang=js
<s> [webpack.Progress] 67% building 480/484 modules 4 active D:\Java_project\HYPBlog\blog-view\node_modules\babel-runtime\core-js\object\assign.js
<s> [webpack.Progress] 67% building 480/485 modules 5 active D:\Java_project\HYPBlog\blog-view\node_modules\vue-loader\lib\loaders\pitcher.js??ref--4!D:\Java_project\HYPBlog\blog-view\node_modules\vue-style-loader\index.js??ref--6-oneOf-1-0!D:\Java_project\HYPBlog\blog-view\node_modules\css-loader\dist\cjs.js??ref--6-oneOf-1-1!D:\Java_project\HYPBlog\blog-view\node_modules\postcss-loader\src\index.js??ref--6-oneOf-1-2!D:\Java_project\HYPBlog\blog-view\node_modules\cache-loader\dist\cjs.js??ref--0-0!D:\Java_project\HYPBlog\blog-view\node_modules\vue-loader\lib\index.js??vue-loader-options!D:\Java_project\HYPBlog\blog-view\src\components\comment\Comment.vue?vue&type=style&index=0&id=9b7ef5a2&scoped=true&lang=css
<s> [webpack.Progress] 67% building 481/485 modules 4 active D:\Java_project\HYPBlog\blog-view\node_modules\babel-runtime\core-js\object\assign.js
<s> [webpack.Progress] 67% building 481/486 modules 5 active D:\Java_project\HYPBlog\blog-view\node_modules\cache-loader\dist\cjs.js??ref--12-0!D:\Java_project\HYPBlog\blog-view\node_modules\babel-loader\lib\index.js!D:\Java_project\HYPBlog\blog-view\node_modules\cache-loader\dist\cjs.js??ref--0-0!D:\Java_project\HYPBlog\blog-view\node_modules\vue-loader\lib\index.js??vue-loader-options!D:\Java_project\HYPBlog\blog-view\src\components\comment\Comment.vue?vue&type=script&lang=js
<s> [webpack.Progress] 67% building 481/487 modules 6 active D:\Java_project\HYPBlog\blog-view\node_modules\cache-loader\dist\cjs.js?{"cacheDirectory":"node_modules/.cache/vue-loader","cacheIdentifier":"62f10814-vue-loader-template"}!D:\Java_project\HYPBlog\blog-view\node_modules\vue-loader\lib\loaders\templateLoader.js??vue-loader-options!D:\Java_project\HYPBlog\blog-view\node_modules\cache-loader\dist\cjs.js??ref--0-0!D:\Java_project\HYPBlog\blog-view\node_modules\vue-loader\lib\index.js??vue-loader-options!D:\Java_project\HYPBlog\blog-view\src\components\comment\Comment.vue?vue&type=template&id=9b7ef5a2&scoped=true
<s> [webpack.Progress] 67% building 481/488 modules 7 active D:\Java_project\HYPBlog\blog-view\node_modules\vue-style-loader\index.js??ref--6-oneOf-1-0!D:\Java_project\HYPBlog\blog-view\node_modules\css-loader\dist\cjs.js??ref--6-oneOf-1-1!D:\Java_project\HYPBlog\blog-view\node_modules\vue-loader\lib\loaders\stylePostLoader.js!D:\Java_project\HYPBlog\blog-view\node_modules\postcss-loader\src\index.js??ref--6-oneOf-1-2!D:\Java_project\HYPBlog\blog-view\node_modules\cache-loader\dist\cjs.js??ref--0-0!D:\Java_project\HYPBlog\blog-view\node_modules\vue-loader\lib\index.js??vue-loader-options!D:\Java_project\HYPBlog\blog-view\src\components\comment\Comment.vue?vue&type=style&index=0&id=9b7ef5a2&scoped=true&lang=css
<s> [webpack.Progress] 67% building 482/488 modules 6 active D:\Java_project\HYPBlog\blog-view\node_modules\cache-loader\dist\cjs.js?{"cacheDirectory":"node_modules/.cache/vue-loader","cacheIdentifier":"62f10814-vue-loader-template"}!D:\Java_project\HYPBlog\blog-view\node_modules\vue-loader\lib\loaders\templateLoader.js??vue-loader-options!D:\Java_project\HYPBlog\blog-view\node_modules\cache-loader\dist\cjs.js??ref--0-0!D:\Java_project\HYPBlog\blog-view\node_modules\vue-loader\lib\index.js??vue-loader-options!D:\Java_project\HYPBlog\blog-view\src\components\comment\Comment.vue?vue&type=template&id=9b7ef5a2&scoped=true
<s> [webpack.Progress] 67% building 482/489 modules 7 active D:\Java_project\HYPBlog\blog-view\node_modules\css-loader\dist\cjs.js??ref--6-oneOf-1-1!D:\Java_project\HYPBlog\blog-view\node_modules\vue-loader\lib\loaders\stylePostLoader.js!D:\Java_project\HYPBlog\blog-view\node_modules\postcss-loader\src\index.js??ref--6-oneOf-1-2!D:\Java_project\HYPBlog\blog-view\node_modules\cache-loader\dist\cjs.js??ref--0-0!D:\Java_project\HYPBlog\blog-view\node_modules\vue-loader\lib\index.js??vue-loader-options!D:\Java_project\HYPBlog\blog-view\src\components\comment\Comment.vue?vue&type=style&index=0&id=9b7ef5a2&scoped=true&lang=css
<s> [webpack.Progress] 67% building 482/490 modules 8 active D:\Java_project\HYPBlog\blog-view\node_modules\vue-loader\lib\loaders\pitcher.js??ref--4!D:\Java_project\HYPBlog\blog-view\node_modules\cache-loader\dist\cjs.js??ref--0-0!D:\Java_project\HYPBlog\blog-view\node_modules\vue-loader\lib\index.js??vue-loader-options!D:\Java_project\HYPBlog\blog-view\src\components\comment\Pagination.vue?vue&type=template&id=fd33b30c&scoped=true
<s> [webpack.Progress] 67% building 483/490 modules 7 active D:\Java_project\HYPBlog\blog-view\node_modules\css-loader\dist\cjs.js??ref--6-oneOf-1-1!D:\Java_project\HYPBlog\blog-view\node_modules\vue-loader\lib\loaders\stylePostLoader.js!D:\Java_project\HYPBlog\blog-view\node_modules\postcss-loader\src\index.js??ref--6-oneOf-1-2!D:\Java_project\HYPBlog\blog-view\node_modules\cache-loader\dist\cjs.js??ref--0-0!D:\Java_project\HYPBlog\blog-view\node_modules\vue-loader\lib\index.js??vue-loader-options!D:\Java_project\HYPBlog\blog-view\src\components\comment\Comment.vue?vue&type=style&index=0&id=9b7ef5a2&scoped=true&lang=css
<s> [webpack.Progress] 67% building 483/491 modules 8 active D:\Java_project\HYPBlog\blog-view\node_modules\vue-loader\lib\loaders\pitcher.js??ref--4!D:\Java_project\HYPBlog\blog-view\node_modules\cache-loader\dist\cjs.js??ref--12-0!D:\Java_project\HYPBlog\blog-view\node_modules\babel-loader\lib\index.js!D:\Java_project\HYPBlog\blog-view\node_modules\cache-loader\dist\cjs.js??ref--0-0!D:\Java_project\HYPBlog\blog-view\node_modules\vue-loader\lib\index.js??vue-loader-options!D:\Java_project\HYPBlog\blog-view\src\components\comment\Pagination.vue?vue&type=script&lang=js
<s> [webpack.Progress] 68% building 484/491 modules 7 active D:\Java_project\HYPBlog\blog-view\node_modules\css-loader\dist\cjs.js??ref--6-oneOf-1-1!D:\Java_project\HYPBlog\blog-view\node_modules\vue-loader\lib\loaders\stylePostLoader.js!D:\Java_project\HYPBlog\blog-view\node_modules\postcss-loader\src\index.js??ref--6-oneOf-1-2!D:\Java_project\HYPBlog\blog-view\node_modules\cache-loader\dist\cjs.js??ref--0-0!D:\Java_project\HYPBlog\blog-view\node_modules\vue-loader\lib\index.js??vue-loader-options!D:\Java_project\HYPBlog\blog-view\src\components\comment\Comment.vue?vue&type=style&index=0&id=9b7ef5a2&scoped=true&lang=css
<s> [webpack.Progress] 68% building 484/492 modules 8 active D:\Java_project\HYPBlog\blog-view\node_modules\vue-loader\lib\loaders\pitcher.js??ref--4!D:\Java_project\HYPBlog\blog-view\node_modules\vue-style-loader\index.js??ref--6-oneOf-1-0!D:\Java_project\HYPBlog\blog-view\node_modules\css-loader\dist\cjs.js??ref--6-oneOf-1-1!D:\Java_project\HYPBlog\blog-view\node_modules\postcss-loader\src\index.js??ref--6-oneOf-1-2!D:\Java_project\HYPBlog\blog-view\node_modules\cache-loader\dist\cjs.js??ref--0-0!D:\Java_project\HYPBlog\blog-view\node_modules\vue-loader\lib\index.js??vue-loader-options!D:\Java_project\HYPBlog\blog-view\src\components\comment\Pagination.vue?vue&type=style&index=0&id=fd33b30c&scoped=true&lang=css
<s> [webpack.Progress] 68% building 485/492 modules 7 active D:\Java_project\HYPBlog\blog-view\node_modules\css-loader\dist\cjs.js??ref--6-oneOf-1-1!D:\Java_project\HYPBlog\blog-view\node_modules\vue-loader\lib\loaders\stylePostLoader.js!D:\Java_project\HYPBlog\blog-view\node_modules\postcss-loader\src\index.js??ref--6-oneOf-1-2!D:\Java_project\HYPBlog\blog-view\node_modules\cache-loader\dist\cjs.js??ref--0-0!D:\Java_project\HYPBlog\blog-view\node_modules\vue-loader\lib\index.js??vue-loader-options!D:\Java_project\HYPBlog\blog-view\src\components\comment\Comment.vue?vue&type=style&index=0&id=9b7ef5a2&scoped=true&lang=css
<s> [webpack.Progress] 68% building 485/493 modules 8 active D:\Java_project\HYPBlog\blog-view\node_modules\cache-loader\dist\cjs.js??ref--12-0!D:\Java_project\HYPBlog\blog-view\node_modules\babel-loader\lib\index.js!D:\Java_project\HYPBlog\blog-view\node_modules\cache-loader\dist\cjs.js??ref--0-0!D:\Java_project\HYPBlog\blog-view\node_modules\vue-loader\lib\index.js??vue-loader-options!D:\Java_project\HYPBlog\blog-view\src\components\comment\Pagination.vue?vue&type=script&lang=js
<s> [webpack.Progress] 68% building 485/494 modules 9 active D:\Java_project\HYPBlog\blog-view\node_modules\cache-loader\dist\cjs.js?{"cacheDirectory":"node_modules/.cache/vue-loader","cacheIdentifier":"62f10814-vue-loader-template"}!D:\Java_project\HYPBlog\blog-view\node_modules\vue-loader\lib\loaders\templateLoader.js??vue-loader-options!D:\Java_project\HYPBlog\blog-view\node_modules\cache-loader\dist\cjs.js??ref--0-0!D:\Java_project\HYPBlog\blog-view\node_modules\vue-loader\lib\index.js??vue-loader-options!D:\Java_project\HYPBlog\blog-view\src\components\comment\Pagination.vue?vue&type=template&id=fd33b30c&scoped=true
<s> [webpack.Progress] 68% building 485/495 modules 10 active D:\Java_project\HYPBlog\blog-view\node_modules\vue-style-loader\index.js??ref--6-oneOf-1-0!D:\Java_project\HYPBlog\blog-view\node_modules\css-loader\dist\cjs.js??ref--6-oneOf-1-1!D:\Java_project\HYPBlog\blog-view\node_modules\vue-loader\lib\loaders\stylePostLoader.js!D:\Java_project\HYPBlog\blog-view\node_modules\postcss-loader\src\index.js??ref--6-oneOf-1-2!D:\Java_project\HYPBlog\blog-view\node_modules\cache-loader\dist\cjs.js??ref--0-0!D:\Java_project\HYPBlog\blog-view\node_modules\vue-loader\lib\index.js??vue-loader-options!D:\Java_project\HYPBlog\blog-view\src\components\comment\Pagination.vue?vue&type=style&index=0&id=fd33b30c&scoped=true&lang=css
<s> [webpack.Progress] 68% building 486/495 modules 9 active D:\Java_project\HYPBlog\blog-view\node_modules\cache-loader\dist\cjs.js?{"cacheDirectory":"node_modules/.cache/vue-loader","cacheIdentifier":"62f10814-vue-loader-template"}!D:\Java_project\HYPBlog\blog-view\node_modules\vue-loader\lib\loaders\templateLoader.js??vue-loader-options!D:\Java_project\HYPBlog\blog-view\node_modules\cache-loader\dist\cjs.js??ref--0-0!D:\Java_project\HYPBlog\blog-view\node_modules\vue-loader\lib\index.js??vue-loader-options!D:\Java_project\HYPBlog\blog-view\src\components\comment\Pagination.vue?vue&type=template&id=fd33b30c&scoped=true
<s> [webpack.Progress] 68% building 486/496 modules 10 active D:\Java_project\HYPBlog\blog-view\node_modules\css-loader\dist\cjs.js??ref--6-oneOf-1-1!D:\Java_project\HYPBlog\blog-view\node_modules\vue-loader\lib\loaders\stylePostLoader.js!D:\Java_project\HYPBlog\blog-view\node_modules\postcss-loader\src\index.js??ref--6-oneOf-1-2!D:\Java_project\HYPBlog\blog-view\node_modules\cache-loader\dist\cjs.js??ref--0-0!D:\Java_project\HYPBlog\blog-view\node_modules\vue-loader\lib\index.js??vue-loader-options!D:\Java_project\HYPBlog\blog-view\src\components\comment\Pagination.vue?vue&type=style&index=0&id=fd33b30c&scoped=true&lang=css
<s> [webpack.Progress] 68% building 486/497 modules 11 active D:\Java_project\HYPBlog\blog-view\node_modules\vue-loader\lib\loaders\pitcher.js??ref--4!D:\Java_project\HYPBlog\blog-view\node_modules\cache-loader\dist\cjs.js??ref--0-0!D:\Java_project\HYPBlog\blog-view\node_modules\vue-loader\lib\index.js??vue-loader-options!D:\Java_project\HYPBlog\blog-view\src\components\blog\Pagination.vue?vue&type=template&id=5c3b02e7
<s> [webpack.Progress] 68% building 487/497 modules 10 active D:\Java_project\HYPBlog\blog-view\node_modules\css-loader\dist\cjs.js??ref--6-oneOf-1-1!D:\Java_project\HYPBlog\blog-view\node_modules\vue-loader\lib\loaders\stylePostLoader.js!D:\Java_project\HYPBlog\blog-view\node_modules\postcss-loader\src\index.js??ref--6-oneOf-1-2!D:\Java_project\HYPBlog\blog-view\node_modules\cache-loader\dist\cjs.js??ref--0-0!D:\Java_project\HYPBlog\blog-view\node_modules\vue-loader\lib\index.js??vue-loader-options!D:\Java_project\HYPBlog\blog-view\src\components\comment\Pagination.vue?vue&type=style&index=0&id=fd33b30c&scoped=true&lang=css
<s> [webpack.Progress] 68% building 487/498 modules 11 active D:\Java_project\HYPBlog\blog-view\node_modules\vue-loader\lib\loaders\pitcher.js??ref--4!D:\Java_project\HYPBlog\blog-view\node_modules\cache-loader\dist\cjs.js??ref--12-0!D:\Java_project\HYPBlog\blog-view\node_modules\babel-loader\lib\index.js!D:\Java_project\HYPBlog\blog-view\node_modules\cache-loader\dist\cjs.js??ref--0-0!D:\Java_project\HYPBlog\blog-view\node_modules\vue-loader\lib\index.js??vue-loader-options!D:\Java_project\HYPBlog\blog-view\src\components\blog\Pagination.vue?vue&type=script&lang=js
<s> [webpack.Progress] 68% building 488/498 modules 10 active D:\Java_project\HYPBlog\blog-view\node_modules\css-loader\dist\cjs.js??ref--6-oneOf-1-1!D:\Java_project\HYPBlog\blog-view\node_modules\vue-loader\lib\loaders\stylePostLoader.js!D:\Java_project\HYPBlog\blog-view\node_modules\postcss-loader\src\index.js??ref--6-oneOf-1-2!D:\Java_project\HYPBlog\blog-view\node_modules\cache-loader\dist\cjs.js??ref--0-0!D:\Java_project\HYPBlog\blog-view\node_modules\vue-loader\lib\index.js??vue-loader-options!D:\Java_project\HYPBlog\blog-view\src\components\comment\Pagination.vue?vue&type=style&index=0&id=fd33b30c&scoped=true&lang=css
<s> [webpack.Progress] 68% building 488/499 modules 11 active D:\Java_project\HYPBlog\blog-view\node_modules\vue-loader\lib\loaders\pitcher.js??ref--4!D:\Java_project\HYPBlog\blog-view\node_modules\vue-style-loader\index.js??ref--6-oneOf-1-0!D:\Java_project\HYPBlog\blog-view\node_modules\css-loader\dist\cjs.js??ref--6-oneOf-1-1!D:\Java_project\HYPBlog\blog-view\node_modules\postcss-loader\src\index.js??ref--6-oneOf-1-2!D:\Java_project\HYPBlog\blog-view\node_modules\cache-loader\dist\cjs.js??ref--0-0!D:\Java_project\HYPBlog\blog-view\node_modules\vue-loader\lib\index.js??vue-loader-options!D:\Java_project\HYPBlog\blog-view\src\components\blog\Pagination.vue?vue&type=style&index=0&id=5c3b02e7&lang=css
<s> [webpack.Progress] 68% building 489/499 modules 10 active D:\Java_project\HYPBlog\blog-view\node_modules\css-loader\dist\cjs.js??ref--6-oneOf-1-1!D:\Java_project\HYPBlog\blog-view\node_modules\vue-loader\lib\loaders\stylePostLoader.js!D:\Java_project\HYPBlog\blog-view\node_modules\postcss-loader\src\index.js??ref--6-oneOf-1-2!D:\Java_project\HYPBlog\blog-view\node_modules\cache-loader\dist\cjs.js??ref--0-0!D:\Java_project\HYPBlog\blog-view\node_modules\vue-loader\lib\index.js??vue-loader-options!D:\Java_project\HYPBlog\blog-view\src\components\comment\Pagination.vue?vue&type=style&index=0&id=fd33b30c&scoped=true&lang=css
<s> [webpack.Progress] 68% building 489/500 modules 11 active D:\Java_project\HYPBlog\blog-view\node_modules\cache-loader\dist\cjs.js??ref--12-0!D:\Java_project\HYPBlog\blog-view\node_modules\babel-loader\lib\index.js!D:\Java_project\HYPBlog\blog-view\node_modules\cache-loader\dist\cjs.js??ref--0-0!D:\Java_project\HYPBlog\blog-view\node_modules\vue-loader\lib\index.js??vue-loader-options!D:\Java_project\HYPBlog\blog-view\src\components\blog\Pagination.vue?vue&type=script&lang=js
<s> [webpack.Progress] 68% building 489/501 modules 12 active D:\Java_project\HYPBlog\blog-view\node_modules\cache-loader\dist\cjs.js?{"cacheDirectory":"node_modules/.cache/vue-loader","cacheIdentifier":"62f10814-vue-loader-template"}!D:\Java_project\HYPBlog\blog-view\node_modules\vue-loader\lib\loaders\templateLoader.js??vue-loader-options!D:\Java_project\HYPBlog\blog-view\node_modules\cache-loader\dist\cjs.js??ref--0-0!D:\Java_project\HYPBlog\blog-view\node_modules\vue-loader\lib\index.js??vue-loader-options!D:\Java_project\HYPBlog\blog-view\src\components\blog\Pagination.vue?vue&type=template&id=5c3b02e7
<s> [webpack.Progress] 68% building 489/502 modules 13 active D:\Java_project\HYPBlog\blog-view\node_modules\vue-style-loader\index.js??ref--6-oneOf-1-0!D:\Java_project\HYPBlog\blog-view\node_modules\css-loader\dist\cjs.js??ref--6-oneOf-1-1!D:\Java_project\HYPBlog\blog-view\node_modules\vue-loader\lib\loaders\stylePostLoader.js!D:\Java_project\HYPBlog\blog-view\node_modules\postcss-loader\src\index.js??ref--6-oneOf-1-2!D:\Java_project\HYPBlog\blog-view\node_modules\cache-loader\dist\cjs.js??ref--0-0!D:\Java_project\HYPBlog\blog-view\node_modules\vue-loader\lib\index.js??vue-loader-options!D:\Java_project\HYPBlog\blog-view\src\components\blog\Pagination.vue?vue&type=style&index=0&id=5c3b02e7&lang=css
<s> [webpack.Progress] 68% building 490/502 modules 12 active D:\Java_project\HYPBlog\blog-view\node_modules\cache-loader\dist\cjs.js?{"cacheDirectory":"node_modules/.cache/vue-loader","cacheIdentifier":"62f10814-vue-loader-template"}!D:\Java_project\HYPBlog\blog-view\node_modules\vue-loader\lib\loaders\templateLoader.js??vue-loader-options!D:\Java_project\HYPBlog\blog-view\node_modules\cache-loader\dist\cjs.js??ref--0-0!D:\Java_project\HYPBlog\blog-view\node_modules\vue-loader\lib\index.js??vue-loader-options!D:\Java_project\HYPBlog\blog-view\src\components\blog\Pagination.vue?vue&type=template&id=5c3b02e7
<s> [webpack.Progress] 68% building 490/503 modules 13 active D:\Java_project\HYPBlog\blog-view\node_modules\css-loader\dist\cjs.js??ref--6-oneOf-1-1!D:\Java_project\HYPBlog\blog-view\node_modules\vue-loader\lib\loaders\stylePostLoader.js!D:\Java_project\HYPBlog\blog-view\node_modules\postcss-loader\src\index.js??ref--6-oneOf-1-2!D:\Java_project\HYPBlog\blog-view\node_modules\cache-loader\dist\cjs.js??ref--0-0!D:\Java_project\HYPBlog\blog-view\node_modules\vue-loader\lib\index.js??vue-loader-options!D:\Java_project\HYPBlog\blog-view\src\components\blog\Pagination.vue?vue&type=style&index=0&id=5c3b02e7&lang=css
<s> [webpack.Progress] 68% building 490/504 modules 14 active D:\Java_project\HYPBlog\blog-view\node_modules\vue-loader\lib\loaders\pitcher.js??ref--4!D:\Java_project\HYPBlog\blog-view\node_modules\cache-loader\dist\cjs.js??ref--0-0!D:\Java_project\HYPBlog\blog-view\node_modules\vue-loader\lib\index.js??vue-loader-options!D:\Java_project\HYPBlog\blog-view\src\components\blog\BlogItem.vue?vue&type=template&id=0a369ce2&scoped=true
<s> [webpack.Progress] 68% building 491/504 modules 13 active D:\Java_project\HYPBlog\blog-view\node_modules\css-loader\dist\cjs.js??ref--6-oneOf-1-1!D:\Java_project\HYPBlog\blog-view\node_modules\vue-loader\lib\loaders\stylePostLoader.js!D:\Java_project\HYPBlog\blog-view\node_modules\postcss-loader\src\index.js??ref--6-oneOf-1-2!D:\Java_project\HYPBlog\blog-view\node_modules\cache-loader\dist\cjs.js??ref--0-0!D:\Java_project\HYPBlog\blog-view\node_modules\vue-loader\lib\index.js??vue-loader-options!D:\Java_project\HYPBlog\blog-view\src\components\blog\Pagination.vue?vue&type=style&index=0&id=5c3b02e7&lang=css
<s> [webpack.Progress] 68% building 491/505 modules 14 active D:\Java_project\HYPBlog\blog-view\node_modules\vue-loader\lib\loaders\pitcher.js??ref--4!D:\Java_project\HYPBlog\blog-view\node_modules\cache-loader\dist\cjs.js??ref--12-0!D:\Java_project\HYPBlog\blog-view\node_modules\babel-loader\lib\index.js!D:\Java_project\HYPBlog\blog-view\node_modules\cache-loader\dist\cjs.js??ref--0-0!D:\Java_project\HYPBlog\blog-view\node_modules\vue-loader\lib\index.js??vue-loader-options!D:\Java_project\HYPBlog\blog-view\src\components\blog\BlogItem.vue?vue&type=script&lang=js
<s> [webpack.Progress] 68% building 492/505 modules 13 active D:\Java_project\HYPBlog\blog-view\node_modules\css-loader\dist\cjs.js??ref--6-oneOf-1-1!D:\Java_project\HYPBlog\blog-view\node_modules\vue-loader\lib\loaders\stylePostLoader.js!D:\Java_project\HYPBlog\blog-view\node_modules\postcss-loader\src\index.js??ref--6-oneOf-1-2!D:\Java_project\HYPBlog\blog-view\node_modules\cache-loader\dist\cjs.js??ref--0-0!D:\Java_project\HYPBlog\blog-view\node_modules\vue-loader\lib\index.js??vue-loader-options!D:\Java_project\HYPBlog\blog-view\src\components\blog\Pagination.vue?vue&type=style&index=0&id=5c3b02e7&lang=css
<s> [webpack.Progress] 68% building 492/506 modules 14 active D:\Java_project\HYPBlog\blog-view\node_modules\cache-loader\dist\cjs.js??ref--12-0!D:\Java_project\HYPBlog\blog-view\node_modules\babel-loader\lib\index.js!D:\Java_project\HYPBlog\blog-view\node_modules\cache-loader\dist\cjs.js??ref--0-0!D:\Java_project\HYPBlog\blog-view\node_modules\vue-loader\lib\index.js??vue-loader-options!D:\Java_project\HYPBlog\blog-view\src\components\blog\BlogItem.vue?vue&type=script&lang=js
<s> [webpack.Progress] 68% building 492/507 modules 15 active D:\Java_project\HYPBlog\blog-view\node_modules\cache-loader\dist\cjs.js?{"cacheDirectory":"node_modules/.cache/vue-loader","cacheIdentifier":"62f10814-vue-loader-template"}!D:\Java_project\HYPBlog\blog-view\node_modules\vue-loader\lib\loaders\templateLoader.js??vue-loader-options!D:\Java_project\HYPBlog\blog-view\node_modules\cache-loader\dist\cjs.js??ref--0-0!D:\Java_project\HYPBlog\blog-view\node_modules\vue-loader\lib\index.js??vue-loader-options!D:\Java_project\HYPBlog\blog-view\src\components\blog\BlogItem.vue?vue&type=template&id=0a369ce2&scoped=true
<s> [webpack.Progress] 68% building 492/508 modules 16 active D:\Java_project\HYPBlog\blog-view\node_modules\htmlparser2\lib\index.js
<s> [webpack.Progress] 67% building 492/509 modules 17 active D:\Java_project\HYPBlog\blog-view\node_modules\parse-srcset\src\parse-srcset.js
<s> [webpack.Progress] 67% building 492/510 modules 18 active D:\Java_project\HYPBlog\blog-view\node_modules\klona\dist\index.mjs
<s> [webpack.Progress] 68% building 493/510 modules 17 active D:\Java_project\HYPBlog\blog-view\node_modules\klona\dist\index.mjs
<s> [webpack.Progress] 67% building 493/511 modules 18 active D:\Java_project\HYPBlog\blog-view\node_modules\escape-string-regexp\index.js
<s> [webpack.Progress] 68% building 494/511 modules 17 active D:\Java_project\HYPBlog\blog-view\node_modules\escape-string-regexp\index.js
<s> [webpack.Progress] 68% building 495/511 modules 16 active D:\Java_project\HYPBlog\blog-view\node_modules\escape-string-regexp\index.js
<s> [webpack.Progress] 68% building 496/511 modules 15 active D:\Java_project\HYPBlog\blog-view\node_modules\escape-string-regexp\index.js
<s> [webpack.Progress] 68% building 496/512 modules 16 active D:\Java_project\HYPBlog\blog-view\node_modules\sanitize-html\node_modules\deepmerge\dist\cjs.js
<s> [webpack.Progress] 68% building 496/513 modules 17 active D:\Java_project\HYPBlog\blog-view\node_modules\sanitize-html\node_modules\is-plain-object\dist\is-plain-object.mjs
<s> [webpack.Progress] 67% building 496/514 modules 18 active D:\Java_project\HYPBlog\blog-view\node_modules\sanitize-html\node_modules\postcss\lib\postcss.js
<s> [webpack.Progress] 68% building 497/514 modules 17 active D:\Java_project\HYPBlog\blog-view\node_modules\sanitize-html\node_modules\postcss\lib\postcss.js
<s> [webpack.Progress] 68% building 498/514 modules 16 active D:\Java_project\HYPBlog\blog-view\node_modules\sanitize-html\node_modules\postcss\lib\postcss.js
<s> [webpack.Progress] 68% building 499/514 modules 15 active D:\Java_project\HYPBlog\blog-view\node_modules\sanitize-html\node_modules\postcss\lib\postcss.js
<s> [webpack.Progress] 68% building 500/514 modules 14 active D:\Java_project\HYPBlog\blog-view\node_modules\sanitize-html\node_modules\postcss\lib\postcss.js
<s> [webpack.Progress] 68% building 501/514 modules 13 active D:\Java_project\HYPBlog\blog-view\node_modules\sanitize-html\node_modules\postcss\lib\postcss.js
<s> [webpack.Progress] 68% building 502/514 modules 12 active D:\Java_project\HYPBlog\blog-view\node_modules\sanitize-html\node_modules\postcss\lib\postcss.js
<s> [webpack.Progress] 68% building 503/514 modules 11 active D:\Java_project\HYPBlog\blog-view\node_modules\sanitize-html\node_modules\postcss\lib\postcss.js
<s> [webpack.Progress] 68% building 504/514 modules 10 active D:\Java_project\HYPBlog\blog-view\node_modules\sanitize-html\node_modules\postcss\lib\postcss.js
<s> [webpack.Progress] 68% building 505/514 modules 9 active D:\Java_project\HYPBlog\blog-view\node_modules\sanitize-html\node_modules\postcss\lib\postcss.js
<s> [webpack.Progress] 69% building 506/514 modules 8 active D:\Java_project\HYPBlog\blog-view\node_modules\sanitize-html\node_modules\postcss\lib\postcss.js
<s> [webpack.Progress] 69% building 507/514 modules 7 active D:\Java_project\HYPBlog\blog-view\node_modules\sanitize-html\node_modules\postcss\lib\postcss.js
<s> [webpack.Progress] 69% building 508/514 modules 6 active D:\Java_project\HYPBlog\blog-view\node_modules\sanitize-html\node_modules\postcss\lib\postcss.js
<s> [webpack.Progress] 69% building 509/514 modules 5 active D:\Java_project\HYPBlog\blog-view\node_modules\sanitize-html\node_modules\postcss\lib\postcss.js
<s> [webpack.Progress] 69% building 510/514 modules 4 active D:\Java_project\HYPBlog\blog-view\node_modules\sanitize-html\node_modules\postcss\lib\postcss.js
<s> [webpack.Progress] 69% building 511/514 modules 3 active D:\Java_project\HYPBlog\blog-view\node_modules\sanitize-html\node_modules\postcss\lib\postcss.js
<s> [webpack.Progress] 69% building 511/515 modules 4 active D:\Java_project\HYPBlog\blog-view\node_modules\async-validator\es\rule\index.js
<s> [webpack.Progress] 69% building 512/515 modules 3 active D:\Java_project\HYPBlog\blog-view\node_modules\async-validator\es\rule\index.js
<s> [webpack.Progress] 69% building 513/515 modules 2 active D:\Java_project\HYPBlog\blog-view\node_modules\async-validator\es\rule\index.js
<s> [webpack.Progress] 69% building 514/515 modules 1 active D:\Java_project\HYPBlog\blog-view\node_modules\async-validator\es\rule\index.js
<s> [webpack.Progress] 69% building 514/516 modules 2 active D:\Java_project\HYPBlog\blog-view\node_modules\nprogress\nprogress.js
<s> [webpack.Progress] 69% building 514/517 modules 3 active D:\Java_project\HYPBlog\blog-view\node_modules\axios\index.js
<s> [webpack.Progress] 69% building 514/518 modules 4 active D:\Java_project\HYPBlog\blog-view\node_modules\sanitize-html\node_modules\postcss\lib\result.js
<s> [webpack.Progress] 69% building 515/518 modules 3 active D:\Java_project\HYPBlog\blog-view\node_modules\sanitize-html\node_modules\postcss\lib\result.js
<s> [webpack.Progress] 69% building 515/519 modules 4 active D:\Java_project\HYPBlog\blog-view\node_modules\htmlparser2\lib\Parser.js
<s> [webpack.Progress] 69% building 515/520 modules 5 active D:\Java_project\HYPBlog\blog-view\node_modules\htmlparser2\lib\Tokenizer.js
<s> [webpack.Progress] 69% building 515/521 modules 6 active D:\Java_project\HYPBlog\blog-view\node_modules\htmlparser2\lib\FeedHandler.js
<s> [webpack.Progress] 69% building 516/521 modules 5 active D:\Java_project\HYPBlog\blog-view\node_modules\htmlparser2\lib\FeedHandler.js
<s> [webpack.Progress] 69% building 517/521 modules 4 active D:\Java_project\HYPBlog\blog-view\node_modules\htmlparser2\lib\FeedHandler.js
<s> [webpack.Progress] 69% building 517/522 modules 5 active D:\Java_project\HYPBlog\blog-view\node_modules\sanitize-html\node_modules\postcss\lib\at-rule.js
<s> [webpack.Progress] 69% building 517/523 modules 6 active D:\Java_project\HYPBlog\blog-view\node_modules\sanitize-html\node_modules\postcss\lib\comment.js
<s> [webpack.Progress] 69% building 517/524 modules 7 active D:\Java_project\HYPBlog\blog-view\node_modules\sanitize-html\node_modules\postcss\lib\css-syntax-error.js
<s> [webpack.Progress] 69% building 517/525 modules 8 active D:\Java_project\HYPBlog\blog-view\node_modules\sanitize-html\node_modules\postcss\lib\container.js
<s> [webpack.Progress] 68% building 517/526 modules 9 active D:\Java_project\HYPBlog\blog-view\node_modules\sanitize-html\node_modules\postcss\lib\document.js
<s> [webpack.Progress] 68% building 517/527 modules 10 active D:\Java_project\HYPBlog\blog-view\node_modules\sanitize-html\node_modules\postcss\lib\fromJSON.js
<s> [webpack.Progress] 68% building 517/528 modules 11 active D:\Java_project\HYPBlog\blog-view\node_modules\sanitize-html\node_modules\postcss\lib\input.js
<s> [webpack.Progress] 68% building 517/529 modules 12 active D:\Java_project\HYPBlog\blog-view\node_modules\sanitize-html\node_modules\postcss\lib\declaration.js
<s> [webpack.Progress] 68% building 517/530 modules 13 active D:\Java_project\HYPBlog\blog-view\node_modules\sanitize-html\node_modules\postcss\lib\lazy-result.js
<s> [webpack.Progress] 68% building 517/531 modules 14 active D:\Java_project\HYPBlog\blog-view\node_modules\sanitize-html\node_modules\postcss\lib\list.js
<s> [webpack.Progress] 68% building 517/532 modules 15 active D:\Java_project\HYPBlog\blog-view\node_modules\sanitize-html\node_modules\postcss\lib\node.js
<s> [webpack.Progress] 68% building 517/533 modules 16 active D:\Java_project\HYPBlog\blog-view\node_modules\sanitize-html\node_modules\postcss\lib\parse.js
<s> [webpack.Progress] 68% building 517/534 modules 17 active D:\Java_project\HYPBlog\blog-view\node_modules\sanitize-html\node_modules\postcss\lib\processor.js
<s> [webpack.Progress] 67% building 517/535 modules 18 active D:\Java_project\HYPBlog\blog-view\node_modules\sanitize-html\node_modules\postcss\lib\root.js
<s> [webpack.Progress] 67% building 517/536 modules 19 active D:\Java_project\HYPBlog\blog-view\node_modules\sanitize-html\node_modules\postcss\lib\rule.js
<s> [webpack.Progress] 67% building 517/537 modules 20 active D:\Java_project\HYPBlog\blog-view\node_modules\sanitize-html\node_modules\postcss\lib\stringify.js
<s> [webpack.Progress] 67% building 517/538 modules 21 active D:\Java_project\HYPBlog\blog-view\node_modules\sanitize-html\node_modules\postcss\lib\warning.js
<s> [webpack.Progress] 67% building 518/538 modules 20 active D:\Java_project\HYPBlog\blog-view\node_modules\sanitize-html\node_modules\postcss\lib\warning.js
<s> [webpack.Progress] 67% building 518/539 modules 21 active D:\Java_project\HYPBlog\blog-view\node_modules\es-errors\type.js
<s> [webpack.Progress] 67% building 519/539 modules 20 active D:\Java_project\HYPBlog\blog-view\node_modules\es-errors\type.js
<s> [webpack.Progress] 67% building 519/540 modules 21 active D:\Java_project\HYPBlog\blog-view\node_modules\cache-loader\dist\cjs.js??ref--0-0!D:\Java_project\HYPBlog\blog-view\node_modules\vue-loader\lib\index.js??vue-loader-options!D:\Java_project\HYPBlog\blog-view\src\components\comment\CommentForm.vue
<s> [webpack.Progress] 67% building 520/540 modules 20 active D:\Java_project\HYPBlog\blog-view\node_modules\cache-loader\dist\cjs.js??ref--0-0!D:\Java_project\HYPBlog\blog-view\node_modules\vue-loader\lib\index.js??vue-loader-options!D:\Java_project\HYPBlog\blog-view\src\components\comment\CommentForm.vue
<s> [webpack.Progress] 67% building 521/540 modules 19 active D:\Java_project\HYPBlog\blog-view\node_modules\cache-loader\dist\cjs.js??ref--0-0!D:\Java_project\HYPBlog\blog-view\node_modules\vue-loader\lib\index.js??vue-loader-options!D:\Java_project\HYPBlog\blog-view\src\components\comment\CommentForm.vue
<s> [webpack.Progress] 67% building 521/541 modules 20 active D:\Java_project\HYPBlog\blog-view\node_modules\async-validator\es\rule\whitespace.js
<s> [webpack.Progress] 67% building 521/542 modules 21 active D:\Java_project\HYPBlog\blog-view\node_modules\async-validator\es\rule\type.js
<s> [webpack.Progress] 67% building 521/543 modules 22 active D:\Java_project\HYPBlog\blog-view\node_modules\async-validator\es\rule\range.js
<s> [webpack.Progress] 67% building 521/544 modules 23 active D:\Java_project\HYPBlog\blog-view\node_modules\async-validator\es\rule\required.js
<s> [webpack.Progress] 67% building 521/545 modules 24 active D:\Java_project\HYPBlog\blog-view\node_modules\async-validator\es\rule\enum.js
<s> [webpack.Progress] 67% building 521/546 modules 25 active D:\Java_project\HYPBlog\blog-view\node_modules\async-validator\es\rule\pattern.js
<s> [webpack.Progress] 67% building 522/546 modules 24 active D:\Java_project\HYPBlog\blog-view\node_modules\async-validator\es\rule\pattern.js
<s> [webpack.Progress] 67% building 523/546 modules 23 active D:\Java_project\HYPBlog\blog-view\node_modules\async-validator\es\rule\pattern.js
<s> [webpack.Progress] 67% building 524/546 modules 22 active D:\Java_project\HYPBlog\blog-view\node_modules\async-validator\es\rule\pattern.js
<s> [webpack.Progress] 67% building 525/546 modules 21 active D:\Java_project\HYPBlog\blog-view\node_modules\async-validator\es\rule\pattern.js
<s> [webpack.Progress] 67% building 526/546 modules 20 active D:\Java_project\HYPBlog\blog-view\node_modules\async-validator\es\rule\pattern.js
<s> [webpack.Progress] 67% building 527/546 modules 19 active D:\Java_project\HYPBlog\blog-view\node_modules\async-validator\es\rule\pattern.js
<s> [webpack.Progress] 68% building 528/546 modules 18 active D:\Java_project\HYPBlog\blog-view\node_modules\async-validator\es\rule\pattern.js
<s> [webpack.Progress] 67% building 528/547 modules 19 active ignored D:\Java_project\HYPBlog\blog-view\node_modules\sanitize-html\node_modules\postcss\lib ./terminal-highlight
<s> [webpack.Progress] 68% building 529/547 modules 18 active D:\Java_project\HYPBlog\blog-view\node_modules\async-validator\es\rule\pattern.js
<s> [webpack.Progress] 68% building 530/547 modules 17 active D:\Java_project\HYPBlog\blog-view\node_modules\async-validator\es\rule\pattern.js
<s> [webpack.Progress] 68% building 530/548 modules 18 active ignored D:\Java_project\HYPBlog\blog-view\node_modules\sanitize-html\node_modules\postcss\lib path
<s> [webpack.Progress] 68% building 531/548 modules 17 active D:\Java_project\HYPBlog\blog-view\node_modules\async-validator\es\rule\pattern.js
<s> [webpack.Progress] 68% building 531/549 modules 18 active ignored D:\Java_project\HYPBlog\blog-view\node_modules\sanitize-html\node_modules\postcss\lib source-map-js
<s> [webpack.Progress] 68% building 532/549 modules 17 active D:\Java_project\HYPBlog\blog-view\node_modules\async-validator\es\rule\pattern.js
<s> [webpack.Progress] 68% building 532/550 modules 18 active ignored D:\Java_project\HYPBlog\blog-view\node_modules\sanitize-html\node_modules\postcss\lib url
<s> [webpack.Progress] 68% building 533/550 modules 17 active D:\Java_project\HYPBlog\blog-view\node_modules\async-validator\es\rule\pattern.js
<s> [webpack.Progress] 68% building 534/550 modules 16 active D:\Java_project\HYPBlog\blog-view\node_modules\async-validator\es\rule\pattern.js
<s> [webpack.Progress] 68% building 535/550 modules 15 active D:\Java_project\HYPBlog\blog-view\node_modules\async-validator\es\rule\pattern.js
<s> [webpack.Progress] 68% building 536/550 modules 14 active D:\Java_project\HYPBlog\blog-view\node_modules\async-validator\es\rule\pattern.js
<s> [webpack.Progress] 68% building 537/550 modules 13 active D:\Java_project\HYPBlog\blog-view\node_modules\async-validator\es\rule\pattern.js
<s> [webpack.Progress] 68% building 538/550 modules 12 active D:\Java_project\HYPBlog\blog-view\node_modules\async-validator\es\rule\pattern.js
<s> [webpack.Progress] 68% building 539/550 modules 11 active D:\Java_project\HYPBlog\blog-view\node_modules\async-validator\es\rule\pattern.js
<s> [webpack.Progress] 68% building 540/550 modules 10 active D:\Java_project\HYPBlog\blog-view\node_modules\async-validator\es\rule\pattern.js
<s> [webpack.Progress] 69% building 541/550 modules 9 active D:\Java_project\HYPBlog\blog-view\node_modules\async-validator\es\rule\pattern.js
<s> [webpack.Progress] 69% building 542/550 modules 8 active D:\Java_project\HYPBlog\blog-view\node_modules\async-validator\es\rule\pattern.js
<s> [webpack.Progress] 69% building 543/550 modules 7 active D:\Java_project\HYPBlog\blog-view\node_modules\async-validator\es\rule\pattern.js
<s> [webpack.Progress] 69% building 544/550 modules 6 active D:\Java_project\HYPBlog\blog-view\node_modules\async-validator\es\rule\pattern.js
<s> [webpack.Progress] 69% building 544/551 modules 7 active D:\Java_project\HYPBlog\blog-view\node_modules\vue-loader\lib\loaders\pitcher.js??ref--4!D:\Java_project\HYPBlog\blog-view\node_modules\cache-loader\dist\cjs.js??ref--0-0!D:\Java_project\HYPBlog\blog-view\node_modules\vue-loader\lib\index.js??vue-loader-options!D:\Java_project\HYPBlog\blog-view\src\components\comment\CommentForm.vue?vue&type=template&id=2d45d093
<s> [webpack.Progress] 69% building 545/551 modules 6 active D:\Java_project\HYPBlog\blog-view\node_modules\async-validator\es\rule\pattern.js
<s> [webpack.Progress] 69% building 545/552 modules 7 active D:\Java_project\HYPBlog\blog-view\node_modules\vue-loader\lib\loaders\pitcher.js??ref--4!D:\Java_project\HYPBlog\blog-view\node_modules\cache-loader\dist\cjs.js??ref--12-0!D:\Java_project\HYPBlog\blog-view\node_modules\babel-loader\lib\index.js!D:\Java_project\HYPBlog\blog-view\node_modules\cache-loader\dist\cjs.js??ref--0-0!D:\Java_project\HYPBlog\blog-view\node_modules\vue-loader\lib\index.js??vue-loader-options!D:\Java_project\HYPBlog\blog-view\src\components\comment\CommentForm.vue?vue&type=script&lang=js
<s> [webpack.Progress] 69% building 546/552 modules 6 active D:\Java_project\HYPBlog\blog-view\node_modules\async-validator\es\rule\pattern.js
<s> [webpack.Progress] 69% building 546/553 modules 7 active D:\Java_project\HYPBlog\blog-view\node_modules\vue-loader\lib\loaders\pitcher.js??ref--4!D:\Java_project\HYPBlog\blog-view\node_modules\vue-style-loader\index.js??ref--6-oneOf-1-0!D:\Java_project\HYPBlog\blog-view\node_modules\css-loader\dist\cjs.js??ref--6-oneOf-1-1!D:\Java_project\HYPBlog\blog-view\node_modules\postcss-loader\src\index.js??ref--6-oneOf-1-2!D:\Java_project\HYPBlog\blog-view\node_modules\cache-loader\dist\cjs.js??ref--0-0!D:\Java_project\HYPBlog\blog-view\node_modules\vue-loader\lib\index.js??vue-loader-options!D:\Java_project\HYPBlog\blog-view\src\components\comment\CommentForm.vue?vue&type=style&index=0&id=2d45d093&lang=css
<s> [webpack.Progress] 69% building 547/553 modules 6 active D:\Java_project\HYPBlog\blog-view\node_modules\async-validator\es\rule\pattern.js
<s> [webpack.Progress] 69% building 547/554 modules 7 active D:\Java_project\HYPBlog\blog-view\node_modules\cache-loader\dist\cjs.js??ref--12-0!D:\Java_project\HYPBlog\blog-view\node_modules\babel-loader\lib\index.js!D:\Java_project\HYPBlog\blog-view\node_modules\cache-loader\dist\cjs.js??ref--0-0!D:\Java_project\HYPBlog\blog-view\node_modules\vue-loader\lib\index.js??vue-loader-options!D:\Java_project\HYPBlog\blog-view\src\components\comment\CommentForm.vue?vue&type=script&lang=js
<s> [webpack.Progress] 69% building 547/555 modules 8 active D:\Java_project\HYPBlog\blog-view\node_modules\cache-loader\dist\cjs.js?{"cacheDirectory":"node_modules/.cache/vue-loader","cacheIdentifier":"62f10814-vue-loader-template"}!D:\Java_project\HYPBlog\blog-view\node_modules\vue-loader\lib\loaders\templateLoader.js??vue-loader-options!D:\Java_project\HYPBlog\blog-view\node_modules\cache-loader\dist\cjs.js??ref--0-0!D:\Java_project\HYPBlog\blog-view\node_modules\vue-loader\lib\index.js??vue-loader-options!D:\Java_project\HYPBlog\blog-view\src\components\comment\CommentForm.vue?vue&type=template&id=2d45d093
<s> [webpack.Progress] 69% building 547/556 modules 9 active D:\Java_project\HYPBlog\blog-view\node_modules\vue-style-loader\index.js??ref--6-oneOf-1-0!D:\Java_project\HYPBlog\blog-view\node_modules\css-loader\dist\cjs.js??ref--6-oneOf-1-1!D:\Java_project\HYPBlog\blog-view\node_modules\vue-loader\lib\loaders\stylePostLoader.js!D:\Java_project\HYPBlog\blog-view\node_modules\postcss-loader\src\index.js??ref--6-oneOf-1-2!D:\Java_project\HYPBlog\blog-view\node_modules\cache-loader\dist\cjs.js??ref--0-0!D:\Java_project\HYPBlog\blog-view\node_modules\vue-loader\lib\index.js??vue-loader-options!D:\Java_project\HYPBlog\blog-view\src\components\comment\CommentForm.vue?vue&type=style&index=0&id=2d45d093&lang=css
<s> [webpack.Progress] 69% building 548/556 modules 8 active D:\Java_project\HYPBlog\blog-view\node_modules\cache-loader\dist\cjs.js?{"cacheDirectory":"node_modules/.cache/vue-loader","cacheIdentifier":"62f10814-vue-loader-template"}!D:\Java_project\HYPBlog\blog-view\node_modules\vue-loader\lib\loaders\templateLoader.js??vue-loader-options!D:\Java_project\HYPBlog\blog-view\node_modules\cache-loader\dist\cjs.js??ref--0-0!D:\Java_project\HYPBlog\blog-view\node_modules\vue-loader\lib\index.js??vue-loader-options!D:\Java_project\HYPBlog\blog-view\src\components\comment\CommentForm.vue?vue&type=template&id=2d45d093
<s> [webpack.Progress] 69% building 548/557 modules 9 active D:\Java_project\HYPBlog\blog-view\node_modules\css-loader\dist\cjs.js??ref--6-oneOf-1-1!D:\Java_project\HYPBlog\blog-view\node_modules\vue-loader\lib\loaders\stylePostLoader.js!D:\Java_project\HYPBlog\blog-view\node_modules\postcss-loader\src\index.js??ref--6-oneOf-1-2!D:\Java_project\HYPBlog\blog-view\node_modules\cache-loader\dist\cjs.js??ref--0-0!D:\Java_project\HYPBlog\blog-view\node_modules\vue-loader\lib\index.js??vue-loader-options!D:\Java_project\HYPBlog\blog-view\src\components\comment\CommentForm.vue?vue&type=style&index=0&id=2d45d093&lang=css
<s> [webpack.Progress] 69% building 549/557 modules 8 active D:\Java_project\HYPBlog\blog-view\node_modules\css-loader\dist\cjs.js??ref--6-oneOf-1-1!D:\Java_project\HYPBlog\blog-view\node_modules\vue-loader\lib\loaders\stylePostLoader.js!D:\Java_project\HYPBlog\blog-view\node_modules\postcss-loader\src\index.js??ref--6-oneOf-1-2!D:\Java_project\HYPBlog\blog-view\node_modules\cache-loader\dist\cjs.js??ref--0-0!D:\Java_project\HYPBlog\blog-view\node_modules\vue-loader\lib\index.js??vue-loader-options!D:\Java_project\HYPBlog\blog-view\src\components\comment\CommentForm.vue?vue&type=style&index=0&id=2d45d093&lang=css
<s> [webpack.Progress] 69% building 550/557 modules 7 active D:\Java_project\HYPBlog\blog-view\node_modules\css-loader\dist\cjs.js??ref--6-oneOf-1-1!D:\Java_project\HYPBlog\blog-view\node_modules\vue-loader\lib\loaders\stylePostLoader.js!D:\Java_project\HYPBlog\blog-view\node_modules\postcss-loader\src\index.js??ref--6-oneOf-1-2!D:\Java_project\HYPBlog\blog-view\node_modules\cache-loader\dist\cjs.js??ref--0-0!D:\Java_project\HYPBlog\blog-view\node_modules\vue-loader\lib\index.js??vue-loader-options!D:\Java_project\HYPBlog\blog-view\src\components\comment\CommentForm.vue?vue&type=style&index=0&id=2d45d093&lang=css
<s> [webpack.Progress] 69% building 551/557 modules 6 active D:\Java_project\HYPBlog\blog-view\node_modules\css-loader\dist\cjs.js??ref--6-oneOf-1-1!D:\Java_project\HYPBlog\blog-view\node_modules\vue-loader\lib\loaders\stylePostLoader.js!D:\Java_project\HYPBlog\blog-view\node_modules\postcss-loader\src\index.js??ref--6-oneOf-1-2!D:\Java_project\HYPBlog\blog-view\node_modules\cache-loader\dist\cjs.js??ref--0-0!D:\Java_project\HYPBlog\blog-view\node_modules\vue-loader\lib\index.js??vue-loader-options!D:\Java_project\HYPBlog\blog-view\src\components\comment\CommentForm.vue?vue&type=style&index=0&id=2d45d093&lang=css
<s> [webpack.Progress] 69% building 552/557 modules 5 active D:\Java_project\HYPBlog\blog-view\node_modules\css-loader\dist\cjs.js??ref--6-oneOf-1-1!D:\Java_project\HYPBlog\blog-view\node_modules\vue-loader\lib\loaders\stylePostLoader.js!D:\Java_project\HYPBlog\blog-view\node_modules\postcss-loader\src\index.js??ref--6-oneOf-1-2!D:\Java_project\HYPBlog\blog-view\node_modules\cache-loader\dist\cjs.js??ref--0-0!D:\Java_project\HYPBlog\blog-view\node_modules\vue-loader\lib\index.js??vue-loader-options!D:\Java_project\HYPBlog\blog-view\src\components\comment\CommentForm.vue?vue&type=style&index=0&id=2d45d093&lang=css
<s> [webpack.Progress] 69% building 553/557 modules 4 active D:\Java_project\HYPBlog\blog-view\node_modules\css-loader\dist\cjs.js??ref--6-oneOf-1-1!D:\Java_project\HYPBlog\blog-view\node_modules\vue-loader\lib\loaders\stylePostLoader.js!D:\Java_project\HYPBlog\blog-view\node_modules\postcss-loader\src\index.js??ref--6-oneOf-1-2!D:\Java_project\HYPBlog\blog-view\node_modules\cache-loader\dist\cjs.js??ref--0-0!D:\Java_project\HYPBlog\blog-view\node_modules\vue-loader\lib\index.js??vue-loader-options!D:\Java_project\HYPBlog\blog-view\src\components\comment\CommentForm.vue?vue&type=style&index=0&id=2d45d093&lang=css
<s> [webpack.Progress] 69% building 554/557 modules 3 active D:\Java_project\HYPBlog\blog-view\node_modules\css-loader\dist\cjs.js??ref--6-oneOf-1-1!D:\Java_project\HYPBlog\blog-view\node_modules\vue-loader\lib\loaders\stylePostLoader.js!D:\Java_project\HYPBlog\blog-view\node_modules\postcss-loader\src\index.js??ref--6-oneOf-1-2!D:\Java_project\HYPBlog\blog-view\node_modules\cache-loader\dist\cjs.js??ref--0-0!D:\Java_project\HYPBlog\blog-view\node_modules\vue-loader\lib\index.js??vue-loader-options!D:\Java_project\HYPBlog\blog-view\src\components\comment\CommentForm.vue?vue&type=style&index=0&id=2d45d093&lang=css
<s> [webpack.Progress] 69% building 554/558 modules 4 active D:\Java_project\HYPBlog\blog-view\node_modules\axios\lib\axios.js
<s> [webpack.Progress] 69% building 554/559 modules 5 active D:\Java_project\HYPBlog\blog-view\node_modules\babel-runtime\node_modules\core-js\library\fn\object\assign.js
<s> [webpack.Progress] 69% building 554/560 modules 6 active D:\Java_project\HYPBlog\blog-view\node_modules\babel-runtime\node_modules\core-js\library\fn\symbol\iterator.js
<s> [webpack.Progress] 69% building 554/561 modules 7 active D:\Java_project\HYPBlog\blog-view\node_modules\side-channel-list\index.js
<s> [webpack.Progress] 69% building 554/562 modules 8 active D:\Java_project\HYPBlog\blog-view\node_modules\side-channel-map\index.js
<s> [webpack.Progress] 69% building 554/563 modules 9 active D:\Java_project\HYPBlog\blog-view\node_modules\object-inspect\index.js
<s> [webpack.Progress] 68% building 554/564 modules 10 active D:\Java_project\HYPBlog\blog-view\node_modules\side-channel-weakmap\index.js
<s> [webpack.Progress] 69% building 555/564 modules 9 active D:\Java_project\HYPBlog\blog-view\node_modules\side-channel-weakmap\index.js
<s> [webpack.Progress] 69% building 556/564 modules 8 active D:\Java_project\HYPBlog\blog-view\node_modules\side-channel-weakmap\index.js
<s> [webpack.Progress] 69% building 557/564 modules 7 active D:\Java_project\HYPBlog\blog-view\node_modules\side-channel-weakmap\index.js
<s> [webpack.Progress] 69% building 557/565 modules 8 active D:\Java_project\HYPBlog\blog-view\node_modules\sanitize-html\node_modules\postcss\lib\previous-map.js
<s> [webpack.Progress] 69% building 557/566 modules 9 active D:\Java_project\HYPBlog\blog-view\node_modules\sanitize-html\node_modules\postcss\lib\symbols.js
<s> [webpack.Progress] 68% building 557/567 modules 10 active D:\Java_project\HYPBlog\blog-view\node_modules\sanitize-html\node_modules\postcss\lib\no-work-result.js
<s> [webpack.Progress] 68% building 557/568 modules 11 active D:\Java_project\HYPBlog\blog-view\node_modules\sanitize-html\node_modules\postcss\lib\map-generator.js
<s> [webpack.Progress] 68% building 557/569 modules 12 active D:\Java_project\HYPBlog\blog-view\node_modules\sanitize-html\node_modules\postcss\lib\parser.js
<s> [webpack.Progress] 68% building 557/570 modules 13 active D:\Java_project\HYPBlog\blog-view\node_modules\sanitize-html\node_modules\postcss\lib\warn-once.js
<s> [webpack.Progress] 68% building 557/571 modules 14 active D:\Java_project\HYPBlog\blog-view\node_modules\sanitize-html\node_modules\postcss\lib\stringifier.js
<s> [webpack.Progress] 68% building 558/571 modules 13 active D:\Java_project\HYPBlog\blog-view\node_modules\sanitize-html\node_modules\postcss\lib\stringifier.js
<s> [webpack.Progress] 68% building 558/572 modules 14 active D:\Java_project\HYPBlog\blog-view\node_modules\htmlparser2\node_modules\entities\lib\maps\legacy.json
<s> [webpack.Progress] 68% building 558/573 modules 15 active D:\Java_project\HYPBlog\blog-view\node_modules\htmlparser2\node_modules\entities\lib\maps\entities.json
<s> [webpack.Progress] 68% building 558/574 modules 16 active D:\Java_project\HYPBlog\blog-view\node_modules\htmlparser2\node_modules\entities\lib\maps\xml.json
<s> [webpack.Progress] 68% building 558/575 modules 17 active D:\Java_project\HYPBlog\blog-view\node_modules\htmlparser2\node_modules\entities\lib\decode_codepoint.js
<s> [webpack.Progress] 68% building 559/575 modules 16 active D:\Java_project\HYPBlog\blog-view\node_modules\htmlparser2\node_modules\entities\lib\decode_codepoint.js
<s> [webpack.Progress] 68% building 560/575 modules 15 active D:\Java_project\HYPBlog\blog-view\node_modules\htmlparser2\node_modules\entities\lib\decode_codepoint.js
<s> [webpack.Progress] 68% building 561/575 modules 14 active D:\Java_project\HYPBlog\blog-view\node_modules\htmlparser2\node_modules\entities\lib\decode_codepoint.js
<s> [webpack.Progress] 68% building 561/576 modules 15 active D:\Java_project\HYPBlog\blog-view\node_modules\domhandler\lib\index.js
<s> [webpack.Progress] 68% building 562/576 modules 14 active D:\Java_project\HYPBlog\blog-view\node_modules\domhandler\lib\index.js
<s> [webpack.Progress] 68% building 563/576 modules 13 active D:\Java_project\HYPBlog\blog-view\node_modules\domhandler\lib\index.js
<s> [webpack.Progress] 68% building 564/576 modules 12 active D:\Java_project\HYPBlog\blog-view\node_modules\domhandler\lib\index.js
<s> [webpack.Progress] 68% building 564/577 modules 13 active D:\Java_project\HYPBlog\blog-view\node_modules\domutils\lib\index.js
<s> [webpack.Progress] 68% building 565/577 modules 12 active D:\Java_project\HYPBlog\blog-view\node_modules\domutils\lib\index.js
<s> [webpack.Progress] 68% building 566/577 modules 11 active D:\Java_project\HYPBlog\blog-view\node_modules\domutils\lib\index.js
<s> [webpack.Progress] 68% building 567/577 modules 10 active D:\Java_project\HYPBlog\blog-view\node_modules\domutils\lib\index.js
<s> [webpack.Progress] 68% building 567/578 modules 11 active ignored D:\Java_project\HYPBlog\blog-view\node_modules\sanitize-html\node_modules\postcss\lib fs
<s> [webpack.Progress] 68% building 568/578 modules 10 active D:\Java_project\HYPBlog\blog-view\node_modules\domutils\lib\index.js
<s> [webpack.Progress] 69% building 569/578 modules 9 active D:\Java_project\HYPBlog\blog-view\node_modules\domutils\lib\index.js
<s> [webpack.Progress] 69% building 570/578 modules 8 active D:\Java_project\HYPBlog\blog-view\node_modules\domutils\lib\index.js
<s> [webpack.Progress] 69% building 571/578 modules 7 active D:\Java_project\HYPBlog\blog-view\node_modules\domutils\lib\index.js
<s> [webpack.Progress] 69% building 572/578 modules 6 active D:\Java_project\HYPBlog\blog-view\node_modules\domutils\lib\index.js
<s> [webpack.Progress] 69% building 573/578 modules 5 active D:\Java_project\HYPBlog\blog-view\node_modules\domutils\lib\index.js
<s> [webpack.Progress] 69% building 574/578 modules 4 active D:\Java_project\HYPBlog\blog-view\node_modules\domutils\lib\index.js
<s> [webpack.Progress] 69% building 575/578 modules 3 active D:\Java_project\HYPBlog\blog-view\node_modules\domutils\lib\index.js
<s> [webpack.Progress] 69% building 576/578 modules 2 active D:\Java_project\HYPBlog\blog-view\node_modules\domutils\lib\index.js
<s> [webpack.Progress] 69% building 577/578 modules 1 active D:\Java_project\HYPBlog\blog-view\node_modules\domutils\lib\index.js
<s> [webpack.Progress] 70% building 578/578 modules 0 active 
<s> [webpack.Progress] 69% building 578/579 modules 1 active D:\Java_project\HYPBlog\blog-view\node_modules\domelementtype\lib\esm\index.js
<s> [webpack.Progress] 69% building 578/580 modules 2 active D:\Java_project\HYPBlog\blog-view\node_modules\babel-runtime\node_modules\core-js\library\fn\symbol\index.js
<s> [webpack.Progress] 69% building 578/581 modules 3 active ignored D:\Java_project\HYPBlog\blog-view\node_modules\object-inspect ./util.inspect
<s> [webpack.Progress] 69% building 579/581 modules 2 active D:\Java_project\HYPBlog\blog-view\node_modules\babel-runtime\node_modules\core-js\library\fn\symbol\index.js
<s> [webpack.Progress] 69% building 579/582 modules 3 active D:\Java_project\HYPBlog\blog-view\node_modules\axios\lib\utils.js
<s> [webpack.Progress] 69% building 579/583 modules 4 active D:\Java_project\HYPBlog\blog-view\node_modules\axios\lib\defaults.js
<s> [webpack.Progress] 69% building 579/584 modules 5 active D:\Java_project\HYPBlog\blog-view\node_modules\cache-loader\dist\cjs.js??ref--12-0!D:\Java_project\HYPBlog\blog-view\node_modules\babel-loader\lib\index.js!D:\Java_project\HYPBlog\blog-view\src\common\reg.js
<s> [webpack.Progress] 69% building 579/585 modules 6 active D:\Java_project\HYPBlog\blog-view\node_modules\htmlparser2\node_modules\entities\lib\maps\decode.json
<s> [webpack.Progress] 69% building 579/586 modules 7 active D:\Java_project\HYPBlog\blog-view\node_modules\axios\lib\helpers\isAxiosError.js
<s> [webpack.Progress] 69% building 579/587 modules 8 active D:\Java_project\HYPBlog\blog-view\node_modules\axios\lib\helpers\bind.js
<s> [webpack.Progress] 69% building 579/588 modules 9 active D:\Java_project\HYPBlog\blog-view\node_modules\axios\lib\helpers\spread.js
<s> [webpack.Progress] 68% building 579/589 modules 10 active D:\Java_project\HYPBlog\blog-view\node_modules\axios\lib\core\Axios.js
<s> [webpack.Progress] 68% building 579/590 modules 11 active D:\Java_project\HYPBlog\blog-view\node_modules\axios\lib\core\mergeConfig.js
<s> [webpack.Progress] 68% building 579/591 modules 12 active D:\Java_project\HYPBlog\blog-view\node_modules\axios\lib\cancel\CancelToken.js
<s> [webpack.Progress] 68% building 579/592 modules 13 active D:\Java_project\HYPBlog\blog-view\node_modules\axios\lib\cancel\Cancel.js
<s> [webpack.Progress] 68% building 579/593 modules 14 active D:\Java_project\HYPBlog\blog-view\node_modules\axios\lib\cancel\isCancel.js
<s> [webpack.Progress] 68% building 579/594 modules 15 active D:\Java_project\HYPBlog\blog-view\node_modules\axios\lib\env\data.js
<s> [webpack.Progress] 68% building 579/595 modules 16 active D:\Java_project\HYPBlog\blog-view\node_modules\babel-runtime\node_modules\core-js\library\modules\es6.object.assign.js
<s> [webpack.Progress] 68% building 579/596 modules 17 active D:\Java_project\HYPBlog\blog-view\node_modules\babel-runtime\node_modules\core-js\library\modules\_core.js
<s> [webpack.Progress] 68% building 579/597 modules 18 active D:\Java_project\HYPBlog\blog-view\node_modules\babel-runtime\node_modules\core-js\library\modules\web.dom.iterable.js
<s> [webpack.Progress] 68% building 579/598 modules 19 active D:\Java_project\HYPBlog\blog-view\node_modules\babel-runtime\node_modules\core-js\library\modules\es6.string.iterator.js
<s> [webpack.Progress] 67% building 579/599 modules 20 active D:\Java_project\HYPBlog\blog-view\node_modules\babel-runtime\node_modules\core-js\library\modules\_wks-ext.js
<s> [webpack.Progress] 67% building 579/600 modules 21 active D:\Java_project\HYPBlog\blog-view\node_modules\sanitize-html\node_modules\postcss\lib\tokenize.js
<s> [webpack.Progress] 68% building 580/600 modules 20 active D:\Java_project\HYPBlog\blog-view\node_modules\sanitize-html\node_modules\postcss\lib\tokenize.js
<s> [webpack.Progress] 67% building 580/601 modules 21 active D:\Java_project\HYPBlog\blog-view\node_modules\buffer\index.js
<s> [webpack.Progress] 68% building 581/601 modules 20 active D:\Java_project\HYPBlog\blog-view\node_modules\buffer\index.js
<s> [webpack.Progress] 68% building 582/601 modules 19 active D:\Java_project\HYPBlog\blog-view\node_modules\buffer\index.js
<s> [webpack.Progress] 68% building 583/601 modules 18 active D:\Java_project\HYPBlog\blog-view\node_modules\buffer\index.js
<s> [webpack.Progress] 68% building 584/601 modules 17 active D:\Java_project\HYPBlog\blog-view\node_modules\buffer\index.js
<s> [webpack.Progress] 68% building 585/601 modules 16 active D:\Java_project\HYPBlog\blog-view\node_modules\buffer\index.js
<s> [webpack.Progress] 68% building 585/602 modules 17 active D:\Java_project\HYPBlog\blog-view\node_modules\domhandler\lib\node.js
<s> [webpack.Progress] 68% building 585/603 modules 18 active D:\Java_project\HYPBlog\blog-view\node_modules\domutils\lib\traversal.js
<s> [webpack.Progress] 68% building 585/604 modules 19 active D:\Java_project\HYPBlog\blog-view\node_modules\domutils\lib\querying.js
<s> [webpack.Progress] 68% building 585/605 modules 20 active D:\Java_project\HYPBlog\blog-view\node_modules\domutils\lib\manipulation.js
<s> [webpack.Progress] 67% building 585/606 modules 21 active D:\Java_project\HYPBlog\blog-view\node_modules\domutils\lib\stringify.js
<s> [webpack.Progress] 67% building 585/607 modules 22 active D:\Java_project\HYPBlog\blog-view\node_modules\domutils\lib\feeds.js
<s> [webpack.Progress] 67% building 585/608 modules 23 active D:\Java_project\HYPBlog\blog-view\node_modules\domutils\lib\helpers.js
<s> [webpack.Progress] 67% building 586/608 modules 22 active D:\Java_project\HYPBlog\blog-view\node_modules\domutils\lib\helpers.js
<s> [webpack.Progress] 67% building 587/608 modules 21 active D:\Java_project\HYPBlog\blog-view\node_modules\domutils\lib\helpers.js
<s> [webpack.Progress] 68% building 588/608 modules 20 active D:\Java_project\HYPBlog\blog-view\node_modules\domutils\lib\helpers.js
<s> [webpack.Progress] 67% building 588/609 modules 21 active D:\Java_project\HYPBlog\blog-view\node_modules\domutils\lib\legacy.js
<s> [webpack.Progress] 68% building 589/609 modules 20 active D:\Java_project\HYPBlog\blog-view\node_modules\domutils\lib\legacy.js
<s> [webpack.Progress] 68% building 590/609 modules 19 active D:\Java_project\HYPBlog\blog-view\node_modules\domutils\lib\legacy.js
<s> [webpack.Progress] 68% building 591/609 modules 18 active D:\Java_project\HYPBlog\blog-view\node_modules\domutils\lib\legacy.js
<s> [webpack.Progress] 68% building 592/609 modules 17 active D:\Java_project\HYPBlog\blog-view\node_modules\domutils\lib\legacy.js
<s> [webpack.Progress] 68% building 593/609 modules 16 active D:\Java_project\HYPBlog\blog-view\node_modules\domutils\lib\legacy.js
<s> [webpack.Progress] 68% building 594/609 modules 15 active D:\Java_project\HYPBlog\blog-view\node_modules\domutils\lib\legacy.js
<s> [webpack.Progress] 68% building 594/610 modules 16 active D:\Java_project\HYPBlog\blog-view\node_modules\picocolors\picocolors.browser.js
<s> [webpack.Progress] 68% building 595/610 modules 15 active D:\Java_project\HYPBlog\blog-view\node_modules\picocolors\picocolors.browser.js
<s> [webpack.Progress] 68% building 596/610 modules 14 active D:\Java_project\HYPBlog\blog-view\node_modules\picocolors\picocolors.browser.js
<s> [webpack.Progress] 68% building 597/610 modules 13 active D:\Java_project\HYPBlog\blog-view\node_modules\picocolors\picocolors.browser.js
<s> [webpack.Progress] 68% building 598/610 modules 12 active D:\Java_project\HYPBlog\blog-view\node_modules\picocolors\picocolors.browser.js
<s> [webpack.Progress] 68% building 599/610 modules 11 active D:\Java_project\HYPBlog\blog-view\node_modules\picocolors\picocolors.browser.js
<s> [webpack.Progress] 68% building 599/611 modules 12 active D:\Java_project\HYPBlog\blog-view\node_modules\nanoid\non-secure\index.js
<s> [webpack.Progress] 68% building 600/611 modules 11 active D:\Java_project\HYPBlog\blog-view\node_modules\nanoid\non-secure\index.js
<s> [webpack.Progress] 69% building 601/611 modules 10 active D:\Java_project\HYPBlog\blog-view\node_modules\nanoid\non-secure\index.js
<s> [webpack.Progress] 69% building 602/611 modules 9 active D:\Java_project\HYPBlog\blog-view\node_modules\nanoid\non-secure\index.js
<s> [webpack.Progress] 69% building 603/611 modules 8 active D:\Java_project\HYPBlog\blog-view\node_modules\nanoid\non-secure\index.js
<s> [webpack.Progress] 69% building 604/611 modules 7 active D:\Java_project\HYPBlog\blog-view\node_modules\nanoid\non-secure\index.js
<s> [webpack.Progress] 69% building 605/611 modules 6 active D:\Java_project\HYPBlog\blog-view\node_modules\nanoid\non-secure\index.js
<s> [webpack.Progress] 69% building 606/611 modules 5 active D:\Java_project\HYPBlog\blog-view\node_modules\nanoid\non-secure\index.js
<s> [webpack.Progress] 69% building 607/611 modules 4 active D:\Java_project\HYPBlog\blog-view\node_modules\nanoid\non-secure\index.js
<s> [webpack.Progress] 69% building 608/611 modules 3 active D:\Java_project\HYPBlog\blog-view\node_modules\nanoid\non-secure\index.js
<s> [webpack.Progress] 69% building 609/611 modules 2 active D:\Java_project\HYPBlog\blog-view\node_modules\nanoid\non-secure\index.js
<s> [webpack.Progress] 69% building 609/612 modules 3 active D:\Java_project\HYPBlog\blog-view\node_modules\babel-runtime\node_modules\core-js\library\modules\es6.object.to-string.js
<s> [webpack.Progress] 69% building 609/613 modules 4 active D:\Java_project\HYPBlog\blog-view\node_modules\babel-runtime\node_modules\core-js\library\modules\es7.symbol.async-iterator.js
<s> [webpack.Progress] 69% building 609/614 modules 5 active D:\Java_project\HYPBlog\blog-view\node_modules\babel-runtime\node_modules\core-js\library\modules\es7.symbol.observable.js
<s> [webpack.Progress] 69% building 609/615 modules 6 active D:\Java_project\HYPBlog\blog-view\node_modules\babel-runtime\node_modules\core-js\library\modules\es6.symbol.js
<s> [webpack.Progress] 69% building 610/615 modules 5 active D:\Java_project\HYPBlog\blog-view\node_modules\babel-runtime\node_modules\core-js\library\modules\es6.symbol.js
<s> [webpack.Progress] 69% building 610/616 modules 6 active D:\Java_project\HYPBlog\blog-view\node_modules\axios\lib\helpers\normalizeHeaderName.js
<s> [webpack.Progress] 69% building 610/617 modules 7 active D:\Java_project\HYPBlog\blog-view\node_modules\axios\lib\core\enhanceError.js
<s> [webpack.Progress] 69% building 611/617 modules 6 active D:\Java_project\HYPBlog\blog-view\node_modules\axios\lib\core\enhanceError.js
<s> [webpack.Progress] 69% building 611/618 modules 7 active D:\Java_project\HYPBlog\blog-view\node_modules\axios\lib\helpers\buildURL.js
<s> [webpack.Progress] 69% building 611/619 modules 8 active D:\Java_project\HYPBlog\blog-view\node_modules\axios\lib\core\dispatchRequest.js
<s> [webpack.Progress] 69% building 611/620 modules 9 active D:\Java_project\HYPBlog\blog-view\node_modules\axios\lib\core\InterceptorManager.js
<s> [webpack.Progress] 69% building 611/621 modules 10 active D:\Java_project\HYPBlog\blog-view\node_modules\axios\lib\helpers\validator.js
<s> [webpack.Progress] 68% building 611/622 modules 11 active D:\Java_project\HYPBlog\blog-view\node_modules\axios\lib\adapters\xhr.js
<s> [webpack.Progress] 68% building 611/623 modules 12 active D:\Java_project\HYPBlog\blog-view\node_modules\node-libs-browser\mock\process.js
<s> [webpack.Progress] 68% building 611/624 modules 13 active D:\Java_project\HYPBlog\blog-view\node_modules\babel-runtime\node_modules\core-js\library\modules\_wks.js
<s> [webpack.Progress] 68% building 611/625 modules 14 active D:\Java_project\HYPBlog\blog-view\node_modules\babel-runtime\node_modules\core-js\library\modules\_object-assign.js
<s> [webpack.Progress] 68% building 611/626 modules 15 active D:\Java_project\HYPBlog\blog-view\node_modules\babel-runtime\node_modules\core-js\library\modules\_export.js
<s> [webpack.Progress] 68% building 611/627 modules 16 active D:\Java_project\HYPBlog\blog-view\node_modules\babel-runtime\node_modules\core-js\library\modules\_string-at.js
<s> [webpack.Progress] 68% building 612/627 modules 15 active D:\Java_project\HYPBlog\blog-view\node_modules\babel-runtime\node_modules\core-js\library\modules\_string-at.js
<s> [webpack.Progress] 68% building 612/628 modules 16 active D:\Java_project\HYPBlog\blog-view\node_modules\babel-runtime\node_modules\core-js\library\modules\_iter-define.js
<s> [webpack.Progress] 68% building 613/628 modules 15 active D:\Java_project\HYPBlog\blog-view\node_modules\babel-runtime\node_modules\core-js\library\modules\_iter-define.js
<s> [webpack.Progress] 68% building 614/628 modules 14 active D:\Java_project\HYPBlog\blog-view\node_modules\babel-runtime\node_modules\core-js\library\modules\_iter-define.js
<s> [webpack.Progress] 68% building 614/629 modules 15 active D:\Java_project\HYPBlog\blog-view\node_modules\babel-runtime\node_modules\core-js\library\modules\es6.array.iterator.js
<s> [webpack.Progress] 68% building 614/630 modules 16 active D:\Java_project\HYPBlog\blog-view\node_modules\babel-runtime\node_modules\core-js\library\modules\_global.js
<s> [webpack.Progress] 68% building 614/631 modules 17 active D:\Java_project\HYPBlog\blog-view\node_modules\babel-runtime\node_modules\core-js\library\modules\_hide.js
<s> [webpack.Progress] 68% building 615/631 modules 16 active D:\Java_project\HYPBlog\blog-view\node_modules\babel-runtime\node_modules\core-js\library\modules\_hide.js
<s> [webpack.Progress] 68% building 615/632 modules 17 active D:\Java_project\HYPBlog\blog-view\node_modules\babel-runtime\node_modules\core-js\library\modules\_iterators.js
<s> [webpack.Progress] 68% building 616/632 modules 16 active D:\Java_project\HYPBlog\blog-view\node_modules\babel-runtime\node_modules\core-js\library\modules\_iterators.js
<s> [webpack.Progress] 68% building 617/632 modules 15 active D:\Java_project\HYPBlog\blog-view\node_modules\babel-runtime\node_modules\core-js\library\modules\_iterators.js
<s> [webpack.Progress] 68% building 617/633 modules 16 active D:\Java_project\HYPBlog\blog-view\node_modules\get-intrinsic\index.js
<s> [webpack.Progress] 68% building 617/634 modules 17 active D:\Java_project\HYPBlog\blog-view\node_modules\call-bound\index.js
<s> [webpack.Progress] 68% building 618/634 modules 16 active D:\Java_project\HYPBlog\blog-view\node_modules\call-bound\index.js
<s> [webpack.Progress] 68% building 619/634 modules 15 active D:\Java_project\HYPBlog\blog-view\node_modules\call-bound\index.js
<s> [webpack.Progress] 68% building 620/634 modules 14 active D:\Java_project\HYPBlog\blog-view\node_modules\call-bound\index.js
<s> [webpack.Progress] 68% building 621/634 modules 13 active D:\Java_project\HYPBlog\blog-view\node_modules\call-bound\index.js
<s> [webpack.Progress] 68% building 622/634 modules 12 active D:\Java_project\HYPBlog\blog-view\node_modules\call-bound\index.js
<s> [webpack.Progress] 68% building 623/634 modules 11 active D:\Java_project\HYPBlog\blog-view\node_modules\call-bound\index.js
<s> [webpack.Progress] 69% building 624/634 modules 10 active D:\Java_project\HYPBlog\blog-view\node_modules\call-bound\index.js
<s> [webpack.Progress] 69% building 625/634 modules 9 active D:\Java_project\HYPBlog\blog-view\node_modules\call-bound\index.js
<s> [webpack.Progress] 69% building 626/634 modules 8 active D:\Java_project\HYPBlog\blog-view\node_modules\call-bound\index.js
<s> [webpack.Progress] 69% building 627/634 modules 7 active D:\Java_project\HYPBlog\blog-view\node_modules\call-bound\index.js
<s> [webpack.Progress] 69% building 628/634 modules 6 active D:\Java_project\HYPBlog\blog-view\node_modules\call-bound\index.js
<s> [webpack.Progress] 69% building 629/634 modules 5 active D:\Java_project\HYPBlog\blog-view\node_modules\call-bound\index.js
<s> [webpack.Progress] 69% building 630/634 modules 4 active D:\Java_project\HYPBlog\blog-view\node_modules\call-bound\index.js
<s> [webpack.Progress] 69% building 631/634 modules 3 active D:\Java_project\HYPBlog\blog-view\node_modules\call-bound\index.js
<s> [webpack.Progress] 69% building 632/634 modules 2 active D:\Java_project\HYPBlog\blog-view\node_modules\call-bound\index.js
<s> [webpack.Progress] 69% building 633/634 modules 1 active D:\Java_project\HYPBlog\blog-view\node_modules\call-bound\index.js
<s> [webpack.Progress] 70% building 634/634 modules 0 active 
<s> [webpack.Progress] 69% building 634/635 modules 1 active D:\Java_project\HYPBlog\blog-view\node_modules\babel-runtime\node_modules\core-js\library\modules\_wks-define.js
<s> [webpack.Progress] 69% building 634/636 modules 2 active D:\Java_project\HYPBlog\blog-view\node_modules\babel-runtime\node_modules\core-js\library\modules\_redefine.js
<s> [webpack.Progress] 69% building 634/637 modules 3 active D:\Java_project\HYPBlog\blog-view\node_modules\babel-runtime\node_modules\core-js\library\modules\_descriptors.js
<s> [webpack.Progress] 69% building 634/638 modules 4 active D:\Java_project\HYPBlog\blog-view\node_modules\babel-runtime\node_modules\core-js\library\modules\_has.js
<s> [webpack.Progress] 69% building 634/639 modules 5 active D:\Java_project\HYPBlog\blog-view\node_modules\babel-runtime\node_modules\core-js\library\modules\_shared.js
<s> [webpack.Progress] 69% building 634/640 modules 6 active D:\Java_project\HYPBlog\blog-view\node_modules\babel-runtime\node_modules\core-js\library\modules\_fails.js
<s> [webpack.Progress] 69% building 634/641 modules 7 active D:\Java_project\HYPBlog\blog-view\node_modules\babel-runtime\node_modules\core-js\library\modules\_set-to-string-tag.js
<s> [webpack.Progress] 69% building 634/642 modules 8 active D:\Java_project\HYPBlog\blog-view\node_modules\babel-runtime\node_modules\core-js\library\modules\_enum-keys.js
<s> [webpack.Progress] 69% building 634/643 modules 9 active D:\Java_project\HYPBlog\blog-view\node_modules\babel-runtime\node_modules\core-js\library\modules\_meta.js
<s> [webpack.Progress] 69% building 634/644 modules 10 active D:\Java_project\HYPBlog\blog-view\node_modules\babel-runtime\node_modules\core-js\library\modules\_uid.js
<s> [webpack.Progress] 68% building 634/645 modules 11 active D:\Java_project\HYPBlog\blog-view\node_modules\babel-runtime\node_modules\core-js\library\modules\_is-array.js
<s> [webpack.Progress] 68% building 634/646 modules 12 active D:\Java_project\HYPBlog\blog-view\node_modules\babel-runtime\node_modules\core-js\library\modules\_an-object.js
<s> [webpack.Progress] 68% building 634/647 modules 13 active D:\Java_project\HYPBlog\blog-view\node_modules\babel-runtime\node_modules\core-js\library\modules\_to-object.js
<s> [webpack.Progress] 68% building 634/648 modules 14 active D:\Java_project\HYPBlog\blog-view\node_modules\babel-runtime\node_modules\core-js\library\modules\_to-iobject.js
<s> [webpack.Progress] 68% building 634/649 modules 15 active D:\Java_project\HYPBlog\blog-view\node_modules\babel-runtime\node_modules\core-js\library\modules\_to-primitive.js
<s> [webpack.Progress] 68% building 634/650 modules 16 active D:\Java_project\HYPBlog\blog-view\node_modules\babel-runtime\node_modules\core-js\library\modules\_is-object.js
<s> [webpack.Progress] 68% building 634/651 modules 17 active D:\Java_project\HYPBlog\blog-view\node_modules\babel-runtime\node_modules\core-js\library\modules\_property-desc.js
<s> [webpack.Progress] 68% building 634/652 modules 18 active D:\Java_project\HYPBlog\blog-view\node_modules\babel-runtime\node_modules\core-js\library\modules\_object-gopd.js
<s> [webpack.Progress] 68% building 634/653 modules 19 active D:\Java_project\HYPBlog\blog-view\node_modules\babel-runtime\node_modules\core-js\library\modules\_object-create.js
<s> [webpack.Progress] 68% building 634/654 modules 20 active D:\Java_project\HYPBlog\blog-view\node_modules\babel-runtime\node_modules\core-js\library\modules\_object-gopn-ext.js
<s> [webpack.Progress] 68% building 634/655 modules 21 active D:\Java_project\HYPBlog\blog-view\node_modules\babel-runtime\node_modules\core-js\library\modules\_object-gops.js
<s> [webpack.Progress] 67% building 634/656 modules 22 active D:\Java_project\HYPBlog\blog-view\node_modules\babel-runtime\node_modules\core-js\library\modules\_object-dp.js
<s> [webpack.Progress] 67% building 634/657 modules 23 active D:\Java_project\HYPBlog\blog-view\node_modules\babel-runtime\node_modules\core-js\library\modules\_object-keys.js
<s> [webpack.Progress] 67% building 634/658 modules 24 active D:\Java_project\HYPBlog\blog-view\node_modules\babel-runtime\node_modules\core-js\library\modules\_object-gopn.js
<s> [webpack.Progress] 67% building 634/659 modules 25 active D:\Java_project\HYPBlog\blog-view\node_modules\babel-runtime\node_modules\core-js\library\modules\_object-pie.js
<s> [webpack.Progress] 67% building 634/660 modules 26 active D:\Java_project\HYPBlog\blog-view\node_modules\babel-runtime\node_modules\core-js\library\modules\_library.js
<s> [webpack.Progress] 67% building 634/661 modules 27 active D:\Java_project\HYPBlog\blog-view\node_modules\axios\lib\core\transformData.js
<s> [webpack.Progress] 67% building 634/662 modules 28 active D:\Java_project\HYPBlog\blog-view\node_modules\axios\lib\core\settle.js
<s> [webpack.Progress] 67% building 634/663 modules 29 active D:\Java_project\HYPBlog\blog-view\node_modules\axios\lib\core\buildFullPath.js
<s> [webpack.Progress] 67% building 634/664 modules 30 active D:\Java_project\HYPBlog\blog-view\node_modules\axios\lib\helpers\cookies.js
<s> [webpack.Progress] 67% building 634/665 modules 31 active D:\Java_project\HYPBlog\blog-view\node_modules\axios\lib\core\createError.js
<s> [webpack.Progress] 67% building 634/666 modules 32 active D:\Java_project\HYPBlog\blog-view\node_modules\axios\lib\helpers\parseHeaders.js
<s> [webpack.Progress] 67% building 634/667 modules 33 active D:\Java_project\HYPBlog\blog-view\node_modules\axios\lib\helpers\isURLSameOrigin.js
<s> [webpack.Progress] 66% building 634/668 modules 34 active D:\Java_project\HYPBlog\blog-view\node_modules\babel-runtime\node_modules\core-js\library\modules\_defined.js
<s> [webpack.Progress] 66% building 634/669 modules 35 active D:\Java_project\HYPBlog\blog-view\node_modules\babel-runtime\node_modules\core-js\library\modules\_ctx.js
<s> [webpack.Progress] 66% building 634/670 modules 36 active D:\Java_project\HYPBlog\blog-view\node_modules\babel-runtime\node_modules\core-js\library\modules\_to-integer.js
<s> [webpack.Progress] 66% building 634/671 modules 37 active D:\Java_project\HYPBlog\blog-view\node_modules\babel-runtime\node_modules\core-js\library\modules\_iobject.js
<s> [webpack.Progress] 66% building 634/672 modules 38 active D:\Java_project\HYPBlog\blog-view\node_modules\babel-runtime\node_modules\core-js\library\modules\_object-gpo.js
<s> [webpack.Progress] 66% building 635/672 modules 37 active D:\Java_project\HYPBlog\blog-view\node_modules\babel-runtime\node_modules\core-js\library\modules\_object-gpo.js
<s> [webpack.Progress] 66% building 635/673 modules 38 active D:\Java_project\HYPBlog\blog-view\node_modules\babel-runtime\node_modules\core-js\library\modules\_iter-create.js
<s> [webpack.Progress] 66% building 635/674 modules 39 active D:\Java_project\HYPBlog\blog-view\node_modules\babel-runtime\node_modules\core-js\library\modules\_add-to-unscopables.js
<s> [webpack.Progress] 66% building 635/675 modules 40 active D:\Java_project\HYPBlog\blog-view\node_modules\babel-runtime\node_modules\core-js\library\modules\_iter-step.js
<s> [webpack.Progress] 66% building 636/675 modules 39 active D:\Java_project\HYPBlog\blog-view\node_modules\babel-runtime\node_modules\core-js\library\modules\_iter-step.js
<s> [webpack.Progress] 66% building 637/675 modules 38 active D:\Java_project\HYPBlog\blog-view\node_modules\babel-runtime\node_modules\core-js\library\modules\_iter-step.js
<s> [webpack.Progress] 66% building 638/675 modules 37 active D:\Java_project\HYPBlog\blog-view\node_modules\babel-runtime\node_modules\core-js\library\modules\_iter-step.js
<s> [webpack.Progress] 66% building 639/675 modules 36 active D:\Java_project\HYPBlog\blog-view\node_modules\babel-runtime\node_modules\core-js\library\modules\_iter-step.js
<s> [webpack.Progress] 66% building 640/675 modules 35 active D:\Java_project\HYPBlog\blog-view\node_modules\babel-runtime\node_modules\core-js\library\modules\_iter-step.js
<s> [webpack.Progress] 66% building 641/675 modules 34 active D:\Java_project\HYPBlog\blog-view\node_modules\babel-runtime\node_modules\core-js\library\modules\_iter-step.js
<s> [webpack.Progress] 67% building 642/675 modules 33 active D:\Java_project\HYPBlog\blog-view\node_modules\babel-runtime\node_modules\core-js\library\modules\_iter-step.js
<s> [webpack.Progress] 67% building 643/675 modules 32 active D:\Java_project\HYPBlog\blog-view\node_modules\babel-runtime\node_modules\core-js\library\modules\_iter-step.js
<s> [webpack.Progress] 67% building 644/675 modules 31 active D:\Java_project\HYPBlog\blog-view\node_modules\babel-runtime\node_modules\core-js\library\modules\_iter-step.js
<s> [webpack.Progress] 67% building 645/675 modules 30 active D:\Java_project\HYPBlog\blog-view\node_modules\babel-runtime\node_modules\core-js\library\modules\_iter-step.js
<s> [webpack.Progress] 67% building 646/675 modules 29 active D:\Java_project\HYPBlog\blog-view\node_modules\babel-runtime\node_modules\core-js\library\modules\_iter-step.js
<s> [webpack.Progress] 67% building 647/675 modules 28 active D:\Java_project\HYPBlog\blog-view\node_modules\babel-runtime\node_modules\core-js\library\modules\_iter-step.js
<s> [webpack.Progress] 67% building 648/675 modules 27 active D:\Java_project\HYPBlog\blog-view\node_modules\babel-runtime\node_modules\core-js\library\modules\_iter-step.js
<s> [webpack.Progress] 67% building 649/675 modules 26 active D:\Java_project\HYPBlog\blog-view\node_modules\babel-runtime\node_modules\core-js\library\modules\_iter-step.js
<s> [webpack.Progress] 67% building 650/675 modules 25 active D:\Java_project\HYPBlog\blog-view\node_modules\babel-runtime\node_modules\core-js\library\modules\_iter-step.js
<s> [webpack.Progress] 67% building 651/675 modules 24 active D:\Java_project\HYPBlog\blog-view\node_modules\babel-runtime\node_modules\core-js\library\modules\_iter-step.js
<s> [webpack.Progress] 67% building 652/675 modules 23 active D:\Java_project\HYPBlog\blog-view\node_modules\babel-runtime\node_modules\core-js\library\modules\_iter-step.js
<s> [webpack.Progress] 68% building 653/675 modules 22 active D:\Java_project\HYPBlog\blog-view\node_modules\babel-runtime\node_modules\core-js\library\modules\_iter-step.js
<s> [webpack.Progress] 68% building 654/675 modules 21 active D:\Java_project\HYPBlog\blog-view\node_modules\babel-runtime\node_modules\core-js\library\modules\_iter-step.js
<s> [webpack.Progress] 68% building 655/675 modules 20 active D:\Java_project\HYPBlog\blog-view\node_modules\babel-runtime\node_modules\core-js\library\modules\_iter-step.js
<s> [webpack.Progress] 68% building 656/675 modules 19 active D:\Java_project\HYPBlog\blog-view\node_modules\babel-runtime\node_modules\core-js\library\modules\_iter-step.js
<s> [webpack.Progress] 68% building 656/676 modules 20 active D:\Java_project\HYPBlog\blog-view\node_modules\path-browserify\index.js
<s> [webpack.Progress] 68% building 657/676 modules 19 active D:\Java_project\HYPBlog\blog-view\node_modules\path-browserify\index.js
<s> [webpack.Progress] 68% building 658/676 modules 18 active D:\Java_project\HYPBlog\blog-view\node_modules\path-browserify\index.js
<s> [webpack.Progress] 68% building 659/676 modules 17 active D:\Java_project\HYPBlog\blog-view\node_modules\path-browserify\index.js
<s> [webpack.Progress] 68% building 660/676 modules 16 active D:\Java_project\HYPBlog\blog-view\node_modules\path-browserify\index.js
<s> [webpack.Progress] 68% building 660/677 modules 17 active D:\Java_project\HYPBlog\blog-view\node_modules\es-errors\range.js
<s> [webpack.Progress] 68% building 660/678 modules 18 active D:\Java_project\HYPBlog\blog-view\node_modules\es-errors\eval.js
<s> [webpack.Progress] 68% building 660/679 modules 19 active D:\Java_project\HYPBlog\blog-view\node_modules\es-errors\ref.js
<s> [webpack.Progress] 68% building 660/680 modules 20 active D:\Java_project\HYPBlog\blog-view\node_modules\es-errors\uri.js
<s> [webpack.Progress] 68% building 660/681 modules 21 active D:\Java_project\HYPBlog\blog-view\node_modules\es-errors\syntax.js
<s> [webpack.Progress] 68% building 661/681 modules 20 active D:\Java_project\HYPBlog\blog-view\node_modules\es-errors\syntax.js
<s> [webpack.Progress] 68% building 662/681 modules 19 active D:\Java_project\HYPBlog\blog-view\node_modules\es-errors\syntax.js
<s> [webpack.Progress] 68% building 663/681 modules 18 active D:\Java_project\HYPBlog\blog-view\node_modules\es-errors\syntax.js
<s> [webpack.Progress] 68% building 664/681 modules 17 active D:\Java_project\HYPBlog\blog-view\node_modules\es-errors\syntax.js
<s> [webpack.Progress] 68% building 665/681 modules 16 active D:\Java_project\HYPBlog\blog-view\node_modules\es-errors\syntax.js
<s> [webpack.Progress] 68% building 666/681 modules 15 active D:\Java_project\HYPBlog\blog-view\node_modules\es-errors\syntax.js
<s> [webpack.Progress] 68% building 667/681 modules 14 active D:\Java_project\HYPBlog\blog-view\node_modules\es-errors\syntax.js
<s> [webpack.Progress] 68% building 668/681 modules 13 active D:\Java_project\HYPBlog\blog-view\node_modules\es-errors\syntax.js
<s> [webpack.Progress] 68% building 669/681 modules 12 active D:\Java_project\HYPBlog\blog-view\node_modules\es-errors\syntax.js
<s> [webpack.Progress] 69% building 670/681 modules 11 active D:\Java_project\HYPBlog\blog-view\node_modules\es-errors\syntax.js
<s> [webpack.Progress] 69% building 671/681 modules 10 active D:\Java_project\HYPBlog\blog-view\node_modules\es-errors\syntax.js
<s> [webpack.Progress] 69% building 672/681 modules 9 active D:\Java_project\HYPBlog\blog-view\node_modules\es-errors\syntax.js
<s> [webpack.Progress] 69% building 673/681 modules 8 active D:\Java_project\HYPBlog\blog-view\node_modules\es-errors\syntax.js
<s> [webpack.Progress] 69% building 674/681 modules 7 active D:\Java_project\HYPBlog\blog-view\node_modules\es-errors\syntax.js
<s> [webpack.Progress] 69% building 675/681 modules 6 active D:\Java_project\HYPBlog\blog-view\node_modules\es-errors\syntax.js
<s> [webpack.Progress] 69% building 675/682 modules 7 active D:\Java_project\HYPBlog\blog-view\node_modules\isarray\index.js
<s> [webpack.Progress] 69% building 676/682 modules 6 active D:\Java_project\HYPBlog\blog-view\node_modules\isarray\index.js
<s> [webpack.Progress] 69% building 676/683 modules 7 active D:\Java_project\HYPBlog\blog-view\node_modules\ieee754\index.js
<s> [webpack.Progress] 69% building 676/684 modules 8 active D:\Java_project\HYPBlog\blog-view\node_modules\base64-js\index.js
<s> [webpack.Progress] 69% building 677/684 modules 7 active D:\Java_project\HYPBlog\blog-view\node_modules\base64-js\index.js
<s> [webpack.Progress] 69% building 678/684 modules 6 active D:\Java_project\HYPBlog\blog-view\node_modules\base64-js\index.js
<s> [webpack.Progress] 69% building 679/684 modules 5 active D:\Java_project\HYPBlog\blog-view\node_modules\base64-js\index.js
<s> [webpack.Progress] 69% building 680/684 modules 4 active D:\Java_project\HYPBlog\blog-view\node_modules\base64-js\index.js
<s> [webpack.Progress] 69% building 681/684 modules 3 active D:\Java_project\HYPBlog\blog-view\node_modules\base64-js\index.js
<s> [webpack.Progress] 69% building 681/685 modules 4 active D:\Java_project\HYPBlog\blog-view\node_modules\get-proto\Object.getPrototypeOf.js
<s> [webpack.Progress] 69% building 681/686 modules 5 active D:\Java_project\HYPBlog\blog-view\node_modules\get-proto\Reflect.getPrototypeOf.js
<s> [webpack.Progress] 69% building 681/687 modules 6 active D:\Java_project\HYPBlog\blog-view\node_modules\call-bind-apply-helpers\functionApply.js
<s> [webpack.Progress] 69% building 681/688 modules 7 active D:\Java_project\HYPBlog\blog-view\node_modules\call-bind-apply-helpers\functionCall.js
<s> [webpack.Progress] 69% building 681/689 modules 8 active D:\Java_project\HYPBlog\blog-view\node_modules\math-intrinsics\floor.js
<s> [webpack.Progress] 69% building 681/690 modules 9 active D:\Java_project\HYPBlog\blog-view\node_modules\math-intrinsics\abs.js
<s> [webpack.Progress] 69% building 681/691 modules 10 active D:\Java_project\HYPBlog\blog-view\node_modules\math-intrinsics\pow.js
<s> [webpack.Progress] 69% building 681/692 modules 11 active D:\Java_project\HYPBlog\blog-view\node_modules\math-intrinsics\min.js
<s> [webpack.Progress] 68% building 681/693 modules 12 active D:\Java_project\HYPBlog\blog-view\node_modules\math-intrinsics\max.js
<s> [webpack.Progress] 68% building 681/694 modules 13 active D:\Java_project\HYPBlog\blog-view\node_modules\math-intrinsics\round.js
<s> [webpack.Progress] 68% building 681/695 modules 14 active D:\Java_project\HYPBlog\blog-view\node_modules\math-intrinsics\sign.js
<s> [webpack.Progress] 68% building 681/696 modules 15 active D:\Java_project\HYPBlog\blog-view\node_modules\babel-runtime\node_modules\core-js\library\modules\_cof.js
<s> [webpack.Progress] 68% building 681/697 modules 16 active D:\Java_project\HYPBlog\blog-view\node_modules\babel-runtime\node_modules\core-js\library\modules\_object-keys-internal.js
<s> [webpack.Progress] 68% building 681/698 modules 17 active D:\Java_project\HYPBlog\blog-view\node_modules\babel-runtime\node_modules\core-js\library\modules\_ie8-dom-define.js
<s> [webpack.Progress] 68% building 681/699 modules 18 active D:\Java_project\HYPBlog\blog-view\node_modules\babel-runtime\node_modules\core-js\library\modules\_enum-bug-keys.js
<s> [webpack.Progress] 68% building 681/700 modules 19 active D:\Java_project\HYPBlog\blog-view\node_modules\babel-runtime\node_modules\core-js\library\modules\_object-dps.js
<s> [webpack.Progress] 68% building 681/701 modules 20 active D:\Java_project\HYPBlog\blog-view\node_modules\babel-runtime\node_modules\core-js\library\modules\_html.js
<s> [webpack.Progress] 68% building 681/702 modules 21 active D:\Java_project\HYPBlog\blog-view\node_modules\babel-runtime\node_modules\core-js\library\modules\_shared-key.js
<s> [webpack.Progress] 68% building 681/703 modules 22 active D:\Java_project\HYPBlog\blog-view\node_modules\babel-runtime\node_modules\core-js\library\modules\_dom-create.js
<s> [webpack.Progress] 68% building 682/703 modules 21 active D:\Java_project\HYPBlog\blog-view\node_modules\babel-runtime\node_modules\core-js\library\modules\_dom-create.js
<s> [webpack.Progress] 68% building 682/704 modules 22 active D:\Java_project\HYPBlog\blog-view\node_modules\dom-serializer\lib\index.js
<s> [webpack.Progress] 68% building 683/704 modules 21 active D:\Java_project\HYPBlog\blog-view\node_modules\dom-serializer\lib\index.js
<s> [webpack.Progress] 68% building 684/704 modules 20 active D:\Java_project\HYPBlog\blog-view\node_modules\dom-serializer\lib\index.js
<s> [webpack.Progress] 68% building 685/704 modules 19 active D:\Java_project\HYPBlog\blog-view\node_modules\dom-serializer\lib\index.js
<s> [webpack.Progress] 68% building 686/704 modules 18 active D:\Java_project\HYPBlog\blog-view\node_modules\dom-serializer\lib\index.js
<s> [webpack.Progress] 68% building 686/705 modules 19 active D:\Java_project\HYPBlog\blog-view\node_modules\axios\lib\helpers\isAbsoluteURL.js
<s> [webpack.Progress] 68% building 686/706 modules 20 active D:\Java_project\HYPBlog\blog-view\node_modules\axios\lib\helpers\combineURLs.js
<s> [webpack.Progress] 68% building 687/706 modules 19 active D:\Java_project\HYPBlog\blog-view\node_modules\axios\lib\helpers\combineURLs.js
<s> [webpack.Progress] 68% building 688/706 modules 18 active D:\Java_project\HYPBlog\blog-view\node_modules\axios\lib\helpers\combineURLs.js
<s> [webpack.Progress] 68% building 688/707 modules 19 active D:\Java_project\HYPBlog\blog-view\node_modules\babel-runtime\node_modules\core-js\library\modules\_a-function.js
<s> [webpack.Progress] 68% building 689/707 modules 18 active D:\Java_project\HYPBlog\blog-view\node_modules\babel-runtime\node_modules\core-js\library\modules\_a-function.js
<s> [webpack.Progress] 68% building 690/707 modules 17 active D:\Java_project\HYPBlog\blog-view\node_modules\babel-runtime\node_modules\core-js\library\modules\_a-function.js
<s> [webpack.Progress] 68% building 691/707 modules 16 active D:\Java_project\HYPBlog\blog-view\node_modules\babel-runtime\node_modules\core-js\library\modules\_a-function.js
<s> [webpack.Progress] 68% building 692/707 modules 15 active D:\Java_project\HYPBlog\blog-view\node_modules\babel-runtime\node_modules\core-js\library\modules\_a-function.js
<s> [webpack.Progress] 68% building 693/707 modules 14 active D:\Java_project\HYPBlog\blog-view\node_modules\babel-runtime\node_modules\core-js\library\modules\_a-function.js
<s> [webpack.Progress] 68% building 694/707 modules 13 active D:\Java_project\HYPBlog\blog-view\node_modules\babel-runtime\node_modules\core-js\library\modules\_a-function.js
<s> [webpack.Progress] 68% building 695/707 modules 12 active D:\Java_project\HYPBlog\blog-view\node_modules\babel-runtime\node_modules\core-js\library\modules\_a-function.js
<s> [webpack.Progress] 69% building 696/707 modules 11 active D:\Java_project\HYPBlog\blog-view\node_modules\babel-runtime\node_modules\core-js\library\modules\_a-function.js
<s> [webpack.Progress] 68% building 696/708 modules 12 active D:\Java_project\HYPBlog\blog-view\node_modules\es-errors\index.js
<s> [webpack.Progress] 69% building 697/708 modules 11 active D:\Java_project\HYPBlog\blog-view\node_modules\es-errors\index.js
<s> [webpack.Progress] 69% building 698/708 modules 10 active D:\Java_project\HYPBlog\blog-view\node_modules\es-errors\index.js
<s> [webpack.Progress] 69% building 699/708 modules 9 active D:\Java_project\HYPBlog\blog-view\node_modules\es-errors\index.js
<s> [webpack.Progress] 69% building 700/708 modules 8 active D:\Java_project\HYPBlog\blog-view\node_modules\es-errors\index.js
<s> [webpack.Progress] 69% building 701/708 modules 7 active D:\Java_project\HYPBlog\blog-view\node_modules\es-errors\index.js
<s> [webpack.Progress] 69% building 702/708 modules 6 active D:\Java_project\HYPBlog\blog-view\node_modules\es-errors\index.js
<s> [webpack.Progress] 69% building 703/708 modules 5 active D:\Java_project\HYPBlog\blog-view\node_modules\es-errors\index.js
<s> [webpack.Progress] 69% building 704/708 modules 4 active D:\Java_project\HYPBlog\blog-view\node_modules\es-errors\index.js
<s> [webpack.Progress] 69% building 705/708 modules 3 active D:\Java_project\HYPBlog\blog-view\node_modules\es-errors\index.js
<s> [webpack.Progress] 69% building 706/708 modules 2 active D:\Java_project\HYPBlog\blog-view\node_modules\es-errors\index.js
<s> [webpack.Progress] 69% building 707/708 modules 1 active D:\Java_project\HYPBlog\blog-view\node_modules\es-errors\index.js
<s> [webpack.Progress] 70% building 708/708 modules 0 active 
<s> [webpack.Progress] 69% building 708/709 modules 1 active D:\Java_project\HYPBlog\blog-view\node_modules\get-proto\index.js
<s> [webpack.Progress] 69% building 708/710 modules 2 active D:\Java_project\HYPBlog\blog-view\node_modules\call-bind-apply-helpers\index.js
<s> [webpack.Progress] 69% building 708/711 modules 3 active D:\Java_project\HYPBlog\blog-view\node_modules\es-object-atoms\index.js
<s> [webpack.Progress] 69% building 708/712 modules 4 active D:\Java_project\HYPBlog\blog-view\node_modules\es-define-property\index.js
<s> [webpack.Progress] 69% building 708/713 modules 5 active D:\Java_project\HYPBlog\blog-view\node_modules\gopd\index.js
<s> [webpack.Progress] 69% building 708/714 modules 6 active D:\Java_project\HYPBlog\blog-view\node_modules\hasown\index.js
<s> [webpack.Progress] 69% building 708/715 modules 7 active D:\Java_project\HYPBlog\blog-view\node_modules\has-symbols\index.js
<s> [webpack.Progress] 69% building 708/716 modules 8 active D:\Java_project\HYPBlog\blog-view\node_modules\math-intrinsics\isNaN.js
<s> [webpack.Progress] 69% building 708/717 modules 9 active D:\Java_project\HYPBlog\blog-view\node_modules\babel-runtime\node_modules\core-js\library\modules\_array-includes.js
<s> [webpack.Progress] 69% building 709/717 modules 8 active D:\Java_project\HYPBlog\blog-view\node_modules\babel-runtime\node_modules\core-js\library\modules\_array-includes.js
<s> [webpack.Progress] 69% building 710/717 modules 7 active D:\Java_project\HYPBlog\blog-view\node_modules\babel-runtime\node_modules\core-js\library\modules\_array-includes.js
<s> [webpack.Progress] 69% building 711/717 modules 6 active D:\Java_project\HYPBlog\blog-view\node_modules\babel-runtime\node_modules\core-js\library\modules\_array-includes.js
<s> [webpack.Progress] 69% building 712/717 modules 5 active D:\Java_project\HYPBlog\blog-view\node_modules\babel-runtime\node_modules\core-js\library\modules\_array-includes.js
<s> [webpack.Progress] 69% building 712/718 modules 6 active D:\Java_project\HYPBlog\blog-view\node_modules\dom-serializer\lib\foreignNames.js
<s> [webpack.Progress] 69% building 713/718 modules 5 active D:\Java_project\HYPBlog\blog-view\node_modules\dom-serializer\lib\foreignNames.js
<s> [webpack.Progress] 69% building 713/719 modules 6 active D:\Java_project\HYPBlog\blog-view\node_modules\function-bind\index.js
<s> [webpack.Progress] 69% building 714/719 modules 5 active D:\Java_project\HYPBlog\blog-view\node_modules\function-bind\index.js
<s> [webpack.Progress] 69% building 715/719 modules 4 active D:\Java_project\HYPBlog\blog-view\node_modules\function-bind\index.js
<s> [webpack.Progress] 69% building 716/719 modules 3 active D:\Java_project\HYPBlog\blog-view\node_modules\function-bind\index.js
<s> [webpack.Progress] 69% building 717/719 modules 2 active D:\Java_project\HYPBlog\blog-view\node_modules\function-bind\index.js
<s> [webpack.Progress] 69% building 718/719 modules 1 active D:\Java_project\HYPBlog\blog-view\node_modules\function-bind\index.js
<s> [webpack.Progress] 70% building 719/719 modules 0 active 
<s> [webpack.Progress] 69% building 719/720 modules 1 active D:\Java_project\HYPBlog\blog-view\node_modules\call-bind-apply-helpers\actualApply.js
<s> [webpack.Progress] 69% building 719/721 modules 2 active D:\Java_project\HYPBlog\blog-view\node_modules\gopd\gOPD.js
<s> [webpack.Progress] 69% building 719/722 modules 3 active D:\Java_project\HYPBlog\blog-view\node_modules\has-symbols\shams.js
<s> [webpack.Progress] 69% building 719/723 modules 4 active D:\Java_project\HYPBlog\blog-view\node_modules\babel-runtime\node_modules\core-js\library\modules\_to-length.js
<s> [webpack.Progress] 69% building 719/724 modules 5 active D:\Java_project\HYPBlog\blog-view\node_modules\babel-runtime\node_modules\core-js\library\modules\_to-absolute-index.js
<s> [webpack.Progress] 69% building 720/724 modules 4 active D:\Java_project\HYPBlog\blog-view\node_modules\babel-runtime\node_modules\core-js\library\modules\_to-absolute-index.js
<s> [webpack.Progress] 69% building 721/724 modules 3 active D:\Java_project\HYPBlog\blog-view\node_modules\babel-runtime\node_modules\core-js\library\modules\_to-absolute-index.js
<s> [webpack.Progress] 69% building 721/725 modules 4 active D:\Java_project\HYPBlog\blog-view\node_modules\function-bind\implementation.js
<s> [webpack.Progress] 69% building 721/726 modules 5 active D:\Java_project\HYPBlog\blog-view\node_modules\dunder-proto\get.js
<s> [webpack.Progress] 69% building 722/726 modules 4 active D:\Java_project\HYPBlog\blog-view\node_modules\dunder-proto\get.js
<s> [webpack.Progress] 69% building 723/726 modules 3 active D:\Java_project\HYPBlog\blog-view\node_modules\dunder-proto\get.js
<s> [webpack.Progress] 69% building 724/726 modules 2 active D:\Java_project\HYPBlog\blog-view\node_modules\dunder-proto\get.js
<s> [webpack.Progress] 69% building 725/726 modules 1 active D:\Java_project\HYPBlog\blog-view\node_modules\dunder-proto\get.js
<s> [webpack.Progress] 70% building 726/726 modules 0 active 
<s> [webpack.Progress] 69% building 726/727 modules 1 active D:\Java_project\HYPBlog\blog-view\node_modules\call-bind-apply-helpers\reflectApply.js
<s> [webpack.Progress] 69% building 726/728 modules 2 active D:\Java_project\HYPBlog\blog-view\node_modules\dom-serializer\node_modules\entities\lib\index.js
<s> [webpack.Progress] 69% building 727/728 modules 1 active D:\Java_project\HYPBlog\blog-view\node_modules\dom-serializer\node_modules\entities\lib\index.js
<s> [webpack.Progress] 70% building 728/728 modules 0 active 
<s> [webpack.Progress] 69% building 728/729 modules 1 active D:\Java_project\HYPBlog\blog-view\node_modules\dom-serializer\node_modules\entities\lib\decode.js
<s> [webpack.Progress] 69% building 728/730 modules 2 active D:\Java_project\HYPBlog\blog-view\node_modules\dom-serializer\node_modules\entities\lib\encode.js
<s> [webpack.Progress] 69% building 729/730 modules 1 active D:\Java_project\HYPBlog\blog-view\node_modules\dom-serializer\node_modules\entities\lib\encode.js
<s> [webpack.Progress] 70% building 730/730 modules 0 active 
<s> [webpack.Progress] 69% building 730/731 modules 1 active D:\Java_project\HYPBlog\blog-view\node_modules\dom-serializer\node_modules\entities\lib\maps\entities.json
<s> [webpack.Progress] 69% building 730/732 modules 2 active D:\Java_project\HYPBlog\blog-view\node_modules\dom-serializer\node_modules\entities\lib\maps\legacy.json
<s> [webpack.Progress] 69% building 730/733 modules 3 active D:\Java_project\HYPBlog\blog-view\node_modules\dom-serializer\node_modules\entities\lib\maps\xml.json
<s> [webpack.Progress] 69% building 730/734 modules 4 active D:\Java_project\HYPBlog\blog-view\node_modules\dom-serializer\node_modules\entities\lib\decode_codepoint.js
<s> [webpack.Progress] 69% building 731/734 modules 3 active D:\Java_project\HYPBlog\blog-view\node_modules\dom-serializer\node_modules\entities\lib\decode_codepoint.js
<s> [webpack.Progress] 69% building 732/734 modules 2 active D:\Java_project\HYPBlog\blog-view\node_modules\dom-serializer\node_modules\entities\lib\decode_codepoint.js
<s> [webpack.Progress] 69% building 733/734 modules 1 active D:\Java_project\HYPBlog\blog-view\node_modules\dom-serializer\node_modules\entities\lib\decode_codepoint.js
<s> [webpack.Progress] 70% building 734/734 modules 0 active 
<s> [webpack.Progress] 69% building 734/735 modules 1 active D:\Java_project\HYPBlog\blog-view\node_modules\dom-serializer\node_modules\entities\lib\maps\decode.json
<s> [webpack.Progress] 70% building 735/735 modules 0 active 
<s> [webpack.Progress] 70% building 735/735 modules 0 active 
<s> [webpack.Progress] 70% finish module graph
<s> [webpack.Progress] 70% finish module graph FlagDependencyExportsPlugin
<s> [webpack.Progress] 70% sealing
<s> [webpack.Progress] 70% sealing WarnCaseSensitiveModulesPlugin
<s> [webpack.Progress] 72% basic dependencies optimization
<s> [webpack.Progress] 72% dependencies optimization
<s> [webpack.Progress] 73% advanced dependencies optimization
<s> [webpack.Progress] 73% after dependencies optimization
<s> [webpack.Progress] 71% chunk graph
<s> [webpack.Progress] 71% after chunk graph
<s> [webpack.Progress] 71% after chunk graph WebAssemblyModulesPlugin
<s> [webpack.Progress] 74% optimizing
<s> [webpack.Progress] 74% basic module optimization
<s> [webpack.Progress] 75% module optimization
<s> [webpack.Progress] 75% advanced module optimization
<s> [webpack.Progress] 76% after module optimization
<s> [webpack.Progress] 76% basic chunk optimization
<s> [webpack.Progress] 76% basic chunk optimization EnsureChunkConditionsPlugin
<s> [webpack.Progress] 76% basic chunk optimization RemoveEmptyChunksPlugin
<s> [webpack.Progress] 76% basic chunk optimization MergeDuplicateChunksPlugin
<s> [webpack.Progress] 77% chunk optimization
<s> [webpack.Progress] 77% advanced chunk optimization
<s> [webpack.Progress] 77% advanced chunk optimization SplitChunksPlugin
<s> [webpack.Progress] 77% advanced chunk optimization RemoveEmptyChunksPlugin
<s> [webpack.Progress] 77% after chunk optimization
<s> [webpack.Progress] 78% module and chunk tree optimization
<s> [webpack.Progress] 78% after module and chunk tree optimization
<s> [webpack.Progress] 79% basic chunk modules optimization
<s> [webpack.Progress] 80% chunk modules optimization
<s> [webpack.Progress] 80% advanced chunk modules optimization
<s> [webpack.Progress] 81% after chunk modules optimization
<s> [webpack.Progress] 81% module reviving
<s> [webpack.Progress] 81% module reviving RecordIdsPlugin
<s> [webpack.Progress] 82% module order optimization
<s> [webpack.Progress] 82% advanced module order optimization
<s> [webpack.Progress] 83% before module ids
<s> [webpack.Progress] 83% before module ids NamedModulesPlugin
<s> [webpack.Progress] 83% module ids
<s> [webpack.Progress] 84% module id optimization
<s> [webpack.Progress] 84% module id optimization
<s> [webpack.Progress] 85% chunk reviving
<s> [webpack.Progress] 85% chunk reviving RecordIdsPlugin
<s> [webpack.Progress] 85% chunk order optimization
<s> [webpack.Progress] 85% chunk order optimization OccurrenceOrderChunkIdsPlugin
<s> [webpack.Progress] 86% before chunk ids
<s> [webpack.Progress] 86% before chunk ids NamedChunksPlugin
<s> [webpack.Progress] 86% chunk id optimization
<s> [webpack.Progress] 87% after chunk id optimization
<s> [webpack.Progress] 87% record modules
<s> [webpack.Progress] 87% record modules RecordIdsPlugin
<s> [webpack.Progress] 87% record chunks
<s> [webpack.Progress] 87% record chunks RecordIdsPlugin
<s> [webpack.Progress] 88% hashing
<s> [webpack.Progress] 88% after hashing
<s> [webpack.Progress] 88% after hashing HotModuleReplacementPlugin
<s> [webpack.Progress] 89% record hash
<s> [webpack.Progress] 89% module assets processing
<s> [webpack.Progress] 90% chunk assets processing
<s> [webpack.Progress] 90% additional chunk assets processing
<s> [webpack.Progress] 90% additional chunk assets processing HotModuleReplacementPlugin
<s> [webpack.Progress] 91% recording
<s> [webpack.Progress] 91% recording HotModuleReplacementPlugin
<s> [webpack.Progress] 92% additional asset processing
<s> [webpack.Progress] 92% chunk asset optimization
<s> [webpack.Progress] 93% after chunk asset optimization
<s> [webpack.Progress] 93% asset optimization
<s> [webpack.Progress] 94% after asset optimization
<s> [webpack.Progress] 94% after seal
<s> [webpack.Progress] 95% emitting
<s> [webpack.Progress] 95% emitting HtmlWebpackPlugin
<s> [webpack.Progress] 95% emitting CopyPlugin
<s> [webpack.Progress] 98% after emitting
<s> [webpack.Progress] 98% after emitting CopyPlugin
<s> [webpack.Progress] 100% 

<s> [webpack.Progress] 0% compiling
<s> [webpack.Progress] 10% building 0/0 modules 0 active 
<s> [webpack.Progress] 10% building 0/0 modules 0 active 
<s> [webpack.Progress] 10% building 0/1 modules 1 active D:\Java_project\HYPBlog\blog-view\node_modules\cache-loader\dist\cjs.js??ref--12-0!D:\Java_project\HYPBlog\blog-view\node_modules\babel-loader\lib\index.js!D:\Java_project\HYPBlog\blog-view\src\router\index.js
<s> [webpack.Progress] 40% building 0/1 modules 1 active D:\Java_project\HYPBlog\blog-view\node_modules\cache-loader\dist\cjs.js??ref--12-0!D:\Java_project\HYPBlog\blog-view\node_modules\babel-loader\lib\index.js!D:\Java_project\HYPBlog\blog-view\src\router\index.js
<s> [webpack.Progress] 40% building 1/1 modules 0 active 
<s> [webpack.Progress] 70% building 1/1 modules 0 active 
<s> [webpack.Progress] 70% finish module graph
<s> [webpack.Progress] 70% finish module graph FlagDependencyExportsPlugin
<s> [webpack.Progress] 70% sealing
<s> [webpack.Progress] 70% sealing WarnCaseSensitiveModulesPlugin
<s> [webpack.Progress] 72% basic dependencies optimization
<s> [webpack.Progress] 72% dependencies optimization
<s> [webpack.Progress] 73% advanced dependencies optimization
<s> [webpack.Progress] 73% after dependencies optimization
<s> [webpack.Progress] 71% chunk graph
<s> [webpack.Progress] 71% after chunk graph
<s> [webpack.Progress] 71% after chunk graph WebAssemblyModulesPlugin
<s> [webpack.Progress] 74% optimizing
<s> [webpack.Progress] 74% basic module optimization
<s> [webpack.Progress] 75% module optimization
<s> [webpack.Progress] 75% advanced module optimization
<s> [webpack.Progress] 76% after module optimization
<s> [webpack.Progress] 76% basic chunk optimization
<s> [webpack.Progress] 76% basic chunk optimization EnsureChunkConditionsPlugin
<s> [webpack.Progress] 76% basic chunk optimization RemoveEmptyChunksPlugin
<s> [webpack.Progress] 76% basic chunk optimization MergeDuplicateChunksPlugin
<s> [webpack.Progress] 77% chunk optimization
<s> [webpack.Progress] 77% advanced chunk optimization
<s> [webpack.Progress] 77% advanced chunk optimization SplitChunksPlugin
<s> [webpack.Progress] 77% advanced chunk optimization RemoveEmptyChunksPlugin
<s> [webpack.Progress] 77% after chunk optimization
<s> [webpack.Progress] 78% module and chunk tree optimization
<s> [webpack.Progress] 78% after module and chunk tree optimization
<s> [webpack.Progress] 79% basic chunk modules optimization
<s> [webpack.Progress] 80% chunk modules optimization
<s> [webpack.Progress] 80% advanced chunk modules optimization
<s> [webpack.Progress] 81% after chunk modules optimization
<s> [webpack.Progress] 81% module reviving
<s> [webpack.Progress] 81% module reviving RecordIdsPlugin
<s> [webpack.Progress] 82% module order optimization
<s> [webpack.Progress] 82% advanced module order optimization
<s> [webpack.Progress] 83% before module ids
<s> [webpack.Progress] 83% before module ids NamedModulesPlugin
<s> [webpack.Progress] 83% module ids
<s> [webpack.Progress] 84% module id optimization
<s> [webpack.Progress] 84% module id optimization
<s> [webpack.Progress] 85% chunk reviving
<s> [webpack.Progress] 85% chunk reviving RecordIdsPlugin
<s> [webpack.Progress] 85% chunk order optimization
<s> [webpack.Progress] 85% chunk order optimization OccurrenceOrderChunkIdsPlugin
<s> [webpack.Progress] 86% before chunk ids
<s> [webpack.Progress] 86% before chunk ids NamedChunksPlugin
<s> [webpack.Progress] 86% chunk id optimization
<s> [webpack.Progress] 87% after chunk id optimization
<s> [webpack.Progress] 87% record modules
<s> [webpack.Progress] 87% record modules RecordIdsPlugin
<s> [webpack.Progress] 87% record chunks
<s> [webpack.Progress] 87% record chunks RecordIdsPlugin
<s> [webpack.Progress] 88% hashing
<s> [webpack.Progress] 88% after hashing
<s> [webpack.Progress] 88% after hashing HotModuleReplacementPlugin
<s> [webpack.Progress] 89% record hash
<s> [webpack.Progress] 89% module assets processing
<s> [webpack.Progress] 90% chunk assets processing
<s> [webpack.Progress] 90% additional chunk assets processing
<s> [webpack.Progress] 90% additional chunk assets processing HotModuleReplacementPlugin
<s> [webpack.Progress] 91% recording
<s> [webpack.Progress] 91% recording HotModuleReplacementPlugin
<s> [webpack.Progress] 92% additional asset processing
<s> [webpack.Progress] 92% chunk asset optimization
<s> [webpack.Progress] 93% after chunk asset optimization
<s> [webpack.Progress] 93% asset optimization
<s> [webpack.Progress] 94% after asset optimization
<s> [webpack.Progress] 94% after seal
<s> [webpack.Progress] 95% emitting
<s> [webpack.Progress] 95% emitting HtmlWebpackPlugin
<s> [webpack.Progress] 95% emitting CopyPlugin
<s> [webpack.Progress] 98% after emitting
<s> [webpack.Progress] 98% after emitting CopyPlugin
<s> [webpack.Progress] 100% 

<s> [webpack.Progress] 0% compiling
<s> [webpack.Progress] 10% building 0/0 modules 0 active 
<s> [webpack.Progress] 10% building 0/0 modules 0 active 
<s> [webpack.Progress] 10% building 0/1 modules 1 active D:\Java_project\HYPBlog\blog-view\node_modules\cache-loader\dist\cjs.js??ref--12-0!D:\Java_project\HYPBlog\blog-view\node_modules\babel-loader\lib\index.js!D:\Java_project\HYPBlog\blog-view\src\router\index.js
<s> [webpack.Progress] 40% building 0/1 modules 1 active D:\Java_project\HYPBlog\blog-view\node_modules\cache-loader\dist\cjs.js??ref--12-0!D:\Java_project\HYPBlog\blog-view\node_modules\babel-loader\lib\index.js!D:\Java_project\HYPBlog\blog-view\src\router\index.js
<s> [webpack.Progress] 70% building 1/1 modules 0 active 
<s> [webpack.Progress] 70% building 1/1 modules 0 active 
<s> [webpack.Progress] 70% finish module graph
<s> [webpack.Progress] 70% finish module graph FlagDependencyExportsPlugin
<s> [webpack.Progress] 70% sealing
<s> [webpack.Progress] 70% sealing WarnCaseSensitiveModulesPlugin
<s> [webpack.Progress] 72% basic dependencies optimization
<s> [webpack.Progress] 72% dependencies optimization
<s> [webpack.Progress] 73% advanced dependencies optimization
<s> [webpack.Progress] 73% after dependencies optimization
<s> [webpack.Progress] 71% chunk graph
<s> [webpack.Progress] 71% after chunk graph
<s> [webpack.Progress] 71% after chunk graph WebAssemblyModulesPlugin
<s> [webpack.Progress] 74% optimizing
<s> [webpack.Progress] 74% basic module optimization
<s> [webpack.Progress] 75% module optimization
<s> [webpack.Progress] 75% advanced module optimization
<s> [webpack.Progress] 76% after module optimization
<s> [webpack.Progress] 76% basic chunk optimization
<s> [webpack.Progress] 76% basic chunk optimization EnsureChunkConditionsPlugin
<s> [webpack.Progress] 76% basic chunk optimization RemoveEmptyChunksPlugin
<s> [webpack.Progress] 76% basic chunk optimization MergeDuplicateChunksPlugin
<s> [webpack.Progress] 77% chunk optimization
<s> [webpack.Progress] 77% advanced chunk optimization
<s> [webpack.Progress] 77% advanced chunk optimization SplitChunksPlugin
<s> [webpack.Progress] 77% advanced chunk optimization RemoveEmptyChunksPlugin
<s> [webpack.Progress] 77% after chunk optimization
<s> [webpack.Progress] 78% module and chunk tree optimization
<s> [webpack.Progress] 78% after module and chunk tree optimization
<s> [webpack.Progress] 79% basic chunk modules optimization
<s> [webpack.Progress] 80% chunk modules optimization
<s> [webpack.Progress] 80% advanced chunk modules optimization
<s> [webpack.Progress] 81% after chunk modules optimization
<s> [webpack.Progress] 81% module reviving
<s> [webpack.Progress] 81% module reviving RecordIdsPlugin
<s> [webpack.Progress] 82% module order optimization
<s> [webpack.Progress] 82% advanced module order optimization
<s> [webpack.Progress] 83% before module ids
<s> [webpack.Progress] 83% before module ids NamedModulesPlugin
<s> [webpack.Progress] 83% module ids
<s> [webpack.Progress] 84% module id optimization
<s> [webpack.Progress] 84% module id optimization
<s> [webpack.Progress] 85% chunk reviving
<s> [webpack.Progress] 85% chunk reviving RecordIdsPlugin
<s> [webpack.Progress] 85% chunk order optimization
<s> [webpack.Progress] 85% chunk order optimization OccurrenceOrderChunkIdsPlugin
<s> [webpack.Progress] 86% before chunk ids
<s> [webpack.Progress] 86% before chunk ids NamedChunksPlugin
<s> [webpack.Progress] 86% chunk id optimization
<s> [webpack.Progress] 87% after chunk id optimization
<s> [webpack.Progress] 87% record modules
<s> [webpack.Progress] 87% record modules RecordIdsPlugin
<s> [webpack.Progress] 87% record chunks
<s> [webpack.Progress] 87% record chunks RecordIdsPlugin
<s> [webpack.Progress] 88% hashing
<s> [webpack.Progress] 88% after hashing
<s> [webpack.Progress] 88% after hashing HotModuleReplacementPlugin
<s> [webpack.Progress] 89% record hash
<s> [webpack.Progress] 89% module assets processing
<s> [webpack.Progress] 90% chunk assets processing
<s> [webpack.Progress] 90% additional chunk assets processing
<s> [webpack.Progress] 90% additional chunk assets processing HotModuleReplacementPlugin
<s> [webpack.Progress] 91% recording
<s> [webpack.Progress] 91% recording HotModuleReplacementPlugin
<s> [webpack.Progress] 92% additional asset processing
<s> [webpack.Progress] 92% chunk asset optimization
<s> [webpack.Progress] 93% after chunk asset optimization
<s> [webpack.Progress] 93% asset optimization
<s> [webpack.Progress] 94% after asset optimization
<s> [webpack.Progress] 94% after seal
<s> [webpack.Progress] 95% emitting
<s> [webpack.Progress] 95% emitting HtmlWebpackPlugin
<s> [webpack.Progress] 95% emitting CopyPlugin
<s> [webpack.Progress] 98% after emitting
<s> [webpack.Progress] 98% after emitting CopyPlugin
<s> [webpack.Progress] 100% 

<s> [webpack.Progress] 0% compiling
<s> [webpack.Progress] 10% building 0/0 modules 0 active 
<s> [webpack.Progress] 10% building 0/0 modules 0 active 
<s> [webpack.Progress] 40% building 0/0 modules 0 active 
<s> [webpack.Progress] 70% building 0/0 modules 0 active 
<s> [webpack.Progress] 70% finish module graph
<s> [webpack.Progress] 70% finish module graph FlagDependencyExportsPlugin
<s> [webpack.Progress] 70% sealing
<s> [webpack.Progress] 70% sealing WarnCaseSensitiveModulesPlugin
<s> [webpack.Progress] 72% basic dependencies optimization
<s> [webpack.Progress] 72% dependencies optimization
<s> [webpack.Progress] 73% advanced dependencies optimization
<s> [webpack.Progress] 73% after dependencies optimization
<s> [webpack.Progress] 71% chunk graph
<s> [webpack.Progress] 71% after chunk graph
<s> [webpack.Progress] 71% after chunk graph WebAssemblyModulesPlugin
<s> [webpack.Progress] 74% optimizing
<s> [webpack.Progress] 74% basic module optimization
<s> [webpack.Progress] 75% module optimization
<s> [webpack.Progress] 75% advanced module optimization
<s> [webpack.Progress] 76% after module optimization
<s> [webpack.Progress] 76% basic chunk optimization
<s> [webpack.Progress] 76% basic chunk optimization EnsureChunkConditionsPlugin
<s> [webpack.Progress] 76% basic chunk optimization RemoveEmptyChunksPlugin
<s> [webpack.Progress] 76% basic chunk optimization MergeDuplicateChunksPlugin
<s> [webpack.Progress] 77% chunk optimization
<s> [webpack.Progress] 77% advanced chunk optimization
<s> [webpack.Progress] 77% advanced chunk optimization SplitChunksPlugin
<s> [webpack.Progress] 77% advanced chunk optimization RemoveEmptyChunksPlugin
<s> [webpack.Progress] 77% after chunk optimization
<s> [webpack.Progress] 78% module and chunk tree optimization
<s> [webpack.Progress] 78% after module and chunk tree optimization
<s> [webpack.Progress] 79% basic chunk modules optimization
<s> [webpack.Progress] 80% chunk modules optimization
<s> [webpack.Progress] 80% advanced chunk modules optimization
<s> [webpack.Progress] 81% after chunk modules optimization
<s> [webpack.Progress] 81% module reviving
<s> [webpack.Progress] 81% module reviving RecordIdsPlugin
<s> [webpack.Progress] 82% module order optimization
<s> [webpack.Progress] 82% advanced module order optimization
<s> [webpack.Progress] 83% before module ids
<s> [webpack.Progress] 83% before module ids NamedModulesPlugin
<s> [webpack.Progress] 83% module ids
<s> [webpack.Progress] 84% module id optimization
<s> [webpack.Progress] 84% module id optimization
<s> [webpack.Progress] 85% chunk reviving
<s> [webpack.Progress] 85% chunk reviving RecordIdsPlugin
<s> [webpack.Progress] 85% chunk order optimization
<s> [webpack.Progress] 85% chunk order optimization OccurrenceOrderChunkIdsPlugin
<s> [webpack.Progress] 86% before chunk ids
<s> [webpack.Progress] 86% before chunk ids NamedChunksPlugin
<s> [webpack.Progress] 86% chunk id optimization
<s> [webpack.Progress] 87% after chunk id optimization
<s> [webpack.Progress] 87% record modules
<s> [webpack.Progress] 87% record modules RecordIdsPlugin
<s> [webpack.Progress] 87% record chunks
<s> [webpack.Progress] 87% record chunks RecordIdsPlugin
<s> [webpack.Progress] 88% hashing
<s> [webpack.Progress] 88% after hashing
<s> [webpack.Progress] 88% after hashing HotModuleReplacementPlugin
<s> [webpack.Progress] 89% record hash
<s> [webpack.Progress] 89% module assets processing
<s> [webpack.Progress] 90% chunk assets processing
<s> [webpack.Progress] 90% additional chunk assets processing
<s> [webpack.Progress] 90% additional chunk assets processing HotModuleReplacementPlugin
<s> [webpack.Progress] 91% recording
<s> [webpack.Progress] 91% recording HotModuleReplacementPlugin
<s> [webpack.Progress] 92% additional asset processing
<s> [webpack.Progress] 92% chunk asset optimization
<s> [webpack.Progress] 93% after chunk asset optimization
<s> [webpack.Progress] 93% asset optimization
<s> [webpack.Progress] 94% after asset optimization
<s> [webpack.Progress] 94% after seal
<s> [webpack.Progress] 95% emitting
<s> [webpack.Progress] 95% emitting HtmlWebpackPlugin
<s> [webpack.Progress] 95% emitting CopyPlugin
<s> [webpack.Progress] 98% after emitting
<s> [webpack.Progress] 98% after emitting CopyPlugin
<s> [webpack.Progress] 100% 

